[
  {
    "platform": "Teams",
    "chat_id": "1638995332767",
    "chat_from": "orgid:9a3f4a4c-09ba-4ae3-8296-3a09315bd369",
    "channel": "LCW Podcast / General",
    "message": "Scheduled a meeting",
    "thread_id": null,
    "timestamp": "2021-12-08T20:28:52.767Z",
    "mentioned_users": null,
    "date_extracted": "2025-04-03T19:34:08.666355"
  },
  {
    "platform": "Teams",
    "chat_id": "1642610610425",
    "chat_from": "Jake Pieczynski",
    "channel": "LCW Podcast / General",
    "message": "Move forward with: What the Asian & Pacific Islander Community Wants You to Know - Will reach out to guests from last attempt, but will plan on posting this in May - Maybe this is two parts? - Part 1: What the Asian & Pacific Islander Community Wants You to Know - Part 2: Stop Asian Hate \u2013 What Can Your Workplace Be Doing? Demystifying and De-weaponizing Critical Race Theory - Need to research more to find guests Holistic Health - Prioritize this - seems like we have the most leads on this and we can move forward quickly Defining the George Floyd Moment/Movement - Possible mini-series exploring 3-5 of the biggest questions on this",
    "thread_id": null,
    "timestamp": "2022-01-19T16:43:30.425Z",
    "mentioned_users": null,
    "date_extracted": "2025-04-03T19:34:08.668092"
  },
  {
    "platform": "Teams",
    "chat_id": "1625680153633",
    "chat_from": "orgid:9a3f4a4c-09ba-4ae3-8296-3a09315bd369",
    "channel": "LCW Podcast / General",
    "message": "Scheduled a meeting",
    "thread_id": null,
    "timestamp": "2021-07-07T17:49:13.633Z",
    "mentioned_users": null,
    "date_extracted": "2025-04-03T19:34:08.668248"
  },
  {
    "platform": "Teams",
    "chat_id": "1624916829579",
    "chat_from": "orgid:9a3f4a4c-09ba-4ae3-8296-3a09315bd369",
    "channel": "LCW Podcast / General",
    "message": "Scheduled a meeting",
    "thread_id": null,
    "timestamp": "2021-06-28T21:47:09.579Z",
    "mentioned_users": null,
    "date_extracted": "2025-04-03T19:34:08.668392"
  },
  {
    "platform": "Teams",
    "chat_id": "1625679776779",
    "chat_from": "Briza Cardenas",
    "channel": "LCW Podcast / General",
    "message": "Hi Team, I uploaded the word document I was taking my notes on from today's meeting (they are VERY rough notes). You can find them in the Files section. We can collaboratively update the document in teams rather than keep it in Dropbox for now to avoid creating conflicted copies.",
    "thread_id": null,
    "timestamp": "2021-07-07T17:42:56.779Z",
    "mentioned_users": null,
    "date_extracted": "2025-04-03T19:34:08.668509"
  },
  {
    "platform": "Teams",
    "chat_id": "1666210106123",
    "chat_from": "Kelly Salek",
    "channel": "Design Team / General",
    "message": "I added a tab at the top of this channel. Check it out!",
    "thread_id": null,
    "timestamp": "2022-10-19T20:08:26.123Z",
    "mentioned_users": null,
    "date_extracted": "2025-04-03T19:34:14.501940"
  },
  {
    "platform": "Teams",
    "chat_id": "1666210067830",
    "chat_from": "Kelly Salek",
    "channel": "Design Team / General",
    "message": "I added a tab at the top of this channel. Check it out!",
    "thread_id": null,
    "timestamp": "2022-10-19T20:07:47.83Z",
    "mentioned_users": null,
    "date_extracted": "2025-04-03T19:34:14.502125"
  },
  {
    "platform": "Teams",
    "chat_id": "1666210015330",
    "chat_from": "Kelly Salek",
    "channel": "Design Team / General",
    "message": "I added a tab at the top of this channel. Check it out!",
    "thread_id": null,
    "timestamp": "2022-10-19T20:06:55.33Z",
    "mentioned_users": null,
    "date_extracted": "2025-04-03T19:34:14.502287"
  },
  {
    "platform": "Teams",
    "chat_id": "1666187879756",
    "chat_from": "Kelly Salek",
    "channel": "Design Team / General",
    "message": "I added a tab at the top of this channel. Check it out!",
    "thread_id": null,
    "timestamp": "2022-10-19T13:57:59.756Z",
    "mentioned_users": null,
    "date_extracted": "2025-04-03T19:34:14.502454"
  },
  {
    "platform": "Teams",
    "chat_id": "1655993691628",
    "chat_from": "Kelly Salek",
    "channel": "Design Team / General",
    "message": "Design Team For those that are interested, I took the time to document the process for creating a wrapper for clients. When consultants ask if this is possible, yes, it is...but notes that although the process of creating it is 'easy (now),' there is an additional cost to making this happen due to design code and timing to test the files. Working on the cost now... Creating a Wrapper in Wiki (https://teams.microsoft.com/l/entity/com.microsoft.teamspace.tab.wiki/tab::5e22ff02-44ca-4c88-8dc8-f5b97473df03?context=%7B%22subEntityId%22%3A%22%7B%5C%22pageId%5C%22%3A2%2C%5C%22sectionId%5C%22%3A3%2C%5C%22origin%5C%22%3A2%7D%22%2C%22channelId%22%3A%2219%3AcNGmPiQ9v8Ve_m6FX_nbWyI8GT6TAbe9n6rH6UW5G2o1%40thread.tacv2%22%7D&tenantId=3ca40a42-d72d-43c9-b92e-0740101d9dd3)",
    "thread_id": null,
    "timestamp": "2022-06-23T14:14:51.628Z",
    "mentioned_users": null,
    "date_extracted": "2025-04-03T19:34:14.502774"
  }
]