[
  {
    "platform": "Teams",
    "chat_id": "1576016261228",
    "chat_from": "Dustin Puehler",
    "channel": "Multimedia DD / 4. eLearning Preview Videos",
    "message": "Added a new tab at the top of this channel. Here's a link.",
    "thread_id": null,
    "timestamp": "2019-12-10T22:17:41.228Z",
    "mentioned_users": null,
    "date_extracted": "2025-04-03T19:33:05.638482"
  },
  {
    "platform": "Teams",
    "chat_id": "1575661762711",
    "chat_from": "Dustin Puehler",
    "channel": "Multimedia DD / 4. eLearning-Virtual Relationships",
    "message": "Added a new tab at the top of this channel. Here's a link.",
    "thread_id": null,
    "timestamp": "2019-12-06T19:49:22.711Z",
    "mentioned_users": null,
    "date_extracted": "2025-04-03T19:33:07.159845"
  },
  {
    "platform": "Teams",
    "chat_id": "1575649310153",
    "chat_from": "Randall Stieghorst",
    "channel": "Multimedia DD / 4. eLearning-Virtual Relationships",
    "message": "Added a new tab at the top of this channel. Here's a link.",
    "thread_id": null,
    "timestamp": "2019-12-06T16:21:50.153Z",
    "mentioned_users": null,
    "date_extracted": "2025-04-03T19:33:07.160066"
  },
  {
    "platform": "Teams",
    "chat_id": "1577818343111",
    "chat_from": "Randall Stieghorst",
    "channel": "Multimedia DD / 1. MB Videos Cover Update",
    "message": "Added a new tab at the top of this channel. Here's a link.",
    "thread_id": null,
    "timestamp": "2019-12-31T18:52:23.111Z",
    "mentioned_users": null,
    "date_extracted": "2025-04-03T19:33:10.841171"
  },
  {
    "platform": "Teams",
    "chat_id": "1576525232999",
    "chat_from": "Dustin Puehler",
    "channel": "Multimedia DD / 1. MB Videos Cover Update",
    "message": "Added a new tab at the top of this channel. Here's a link.",
    "thread_id": null,
    "timestamp": "2019-12-16T19:40:32.999Z",
    "mentioned_users": null,
    "date_extracted": "2025-04-03T19:33:10.841390"
  },
  {
    "platform": "Teams",
    "chat_id": "1575663572741",
    "chat_from": "Randall Stieghorst",
    "channel": "Multimedia DD / 2. Mini-Bias Videos",
    "message": "Added a new tab at the top of this channel. Here's a link.",
    "thread_id": null,
    "timestamp": "2019-12-06T20:19:32.741Z",
    "mentioned_users": null,
    "date_extracted": "2025-04-03T19:33:13.950927"
  },
  {
    "platform": "Teams",
    "chat_id": "1575660064223",
    "chat_from": "Dustin Puehler",
    "channel": "Multimedia DD / 2. Mini-Bias Videos",
    "message": "Added a new tab at the top of this channel. Here's a link.",
    "thread_id": null,
    "timestamp": "2019-12-06T19:21:04.223Z",
    "mentioned_users": null,
    "date_extracted": "2025-04-03T19:33:13.951147"
  },
  {
    "platform": "Teams",
    "chat_id": "1575660030471",
    "chat_from": "Dustin Puehler",
    "channel": "Multimedia DD / 2. Mini-Bias Videos",
    "message": "Added a new tab at the top of this channel. Here's a link.",
    "thread_id": null,
    "timestamp": "2019-12-06T19:20:30.471Z",
    "mentioned_users": null,
    "date_extracted": "2025-04-03T19:33:13.951329"
  },
  {
    "platform": "Teams",
    "chat_id": "1575650190425",
    "chat_from": "Randall Stieghorst",
    "channel": "Multimedia DD / 2. Mini-Bias Videos",
    "message": "Added a new tab at the top of this channel. Here's a link.",
    "thread_id": null,
    "timestamp": "2019-12-06T16:36:30.425Z",
    "mentioned_users": null,
    "date_extracted": "2025-04-03T19:33:13.951483"
  },
  {
    "platform": "Teams",
    "chat_id": "1575650172609",
    "chat_from": "Randall Stieghorst",
    "channel": "Multimedia DD / 2. Mini-Bias Videos",
    "message": "Added a new tab at the top of this channel. Here's a link.",
    "thread_id": null,
    "timestamp": "2019-12-06T16:36:12.609Z",
    "mentioned_users": null,
    "date_extracted": "2025-04-03T19:33:13.951640"
  },
  {
    "platform": "Teams",
    "chat_id": "1575650156169",
    "chat_from": "Randall Stieghorst",
    "channel": "Multimedia DD / 2. Mini-Bias Videos",
    "message": "Added a new tab at the top of this channel. Here's a link.",
    "thread_id": null,
    "timestamp": "2019-12-06T16:35:56.169Z",
    "mentioned_users": null,
    "date_extracted": "2025-04-03T19:33:13.951793"
  },
  {
    "platform": "Teams",
    "chat_id": "1582910954034",
    "chat_from": "Chuck Adams",
    "channel": "Multimedia DD / General",
    "message": "Randall Stieghorst Thank you.",
    "thread_id": null,
    "timestamp": "2020-02-28T17:29:14.034Z",
    "mentioned_users": null,
    "date_extracted": "2025-04-03T19:33:41.234263"
  },
  {
    "platform": "Teams",
    "chat_id": "1575649126209",
    "chat_from": "Randall Stieghorst",
    "channel": "Multimedia DD / General",
    "message": "Added a new tab at the top of this channel. Here's a link.",
    "thread_id": null,
    "timestamp": "2019-12-06T16:18:46.209Z",
    "mentioned_users": null,
    "date_extracted": "2025-04-03T19:33:41.234497"
  },
  {
    "platform": "Teams",
    "chat_id": "1575647416335",
    "chat_from": "Randall Stieghorst",
    "channel": "Multimedia DD / General",
    "message": "Added a new tab at the top of this channel. Here's a link.",
    "thread_id": null,
    "timestamp": "2019-12-06T15:50:16.335Z",
    "mentioned_users": null,
    "date_extracted": "2025-04-03T19:33:41.234671"
  },
  {
    "platform": "Teams",
    "chat_id": "1576524804796",
    "chat_from": "Dustin Puehler",
    "channel": "Multimedia DD / MicroLearning - MBI",
    "message": "Added a new tab at the top of this channel. Here's a link.",
    "thread_id": null,
    "timestamp": "2019-12-16T19:33:24.796Z",
    "mentioned_users": null,
    "date_extracted": "2025-04-03T19:33:42.636063"
  },
  {
    "platform": "Teams",
    "chat_id": "1587654657255",
    "chat_from": "Sarah Nodarse",
    "channel": "Product Development Team / Elearning Campaigns and Curated Email Series",
    "message": "Tanya Stanfield see the contact sheet here in \"Files\"",
    "thread_id": null,
    "timestamp": "2020-04-23T15:10:57.255Z",
    "mentioned_users": null,
    "date_extracted": "2025-04-03T19:33:47.395784"
  },
  {
    "platform": "Teams",
    "chat_id": "1586446166599",
    "chat_from": "Mallory Warner",
    "channel": "Product Development Team / Elearning Campaigns and Curated Email Series",
    "message": "FYI Tanya and I can execute this idea within the next 2 weeks you can take this off of your list for other consultants. We are running with this idea",
    "thread_id": null,
    "timestamp": "2020-04-09T15:29:26.599Z",
    "mentioned_users": null,
    "date_extracted": "2025-04-03T19:33:47.395929"
  },
  {
    "platform": "Teams",
    "chat_id": "1586444887315",
    "chat_from": "Mallory Warner",
    "channel": "Product Development Team / Elearning Campaigns and Curated Email Series",
    "message": "",
    "thread_id": null,
    "timestamp": "2020-04-09T15:08:07.315Z",
    "mentioned_users": null,
    "date_extracted": "2025-04-03T19:33:47.395935"
  },
  {
    "platform": "Teams",
    "chat_id": "1586791813450",
    "chat_from": "Jeffrey Cookson",
    "channel": "Product Development Team / General",
    "message": "https://web.microsoftstream.com/video/0fc681a2-5fba-4dd6-859d-b7d08e161bde (https://web.microsoftstream.com/video/0fc681a2-5fba-4dd6-859d-b7d08e161bde)",
    "thread_id": null,
    "timestamp": "2020-04-13T15:30:13.45Z",
    "mentioned_users": null,
    "date_extracted": "2025-04-03T19:33:53.416273"
  },
  {
    "platform": "Teams",
    "chat_id": "1586551639277",
    "chat_from": "Sarah Nodarse",
    "channel": "Product Development Team / General",
    "message": "ALL: The Innovation Template is here! Please see attached, and it's also in the FILES section. I will also email it to everyone.",
    "thread_id": null,
    "timestamp": "2020-04-10T20:47:19.277Z",
    "mentioned_users": null,
    "date_extracted": "2025-04-03T19:33:53.416409"
  },
  {
    "platform": "Teams",
    "chat_id": "1586535305643",
    "chat_from": "Mallory Warner",
    "channel": "Product Development Team / General",
    "message": "Great episode and overall series that might help frame our mindsets when approaching the unknown future: https://monocle.com/radio/shows/the-entrepreneurs/443/ (https://monocle.com/radio/shows/the-entrepreneurs/443/)",
    "thread_id": null,
    "timestamp": "2020-04-10T16:15:05.643Z",
    "mentioned_users": null,
    "date_extracted": "2025-04-03T19:33:53.416653"
  },
  {
    "platform": "Teams",
    "chat_id": "1586443513061",
    "chat_from": "Mallory Warner",
    "channel": "Product Development Team / General",
    "message": "Build your thought leaderships: LinkedIn posts/blogs - write something up, have a teammate proofread and post - quick and easy",
    "thread_id": null,
    "timestamp": "2020-04-09T14:45:13.061Z",
    "mentioned_users": null,
    "date_extracted": "2025-04-03T19:33:53.416774"
  },
  {
    "platform": "Teams",
    "chat_id": "1586470740154",
    "chat_from": "Sarah Nodarse",
    "channel": "Product Development Team / General",
    "message": "ALL - we are working on a template you can use to write up your ideas! You should have it by Friday-Monday latest. In the meantime, you can start thinking about audience, objectives, etc. Let me know if you have any questions!",
    "thread_id": null,
    "timestamp": "2020-04-09T22:19:00.154Z",
    "mentioned_users": null,
    "date_extracted": "2025-04-03T19:33:53.416898"
  },
  {
    "platform": "Teams",
    "chat_id": "1586443787966",
    "chat_from": "Sarah Nodarse",
    "channel": "Product Development Team / General",
    "message": "We can put the product development template here",
    "thread_id": null,
    "timestamp": "2020-04-09T14:49:47.966Z",
    "mentioned_users": null,
    "date_extracted": "2025-04-03T19:33:53.417009"
  },
  {
    "platform": "Teams",
    "chat_id": "1586440616394",
    "chat_from": "Monica Marcel",
    "channel": "Product Development Team / General",
    "message": "Here is the Innovation Lab deck presented on April 9th to all staff -- with ideas for new marketing through assets and new product development.",
    "thread_id": null,
    "timestamp": "2020-04-09T13:56:56.394Z",
    "mentioned_users": null,
    "date_extracted": "2025-04-03T19:33:53.417160"
  },
  {
    "platform": "Teams",
    "chat_id": "1646768675088",
    "chat_from": "Melissa Neu",
    "channel": "Product Development Team / Sustainable Culture of Inclusion",
    "message": "Sarah Nodarse Here is a preliminary list of journals:",
    "thread_id": null,
    "timestamp": "2022-03-08T19:44:35.088Z",
    "mentioned_users": null,
    "date_extracted": "2025-04-03T19:33:56.094398"
  },
  {
    "platform": "Teams",
    "chat_id": "1587487940785",
    "chat_from": "Sarah Nodarse",
    "channel": "Product Development Team / Sustainable Culture of Inclusion",
    "message": "The conversation about Kickoff Meeting: April 21, 2020 in Meeting and Project Notes has begun.",
    "thread_id": null,
    "timestamp": "2020-04-21T16:52:20.785Z",
    "mentioned_users": null,
    "date_extracted": "2025-04-03T19:33:56.094588"
  },
  {
    "platform": "Teams",
    "chat_id": "1587149770172",
    "chat_from": "Sarah Nodarse",
    "channel": "Product Development Team / Sustainable Culture of Inclusion",
    "message": "Chuck Adams I put our proposal here under Files",
    "thread_id": null,
    "timestamp": "2020-04-17T18:56:10.172Z",
    "mentioned_users": null,
    "date_extracted": "2025-04-03T19:33:56.094797"
  },
  {
    "platform": "Teams",
    "chat_id": "1587149784750",
    "chat_from": "Sarah Nodarse",
    "channel": "Product Development Team / Coaching Products",
    "message": "Rebecca / BCG:",
    "thread_id": null,
    "timestamp": "2020-04-17T18:56:24.75Z",
    "mentioned_users": null,
    "date_extracted": "2025-04-03T19:33:58.183871"
  },
  {
    "platform": "Teams",
    "chat_id": "1586365438818",
    "chat_from": "Sarah Nodarse",
    "channel": "Product Development Team / Coaching Products",
    "message": "Here is what Shona sent to US Bank:",
    "thread_id": null,
    "timestamp": "2020-04-08T17:03:58.818Z",
    "mentioned_users": null,
    "date_extracted": "2025-04-03T19:33:58.184034"
  },
  {
    "platform": "Teams",
    "chat_id": "1666210106123",
    "chat_from": "Kelly Salek",
    "channel": "Design Team / General",
    "message": "I added a tab at the top of this channel. Check it out!",
    "thread_id": null,
    "timestamp": "2022-10-19T20:08:26.123Z",
    "mentioned_users": null,
    "date_extracted": "2025-04-03T19:34:01.997145"
  },
  {
    "platform": "Teams",
    "chat_id": "1666210067830",
    "chat_from": "Kelly Salek",
    "channel": "Design Team / General",
    "message": "I added a tab at the top of this channel. Check it out!",
    "thread_id": null,
    "timestamp": "2022-10-19T20:07:47.83Z",
    "mentioned_users": null,
    "date_extracted": "2025-04-03T19:34:01.997330"
  },
  {
    "platform": "Teams",
    "chat_id": "1666210015330",
    "chat_from": "Kelly Salek",
    "channel": "Design Team / General",
    "message": "I added a tab at the top of this channel. Check it out!",
    "thread_id": null,
    "timestamp": "2022-10-19T20:06:55.33Z",
    "mentioned_users": null,
    "date_extracted": "2025-04-03T19:34:01.997494"
  },
  {
    "platform": "Teams",
    "chat_id": "1666187879756",
    "chat_from": "Kelly Salek",
    "channel": "Design Team / General",
    "message": "I added a tab at the top of this channel. Check it out!",
    "thread_id": null,
    "timestamp": "2022-10-19T13:57:59.756Z",
    "mentioned_users": null,
    "date_extracted": "2025-04-03T19:34:01.997656"
  },
  {
    "platform": "Teams",
    "chat_id": "1655993691628",
    "chat_from": "Kelly Salek",
    "channel": "Design Team / General",
    "message": "Design Team For those that are interested, I took the time to document the process for creating a wrapper for clients. When consultants ask if this is possible, yes, it is...but notes that although the process of creating it is 'easy (now),' there is an additional cost to making this happen due to design code and timing to test the files. Working on the cost now... Creating a Wrapper in Wiki (https://teams.microsoft.com/l/entity/com.microsoft.teamspace.tab.wiki/tab::5e22ff02-44ca-4c88-8dc8-f5b97473df03?context=%7B%22subEntityId%22%3A%22%7B%5C%22pageId%5C%22%3A2%2C%5C%22sectionId%5C%22%3A3%2C%5C%22origin%5C%22%3A2%7D%22%2C%22channelId%22%3A%2219%3AcNGmPiQ9v8Ve_m6FX_nbWyI8GT6TAbe9n6rH6UW5G2o1%40thread.tacv2%22%7D&tenantId=3ca40a42-d72d-43c9-b92e-0740101d9dd3)",
    "thread_id": null,
    "timestamp": "2022-06-23T14:14:51.628Z",
    "mentioned_users": null,
    "date_extracted": "2025-04-03T19:34:01.997985"
  }
]