[
  {
    "platform": "Teams",
    "chat_id": "1656606764029",
    "chat_from": "Grace Vottero",
    "channel": "Innovation and Products / General",
    "message": "I added a tab at the top of this chat. Check it out!",
    "thread_id": null,
    "timestamp": "2022-06-30T16:32:44.029Z",
    "mentioned_users": null,
    "date_extracted": "2025-04-03T19:34:11.600507"
  },
  {
    "platform": "Teams",
    "chat_id": "1654187663433",
    "chat_from": "Grace Vottero",
    "channel": "Innovation and Products / General",
    "message": "Kelly Salek Melissa Neu the updated draft of our deck is here!!",
    "thread_id": null,
    "timestamp": "2022-06-02T16:34:23.433Z",
    "mentioned_users": null,
    "date_extracted": "2025-04-03T19:34:11.600784"
  },
  {
    "platform": "Teams",
    "chat_id": "1645543612382",
    "chat_from": "orgid:90f29ec9-f522-454d-a0ed-907dacc33540",
    "channel": "CRF (Content Research & Facilitation) Team / Team Meetings",
    "message": "Where CRF Team discusses ongoing projects, priorities, strategy.",
    "thread_id": null,
    "timestamp": "2022-02-22T15:26:52.382Z",
    "mentioned_users": null,
    "date_extracted": "2025-04-03T19:34:16.402948"
  },
  {
    "platform": "Teams",
    "chat_id": "1644961140902",
    "chat_from": "Rebecca Parrilla",
    "channel": "CRF (Content Research & Facilitation) Team / General",
    "message": "Added a new tab at the top of this channel. Here's a link.",
    "thread_id": null,
    "timestamp": "2022-02-15T21:39:00.902Z",
    "mentioned_users": null,
    "date_extracted": "2025-04-03T19:34:18.013686"
  },
  {
    "platform": "Teams",
    "chat_id": "1666210106123",
    "chat_from": "Kelly Salek",
    "channel": "Design Team / General",
    "message": "I added a tab at the top of this channel. Check it out!",
    "thread_id": null,
    "timestamp": "2022-10-19T20:08:26.123Z",
    "mentioned_users": null,
    "date_extracted": "2025-04-03T19:34:21.432955"
  },
  {
    "platform": "Teams",
    "chat_id": "1666210067830",
    "chat_from": "Kelly Salek",
    "channel": "Design Team / General",
    "message": "I added a tab at the top of this channel. Check it out!",
    "thread_id": null,
    "timestamp": "2022-10-19T20:07:47.83Z",
    "mentioned_users": null,
    "date_extracted": "2025-04-03T19:34:21.433145"
  },
  {
    "platform": "Teams",
    "chat_id": "1666210015330",
    "chat_from": "Kelly Salek",
    "channel": "Design Team / General",
    "message": "I added a tab at the top of this channel. Check it out!",
    "thread_id": null,
    "timestamp": "2022-10-19T20:06:55.33Z",
    "mentioned_users": null,
    "date_extracted": "2025-04-03T19:34:21.433315"
  },
  {
    "platform": "Teams",
    "chat_id": "1666187879756",
    "chat_from": "Kelly Salek",
    "channel": "Design Team / General",
    "message": "I added a tab at the top of this channel. Check it out!",
    "thread_id": null,
    "timestamp": "2022-10-19T13:57:59.756Z",
    "mentioned_users": null,
    "date_extracted": "2025-04-03T19:34:21.433481"
  },
  {
    "platform": "Teams",
    "chat_id": "1655993691628",
    "chat_from": "Kelly Salek",
    "channel": "Design Team / General",
    "message": "Design Team For those that are interested, I took the time to document the process for creating a wrapper for clients. When consultants ask if this is possible, yes, it is...but notes that although the process of creating it is 'easy (now),' there is an additional cost to making this happen due to design code and timing to test the files. Working on the cost now... Creating a Wrapper in Wiki (https://teams.microsoft.com/l/entity/com.microsoft.teamspace.tab.wiki/tab::5e22ff02-44ca-4c88-8dc8-f5b97473df03?context=%7B%22subEntityId%22%3A%22%7B%5C%22pageId%5C%22%3A2%2C%5C%22sectionId%5C%22%3A3%2C%5C%22origin%5C%22%3A2%7D%22%2C%22channelId%22%3A%2219%3AcNGmPiQ9v8Ve_m6FX_nbWyI8GT6TAbe9n6rH6UW5G2o1%40thread.tacv2%22%7D&tenantId=3ca40a42-d72d-43c9-b92e-0740101d9dd3)",
    "thread_id": null,
    "timestamp": "2022-06-23T14:14:51.628Z",
    "mentioned_users": null,
    "date_extracted": "2025-04-03T19:34:21.433814"
  }
]