[
  {
    "email_id": "AAMkADhkMDllM2JlLTVjMWYtNGZiYi04MTZjLTNlZmU5NmJjNGFiNwBGAAAAAAAfr_YmsVRLQb1Pz_4QpxslBwCqE7VVYJVVSKsT-Lq5G-TVAAAAAAEMAACqE7VVYJVVSKsT-Lq5G-TVAACGnnoYAAA=",
    "conversation_id": "AAQkADhkMDllM2JlLTVjMWYtNGZiYi04MTZjLTNlZmU5NmJjNGFiNwAQAFxZF9UpwkuGgwhh5LtjfPI=",
    "from": "evan.tarshish@bsci.com",
    "to": "r.parrilla@lcwmail.com, j.mansour@lcwmail.com, priscila.delgadocarranza@bsci.com, shani.bird@bsci.com",
    "reply_to": "evan.tarshish@bsci.com",
    "in_reply_to": "N/A",
    "subject": "Availability Check for UYCL Sessions for Cananda",
    "body": "Hi Rebecca and Juri,\n\u00a0\nWe are getting closer to confirming dates for Cananda\u2019s two Understanding Your Cultural Lens sessions. Can you check if these dates and times would work on your end? The Canada team would then select 1 date from round 1 and one date from round 2.\n\u00a0\nRound 1 options:\nTuesday, May 6, 2025 \u2013 10 am \u2013 12 pm ET\nTuesday, May 13, 2025 \u2013 2 pm \u2013 4 pm ET\n \n\u00a0\nRound 2 options:\nTuesday, May 20, 2025 \u2013 2 pm \u2013 4 pm ET\nTuesday, May 27, 2025\n \n\u2013 10 am \u2013 12 pm ET\n\u00a0\nBest,\nEvan\n\u00a0\n\u00a0\nEvan Tarshish\nDE&I Talent Management Principal Specialist\nEnterprise Talent Management \u00a0\nwww.bostonscientific.com",
    "received_at": "2025-02-19T15:50:03+00:00",
    "sent_at": "2025-02-19T15:49:43+00:00",
    "date_extracted": "2025-04-04T22:26:50.060178"
  },
  {
    "email_id": "AAMkADhkMDllM2JlLTVjMWYtNGZiYi04MTZjLTNlZmU5NmJjNGFiNwBGAAAAAAAfr_YmsVRLQb1Pz_4QpxslBwCqE7VVYJVVSKsT-Lq5G-TVAAAAAAEMAACqE7VVYJVVSKsT-Lq5G-TVAACGnnoVAAA=",
    "conversation_id": "AAQkADhkMDllM2JlLTVjMWYtNGZiYi04MTZjLTNlZmU5NmJjNGFiNwAQAJqpjBad3EtDuD_tWxnVSAc=",
    "from": "n.barile@lcwmail.com",
    "to": "j.mansour@lcwmail.com",
    "reply_to": "n.barile@lcwmail.com",
    "in_reply_to": "N/A",
    "subject": "Re: Today",
    "body": "Thanks for letting us know!\nNicole Barile\n\u00a0\n(She/Her)\nChief Operating Officer\nLCW\nWebsite\n\u00a0\n|\n\u00a0\nTwitter\n\u00a0\n|\n\u00a0\nFacebook\n\u00a0\n|\n\u00a0\nLinkedIn\nView our upcoming events\n\u00a0| \nSign-up for our newsletter\nFrom:\n Juri Mansour <j.mansour@lcwmail.com>\nSent:\n Wednesday, February 19, 2025 5:34 AM\nTo:\n Chuck Adams <c.adams@lcwmail.com>; Nicole Barile <n.barile@lcwmail.com>; Rebecca Parrilla <r.parrilla@lcwmail.com>; Andrea Wicks Bowles <a.wicksbowles@lcwmail.com>\nSubject:\n Today\n \n\u00a0\nHi team,\nI have a sudden urgent personal matter I need to take care of asap and will not be available today.\nThank you.\u00a0\nGet \nOutlook for iOS",
    "received_at": "2025-02-19T13:43:08+00:00",
    "sent_at": "2025-02-19T13:43:05+00:00",
    "date_extracted": "2025-04-04T22:26:56.372509"
  }
]