[
  {
    "email_id": "AAMkAGE2YmRhMmMzLTYwYTItNGU2YS05MTIxLTk3ZjlkZjNkOGY2NgBGAAAAAAA0lAB-a1zCToy43qfFCfPiBwBlX553l_sdSKjfW-HBVqpGAAAAAAEMAABlX553l_sdSKjfW-HBVqpGAAEgv1zcAAA=",
    "conversation_id": "AAQkAGE2YmRhMmMzLTYwYTItNGU2YS05MTIxLTk3ZjlkZjNkOGY2NgAQAJsDtRSf00IEqwXeM9c8sSU=",
    "from": "a.schondelmayer@lcwmail.com",
    "to": "r.stieghorst@lcwmail.com, j.guardado@lcwmail.com",
    "reply_to": "a.schondelmayer@lcwmail.com",
    "in_reply_to": "N/A",
    "subject": "RE: Legal Aid",
    "body": "Ok. \n\u00a0\nThanks!\nAlsu\n\u00a0\nFrom:\n Randall Stieghorst <r.stieghorst@lcwmail.com> \nSent:\n Thursday, December 16, 2021 11:47 AM\nTo:\n Jose Guardado <j.guardado@lcwmail.com>\nCc:\n Alsu Schondelmayer <a.schondelmayer@lcwmail.com>\nSubject:\n RE: Legal Aid\n\u00a0\nI see, Jose, thank you. Going forward, if the delivery date and billable date are not correct (as in this case, when you were waiting to clarify them), please do not include them\u2026and definitely don\u2019t leave the status as \u201cOK\u201d, as this ends up being factored into current projections.\n\u00a0\nAlsu, please keep your eye out for these types of irregularities in dates, so that we can be sure not to include them in the wrong projections.\n\u00a0\nThanks,\nR\n\u00a0\n\u00a0\nFrom:\n Jose Guardado <\nj.guardado@lcwmail.com\n> \nSent:\n Thursday, December 16, 2021 11:12 AM\nTo:\n Randall Stieghorst <\nr.stieghorst@lcwmail.com\n>\nCc:\n Alsu Schondelmayer <\na.schondelmayer@lcwmail.com\n>\nSubject:\n RE: Legal Aid\n\u00a0\nHi Randy,\n\u00a0\nThanks for checking. That was an entry we were waiting for delivery date. Here is the screen capture of what entries for Legal Aid Society should reflect currently.\n\u00a0\n\u00a0\n\u00a0\nHope this helps.\n\u00a0\nThanks,\nJos\u00e9\n\u00a0\nJos\u00e9 Guardado\nPrincipal Consultant\nLCW \nDirect: +1. 503.926.0917\n\u00a0\n\u00a0\u00a0\u00a0\nwww\n\u00a0\n|\n\u00a0\nTwitter\n \n|\n\u00a0\nFacebook\n\u00a0\n|\n\u00a0\nLinkedIn\n\u00a0\n\u00a0\nFrom:\n Randall Stieghorst <\nr.stieghorst@lcwmail.com\n> \nSent:\n Thursday, December 16, 2021 7:48 AM\nTo:\n Jose Guardado <\nj.guardado@lcwmail.com\n>\nCc:\n Alsu Schondelmayer <\na.schondelmayer@lcwmail.com\n>\nSubject:\n Legal Aid\n\u00a0\nHey Jose,\nFor the Legal Aid society, is this SOW Tracking entry correct?:\n\u00a0\nDelivered on Oct 30\nth\n\u2026but we\u2019re not going to invoice them until Dec 30\nth\n?\nThx,\nR\n\u00a0\n\u00a0\n------------------------------------------------------\nRandall Stieghorst\nPartner\nLCW \n100 S Saunders Rd, Suite 150\nLake Forest, IL 60045\n\u00a0 \n\u00a0\n \n\u00a0\n\u00a0\u00a0\u00a0\nwww\n\u00a0\n|\n\u00a0\nTwitter\n \n|\n\u00a0\nFacebook\n\u00a0\n|\n\u00a0\nLinkedIn",
    "received_at": "2021-12-16T17:50:21+00:00",
    "sent_at": "2021-12-16T17:50:18+00:00",
    "date_extracted": "2025-04-04T22:26:46.128741"
  },
  {
    "email_id": "AAMkAGE2YmRhMmMzLTYwYTItNGU2YS05MTIxLTk3ZjlkZjNkOGY2NgBGAAAAAAA0lAB-a1zCToy43qfFCfPiBwBlX553l_sdSKjfW-HBVqpGAAAAAAEMAABlX553l_sdSKjfW-HBVqpGAAEgv1zUAAA=",
    "conversation_id": "AAQkAGE2YmRhMmMzLTYwYTItNGU2YS05MTIxLTk3ZjlkZjNkOGY2NgAQANqV65a94kY1kAGaQHxI9Bw=",
    "from": "idi@lcwmail.com",
    "to": "j.guardado@lcwmail.com",
    "reply_to": "idi@lcwmail.com",
    "in_reply_to": "N/A",
    "subject": "FW: Scheduling your IDI Debrief",
    "body": "Hey Jos\u00e9,\n\u00a0\nQuick turnaround from Lauren from SBD.\n\u00a0\nCan you do Monday anytime? Your calendar looks open so, just wanna check!\n\u00a0\nCW\n\u00a0\nFrom:\n Boedeker, Lauren <Lauren.Boedeker@sbdinc.com> \nSent:\n Thursday, December 16, 2021 9:17 AM\nTo:\n IDI Coaching @ LCW <idi@lcwmail.com>\nSubject:\n RE: Scheduling your IDI Debrief\n\u00a0\nHi Conner,\n\u00a0\nI am on Central Time and I have availability Monday 12/20 all day. I also have availability Tuesday 12/21 \u2013 Thursday 12/23 after 11am both days. \n\u00a0\nI will be out the following week so I\u2019m open to scheduling something after the New Year as well! \n\u00a0\nThanks!\nLauren \n\u00a0\nFrom:\n IDI Coaching @ LCW <\nidi@lcwmail.com\n> \nSent:\n Thursday, December 16, 2021 9:07 AM\nTo:\n Boedeker, Lauren <\nLauren.Boedeker@sbdinc.com\n>\nSubject:\n Scheduling your IDI Debrief\n\u00a0\n***CAUTION: EXTERNAL MESSAGE***\n\u00a0\nHello Lauren,\n\u00a0\nI hope you are well.\n\u00a0\nThank you for completing the IDI Assessment. The next step is to schedule your 1:1 Debrief session with an LCW Facilitator. Could you please send over some 1- hour timeslots in the next week or so that you are available for this debrief session? Please, include your time zone.\n\u00a0\nOnce I have received your times, I will coordinate with the facilitators and send you an invitation for the time that works best.\n\u00a0\nPlease, let me know if you have any questions or concerns.\n\u00a0\nThank you,\n\u00a0\nConner Williams\nAssociate Consultant\nLCW \n100 S Saunders Rd, Suite 150\nLake Forest, IL 60045 USA\nGender pronouns:\u00a0He/Him/His \u00a0 \n\u00a0\n\u00a0\u00a0\u00a0\nwww\n\u00a0\n|\n\u00a0\nTwitter\n \n|\n\u00a0\nFacebook\n\u00a0\n|\n\u00a0\nLinkedIn",
    "received_at": "2021-12-16T15:21:43+00:00",
    "sent_at": "2021-12-16T15:21:40+00:00",
    "date_extracted": "2025-04-04T22:26:46.117981"
  },
  {
    "email_id": "AAMkAGE2YmRhMmMzLTYwYTItNGU2YS05MTIxLTk3ZjlkZjNkOGY2NgBGAAAAAAA0lAB-a1zCToy43qfFCfPiBwBlX553l_sdSKjfW-HBVqpGAAAAAAEMAABlX553l_sdSKjfW-HBVqpGAAEgv1y9AAA=",
    "conversation_id": "AAQkAGE2YmRhMmMzLTYwYTItNGU2YS05MTIxLTk3ZjlkZjNkOGY2NgAQAL29Q8VY4UoBmob2R-8FzMY=",
    "from": "a.schondelmayer@lcwmail.com",
    "to": "j.guardado@lcwmail.com",
    "reply_to": "a.schondelmayer@lcwmail.com",
    "in_reply_to": "N/A",
    "subject": "RE: Invoice Query  -- Emerson 2021-089 Invoice 17106",
    "body": "Hi Jose, \n\u00a0\nJust following up if you heard from the client. Invoice is still not paid. \n\u00a0\nThanks!\nAlsu\n\u00a0\nFrom:\n Jose Guardado <j.guardado@lcwmail.com> \nSent:\n Wednesday, November 17, 2021 11:25 AM\nTo:\n Alsu Schondelmayer <a.schondelmayer@lcwmail.com>\nSubject:\n RE: Invoice Query -- Emerson 2021-089 Invoice 17106\n\u00a0\nHi Alsu,\n\u00a0\nThanks for confirming. I will reach out to client.\n\u00a0\n\u00a0\n\u00a0\nJos\u00e9 Guardado\nPrincipal Consultant\nLCW \nDirect: +1. 503.926.0917\n\u00a0\n\u00a0\u00a0\u00a0\nwww\n\u00a0\n|\n\u00a0\nTwitter\n \n|\n\u00a0\nFacebook\n\u00a0\n|\n\u00a0\nLinkedIn\n\u00a0\n\u00a0\nFrom:\n Alsu Schondelmayer <\na.schondelmayer@lcwmail.com\n> \nSent:\n Wednesday, November 17, 2021 9:19 AM\nTo:\n Jose Guardado <\nj.guardado@lcwmail.com\n>\nSubject:\n RE: Invoice Query -- Emerson 2021-089 Invoice 17106\n\u00a0\nHi Jose, \n\u00a0\nNo, not yet. \n\u00a0\nThanks!\nAlsu\n\u00a0\nFrom:\n Jose Guardado <\nj.guardado@lcwmail.com\n> \nSent:\n Wednesday, November 17, 2021 9:44 AM\nTo:\n Alsu Schondelmayer <\na.schondelmayer@lcwmail.com\n>\nSubject:\n Invoice Query -- Emerson 2021-089 Invoice 17106\n\u00a0\nHi Alsu,\n\u00a0\nI am confirming that this invoice has not been paid yet \u2013 correct?\n\u00a0\nClient will be following up on their end and getting payment sent. I just wanted to be sure it has not been paid.\n\u00a0\nThanks,\n\u00a0\nJos\u00e9 Guardado\nPrincipal Consultant\nLCW \nDirect: +1. 503.926.0917\n\u00a0\n\u00a0\u00a0\u00a0\nwww\n\u00a0\n|\n\u00a0\nTwitter\n \n|\n\u00a0\nFacebook\n\u00a0\n|\n\u00a0\nLinkedIn",
    "received_at": "2021-12-15T17:37:27+00:00",
    "sent_at": "2021-12-15T17:37:24+00:00",
    "date_extracted": "2025-04-04T22:26:48.665865"
  },
  {
    "email_id": "AAMkAGE2YmRhMmMzLTYwYTItNGU2YS05MTIxLTk3ZjlkZjNkOGY2NgBGAAAAAAA0lAB-a1zCToy43qfFCfPiBwBlX553l_sdSKjfW-HBVqpGAAAAAAEMAABlX553l_sdSKjfW-HBVqpGAAEgv1y3AAA=",
    "conversation_id": "AAQkAGE2YmRhMmMzLTYwYTItNGU2YS05MTIxLTk3ZjlkZjNkOGY2NgAQAHs-kscCpFRJtf3yeeUKZSs=",
    "from": "a.schondelmayer@lcwmail.com",
    "to": "brian.schroeder@ncgglobal.com, j.guardado@lcwmail.com",
    "reply_to": "a.schondelmayer@lcwmail.com",
    "in_reply_to": "N/A",
    "subject": "RE: Invoice:  Emerson 2021-24 / IDI Debriefs",
    "body": "Thank you Brian. \n\u00a0\nJose \u00a0\u2013 please approve, and I\u2019ll process invoice for payment. \n\u00a0\n\u00a0\nThanks!\nAlsu\n\u00a0\nFrom:\n Brian Schroeder <brian.schroeder@ncgglobal.com> \nSent:\n Wednesday, December 15, 2021 9:27 AM\nTo:\n Jose Guardado <j.guardado@lcwmail.com>; Alsu Schondelmayer <a.schondelmayer@lcwmail.com>\nSubject:\n Invoice: Emerson 2021-24 / IDI Debriefs\n\u00a0\nHi Jose and Alsu\n \n\u00a0\nThank you for being able to serve Emerson again on their inclusion work this year.\u00a0 I enjoyed working with them.\n\u00a0\nSince we've completed all deliveries for the year, I've attached an invoice for the sessions delivered.\n\u00a0\nIf you have any questions, please get in touch.\n\u00a0\nBest regards\n\u00a0\nBrian",
    "received_at": "2021-12-15T16:03:24+00:00",
    "sent_at": "2021-12-15T16:03:23+00:00",
    "date_extracted": "2025-04-04T22:26:46.368542"
  },
  {
    "email_id": "AAMkAGE2YmRhMmMzLTYwYTItNGU2YS05MTIxLTk3ZjlkZjNkOGY2NgBGAAAAAAA0lAB-a1zCToy43qfFCfPiBwBlX553l_sdSKjfW-HBVqpGAAAAAAEMAABlX553l_sdSKjfW-HBVqpGAAEgv1y2AAA=",
    "conversation_id": "AAQkAGE2YmRhMmMzLTYwYTItNGU2YS05MTIxLTk3ZjlkZjNkOGY2NgAQAKVBlsDRlEQct0lrPPFfY48=",
    "from": "s.nodarse@lcwmail.com",
    "to": "j.guardado@lcwmail.com",
    "reply_to": "s.nodarse@lcwmail.com",
    "in_reply_to": "N/A",
    "subject": "RE: Quick Inquiry - French language facilitation",
    "body": "I might be able to do it\u2026if the material is translated, I am perfectly capable of delivering it in French.\n\u00a0\nAs for the other resources in French, you\u2019d have to consult the master list!\n\u00a0\nFrom:\n Jose Guardado <j.guardado@lcwmail.com> \nSent:\n Wednesday, December 15, 2021 9:51 AM\nTo:\n Sarah Nodarse <s.nodarse@lcwmail.com>\nSubject:\n Quick Inquiry - French language facilitation\n\u00a0\nHi Sarah,\n\u00a0\nHappy Wednesday!\n\u00a0\nCurious if you are a resource that could deliver \u201cWorking with France\u201d content in French? If not you, can you direct me to some possible resources? Simply assessing our capability with content that would be translated and delivered in that language.\n\u00a0\nThanks,\n\u00a0\nJos\u00e9 Guardado\nPrincipal Consultant\nLCW \nDirect: +1. 503.926.0917\n\u00a0\n\u00a0\u00a0\u00a0\nwww\n\u00a0\n|\n\u00a0\nTwitter\n \n|\n\u00a0\nFacebook\n\u00a0\n|\n\u00a0\nLinkedIn",
    "received_at": "2021-12-15T15:55:18+00:00",
    "sent_at": "2021-12-15T15:55:09+00:00",
    "date_extracted": "2025-04-04T22:26:46.362814"
  },
  {
    "email_id": "AAMkAGE2YmRhMmMzLTYwYTItNGU2YS05MTIxLTk3ZjlkZjNkOGY2NgBGAAAAAAA0lAB-a1zCToy43qfFCfPiBwBlX553l_sdSKjfW-HBVqpGAAAAAAEMAABlX553l_sdSKjfW-HBVqpGAAEgv1y1AAA=",
    "conversation_id": "AAQkAGE2YmRhMmMzLTYwYTItNGU2YS05MTIxLTk3ZjlkZjNkOGY2NgAQAHzGBvaZ7UDylHi_7kE8Ftw=",
    "from": "c.williams@lcwmail.com",
    "to": "j.guardado@lcwmail.com",
    "reply_to": "c.williams@lcwmail.com",
    "in_reply_to": "N/A",
    "subject": "RE: IDI",
    "body": "Of course!\n\u00a0\nLet me know if there is anything I can do!\nCW\n\u00a0\nFrom:\n Jose Guardado <j.guardado@lcwmail.com> \nSent:\n Wednesday, December 15, 2021 9:49 AM\nTo:\n Conner Williams <c.williams@lcwmail.com>\nSubject:\n RE: IDI\n\u00a0\nPerfect. Thanks Conner \n\ud83d\ude0a\n\u00a0\nJos\u00e9 Guardado\nPrincipal Consultant\nLCW \nDirect: +1. 503.926.0917\n\u00a0\n\u00a0\u00a0\u00a0\nwww\n\u00a0\n|\n\u00a0\nTwitter\n \n|\n\u00a0\nFacebook\n\u00a0\n|\n\u00a0\nLinkedIn\n\u00a0\n\u00a0\nFrom:\n Conner Williams <\nc.williams@lcwmail.com\n> \nSent:\n Wednesday, December 15, 2021 7:39 AM\nTo:\n Jose Guardado <\nj.guardado@lcwmail.com\n>\nSubject:\n RE: IDI\n\u00a0\nTimeframe is open to complete; timeframe to reach out to me to schedule is \u201cafter you complete the assessment\u201d so it is basically totally open.\n\u00a0\nCW\n\u00a0\nFrom:\n Jose Guardado <\nj.guardado@lcwmail.com\n> \nSent:\n Wednesday, December 15, 2021 9:14 AM\nTo:\n Conner Williams <\nc.williams@lcwmail.com\n>\nSubject:\n RE: IDI\n\u00a0\nHi Conner,\n\u00a0\nAwesome! Thank you.\n\u00a0\nWhat timeframe did you recommend to them for completion and reaching out for 1:1?\n\u00a0\nThanks,\n\u00a0\nJos\u00e9 Guardado\nPrincipal Consultant\nLCW \nDirect: +1. 503.926.0917\n\u00a0\n\u00a0\u00a0\u00a0\nwww\n\u00a0\n|\n\u00a0\nTwitter\n \n|\n\u00a0\nFacebook\n\u00a0\n|\n\u00a0\nLinkedIn\n\u00a0\n\u00a0\nFrom:\n Conner Williams <\nc.williams@lcwmail.com\n> \nSent:\n Wednesday, December 15, 2021 7:12 AM\nTo:\n Jose Guardado <\nj.guardado@lcwmail.com\n>\nSubject:\n RE: IDI\n\u00a0\nHey Jos\u00e9,\n\u00a0\nYes, they were launched on Friday, and Laura and Lauren have completed but have not reached out to schedule their 1:1s.\n\u00a0\nPlease, let me know what all needs to be done here; happy to assist.\n\u00a0\nCW\n\u00a0\nFrom:\n Jose Guardado <\nj.guardado@lcwmail.com\n> \nSent:\n Wednesday, December 15, 2021 9:09 AM\nTo:\n Conner Williams <\nc.williams@lcwmail.com\n>\nSubject:\n RE: IDI\n\u00a0\nHi Conner,\n\u00a0\nHope your Wednesday is starting well \n\ud83d\ude0a\n\u00a0\nChecking-in on an updates on these gratis IDIs for the 4 folks below at SBDInc. Have their IDIs invites been launched?\n\u00a0\nThanks,\n\u00a0\nJos\u00e9 Guardado\nPrincipal Consultant\nLCW \nDirect: +1. 503.926.0917\n\u00a0\n\u00a0\u00a0\u00a0\nwww\n\u00a0\n|\n\u00a0\nTwitter\n \n|\n\u00a0\nFacebook\n\u00a0\n|\n\u00a0\nLinkedIn\n\u00a0\n\u00a0\nFrom:\n Conner Williams <\nc.williams@lcwmail.com\n> \nSent:\n Friday, December 10, 2021 8:45 AM\nTo:\n Jose Guardado <\nj.guardado@lcwmail.com\n>\nSubject:\n RE: IDI\n\u00a0\nHey Jos\u00e9!\n\u00a0\nHappy Friday to you too!\n\u00a0\nSure, I can do this for us.\n\u00a0\nCW\n\u00a0\nFrom:\n Jose Guardado <\nj.guardado@lcwmail.com\n> \nSent:\n Friday, December 10, 2021 7:31 AM\nTo:\n Conner Williams <\nc.williams@lcwmail.com\n>\nSubject:\n FW: IDI\n\u00a0\nHi Conner,\n\u00a0\nHappy Friday!\n\u00a0\nChuck gave the go ahead for launching 4 IDIs gratis for the four folks from Stanley Black & Decker below. Is this something you can get sent their way by today, or by Monday?\n\u00a0\nNo SOW associated with this work at this time.\n\u00a0\nThanks,\n\u00a0\nJos\u00e9 Guardado\nPrincipal Consultant\nLCW \nDirect: +1. 503.926.0917\n\u00a0\n\u00a0\u00a0\u00a0\nwww\n\u00a0\n|\n\u00a0\nTwitter\n \n|\n\u00a0\nFacebook\n\u00a0\n|\n\u00a0\nLinkedIn\n\u00a0\n\u00a0\nFrom:\n Fowler, Laura <\nLaura.Fowler@sbdinc.com\n> \nSent:\n Thursday, December 9, 2021 10:40 AM\nTo:\n Jose Guardado <\nj.guardado@lcwmail.com\n>\nCc:\n Boedeker, Lauren <\nLauren.Boedeker@sbdinc.com\n>\nSubject:\n IDI\n\u00a0\nHi there!\n\u00a0\nSharing emails for those who would like to take the IDI:\n\u00a0\nMe \u2013 \nlaura.fowler@sbdinc.com\nLauren \u2013 \nlauren.boedeker@sbdinc.com\nBrian Miller \u2013 \nbrian.miller@sbdinc.com\nBecky Franzen \u2013 \nbecky.franzen@sbdinc.com\n\u00a0\nThanks!\n\u00a0\n@Boedeker, Lauren\n Surprise, I\u2019m signing you up!\u00a0 More context in our 1:1.\n\u00a0\nLaura Fowler\nSenior Human Resource Manager\nStanley Black & Decker, Inc.\n1000 Stanley Drive, New Britain, CT 06053\n(P) \n860-575-2368\nPronouns: she/her/hers\nLaura.Fowler@sbdinc.com\n | \nwww.stanleyblackanddecker.com",
    "received_at": "2021-12-15T15:49:36+00:00",
    "sent_at": "2021-12-15T15:49:35+00:00",
    "date_extracted": "2025-04-04T22:26:46.354118"
  }
]