[
  {
    "email_id": "AAMkAGFkODc4NTQyLTYyYTQtNGJkZC05MGExLTYwMWVhNzU1YmViYQBGAAAAAADSystAlcO7Qr9TBe1PvcL5BwDrMCXs_RiZTbSp-KxqAX7xAAAAAAEMAADrMCXs_RiZTbSp-KxqAX7xAAAFOhkzAAA=",
    "conversation_id": "AAQkAGFkODc4NTQyLTYyYTQtNGJkZC05MGExLTYwMWVhNzU1YmViYQAQAJ1W7nXCC0NysME81lR0GrA=",
    "from": "n.barile@lcwmail.com",
    "to": "c.desanctis@lcwmail.com, j.venturi@lcwmail.com",
    "reply_to": "n.barile@lcwmail.com",
    "in_reply_to": "N/A",
    "subject": "Re: Lina Onboarding",
    "body": "Thanks for the copy, Catalina. I so appreciate the work you're doing!\nMil gracias!\nNicole Barile\n\u00a0\n(She/Her)\nChief Operating Officer\nLCW\nWebsite\n\u00a0\n|\n\u00a0\nTwitter\n\u00a0\n|\n\u00a0\nFacebook\n\u00a0\n|\n\u00a0\nLinkedIn\nView our upcoming events\n\u00a0| \nSign-up for our newsletter\nFrom:\n Catalina De Sanctis <c.desanctis@lcwmail.com>\nSent:\n Monday, February 17, 2025 10:28 PM\nTo:\n Jorgelina Venturi <j.venturi@lcwmail.com>\nCc:\n Nicole Barile <n.barile@lcwmail.com>\nSubject:\n Lina Onboarding\n \n\u00a0\nHello Lina, \nHere I attach the word file of the things we will be working together.\nI already sent you an invite to Trados Team.\nYou should have received an email, just click forget password and create a new one.\nWhen you have time, you can start overviewing the files I mention here.\nAlso, please book if possible these meetings:\nTuesday 11.30am est Diligent\nWednesday 11am est Melody Maravillas \nMMaravillas@csjp.org\n\u00a0\nIf you don\u2019t have any of the links please let me know.\n\u00a0\nSee you soon!\nBest,\nCDS\n\u00a0\n\u00a0\nCatalina De Sanctis\nTranslation Specialist\nLCW\n\u00a0\nWebsite\n\u00a0|\u00a0\nTwitter\n\u00a0|\u00a0\nFacebook\n\u00a0|\u00a0\nLinkedIn\nView our upcoming events\n\u00a0|\u00a0\nSign-up for our newsletter",
    "received_at": "2025-02-18T15:27:44+00:00",
    "sent_at": "2025-02-18T15:27:40+00:00",
    "date_extracted": "2025-04-04T22:26:49.363538"
  },
  {
    "email_id": "AAMkAGFkODc4NTQyLTYyYTQtNGJkZC05MGExLTYwMWVhNzU1YmViYQBGAAAAAADSystAlcO7Qr9TBe1PvcL5BwDrMCXs_RiZTbSp-KxqAX7xAAAAAAEMAADrMCXs_RiZTbSp-KxqAX7xAAAFOhkyAAA=",
    "conversation_id": "AAQkAGFkODc4NTQyLTYyYTQtNGJkZC05MGExLTYwMWVhNzU1YmViYQAQAIa0d1mme3xCnLyiI-gJEr0=",
    "from": "a.kolodizner@lcwmail.com",
    "to": "c.adams@lcwmail.com, n.barile@lcwmail.com, r.parrilla@lcwmail.com, a.wicksbowles@lcwmail.com, k.luo@lcwmail.com, a.kaur@lcwmail.com, j.venturi@lcwmail.com, k.nonweiler@lcwmail.com, j.mansour@lcwmail.com, c.desanctis@lcwmail.com",
    "reply_to": "a.kolodizner@lcwmail.com",
    "in_reply_to": "N/A",
    "subject": "RE: Congrats Chuck on 5 years at LCW!",
    "body": "A solid handshake of years to celebrate. Thank you, Chuck, for guiding the team through the changing landscape as our CEO. We have indeed been through a lot together. We are grateful for you.\n\u00a0\n\u00a0\nAlisa Kolodizner \n(She/Her)\nCSMO and Managing Partner\nLCW\nEmail: \na.kolodizner@lcwmail.com\nOffice: +1.773.888.9355 [CDT]\nMobile: +1.773.430.3534\n\u00a0\n\u00a0\nWebsite\n\u00a0\n|\n\u00a0\nTwitter\n \n|\n\u00a0\nFacebook\n\u00a0\n|\n\u00a0\nLinkedIn\nView our upcoming events\n\u00a0| \nSign-up for our newsletter\n\u00a0\nFrom:\n Chuck Adams <c.adams@lcwmail.com> \nSent:\n Friday, February 14, 2025 3:48 PM\nTo:\n Nicole Barile <n.barile@lcwmail.com>; Rebecca Parrilla <r.parrilla@lcwmail.com>; Alisa Kolodizner <a.kolodizner@lcwmail.com>; Andrea Wicks Bowles <a.wicksbowles@lcwmail.com>; Keri Luo <k.luo@lcwmail.com>; Arvinder Kaur <a.kaur@lcwmail.com>; Jorgelina Venturi <j.venturi@lcwmail.com>; Kaitlin Nonweiler <k.nonweiler@lcwmail.com>; Juri Mansour <j.mansour@lcwmail.com>; Catalina De Sanctis <c.desanctis@lcwmail.com>\nSubject:\n RE: Congrats Chuck on 5 years at LCW!\n\u00a0\nHahaha\u2026\n\u00a0\nThank you, Nicole. I had actually forgotten all about this.\nI appreciate you noting the date. We\u2019ve all been through a lot together. I am fortunate to have worked with some incredible professionals at this company. You all mean a lot to me.\n\u00a0\nFeeling blessed.\n\u00a0\nChuck\n\u00a0\n\u00a0\nChuck Adams\n \n(He/Him)\nChief Executive Officer\nLCW\nOffice: \n+1.773.938.4285\nMobile: +1.630.373.5068\n\u00a0\nWebsite\n\u00a0\n|\n\u00a0\nTwitter\n \n|\n\u00a0\nFacebook\n\u00a0\n|\n\u00a0\nLinkedIn\nView our upcoming events\n \n| \nSign-up for our newsletter\n\u00a0\n\u00a0\nFrom:\n Nicole Barile <\nn.barile@lcwmail.com\n> \nSent:\n Friday, February 14, 2025 2:40 PM\nTo:\n Chuck Adams <\nc.adams@lcwmail.com\n>; Rebecca Parrilla <\nr.parrilla@lcwmail.com\n>; Alisa Kolodizner <\na.kolodizner@lcwmail.com\n>; Andrea Wicks Bowles <\na.wicksbowles@lcwmail.com\n>; Keri Luo <\nk.luo@lcwmail.com\n>; Arvinder Kaur <\na.kaur@lcwmail.com\n>; Jorgelina Venturi <\nj.venturi@lcwmail.com\n>; Kaitlin Nonweiler <\nk.nonweiler@lcwmail.com\n>; Juri Mansour <\nj.mansour@lcwmail.com\n>; Catalina De Sanctis <\nc.desanctis@lcwmail.com\n>\nSubject:\n Congrats Chuck on 5 years at LCW!\n\u00a0\nI know...a lot of emails today - but it's been a busy day! \n\ud83d\ude42\n\u00a0\nFeb.16 marks Chuck's 5-year work anniversary at LCW.\u00a0\nIn the past half-decade, Chuck has guided LCW (and us) with wisdom, vision, and an impressive vocabulary that keeps us all reaching for a dictionary.\u00a0His strategic thinking, dedication, and ability to inspire have made a lasting impact on our team and the work we do.\nPlease join us in congratulating Chuck on this milestone! Congrats Chuck! \n\ud83c\udf89\nCheers,\nNicole\n\u00a0\nNicole Barile\n\u00a0\n(She/Her)\nChief Operating Officer\nLCW\n\u00a0\nWebsite\n\u00a0\n|\n\u00a0\nTwitter\n\u00a0\n|\n\u00a0\nFacebook\n\u00a0\n|\n\u00a0\nLinkedIn\nView our upcoming events\n\u00a0| \nSign-up for our newsletter",
    "received_at": "2025-02-18T15:13:32+00:00",
    "sent_at": "2025-02-18T15:13:27+00:00",
    "date_extracted": "2025-04-04T22:26:49.358408"
  }
]