[
  {
    "email_id": "AQMkADVkYWZlZjQ4LTEwODctNDJmMS1hYjhiLTQ5MjljZTRjMDM5ZABGAAADpWn7CXiauEGyI-3oylpOlQcA8FetuCVE0EW3Au-5rczxwAAAAgEMAAAA8FetuCVE0EW3Au-5rczxwAACWKiWfQAAAA==",
    "conversation_id": "AAQkADVkYWZlZjQ4LTEwODctNDJmMS1hYjhiLTQ5MjljZTRjMDM5ZAAQAGuqGszRFLJOs2V77tQErsA=",
    "from": "noreply@hubspot.com",
    "to": "m.neu@lcwmail.com",
    "reply_to": "noreply@hubspot.com",
    "in_reply_to": "N/A",
    "subject": "A meeting was logged on records you're following",
    "body": "A meeting was logged on records you're following\n\u00a0\n\u00a0\nTanenbaum is inviting you to a scheduled Zoom meeting. Topic: Call: LCW & Tanenbaum Time: Nov 6, 2023 04:00 PM Eastern Time (US and Canada) Join Zoom Meeting https://us02web.zoom.us/j/84117764952?pwd=eGt3cDZQNjVyM2tVV1ZpZ25tMklXQT09 Meeting ID: 841 1776 4952 Passcode: 747258 --- One tap mobile +16465588656,,84117764952# US (New York) +16469313860,,84117764952# US --- Dial by your location \u2022 +1 646 558 8656 US (New York) \u2022 +1 646 931 3860 US \u2022 +1 301 715 8592 US (Washington DC) \u2022 +1 305 224 1968 US \u2022 +1 309 205 3325 US \u2022 +1 312 626 6799 US (Chicago) \u2022 +1 719 359 4580 US \u2022 +1 253 205 0468 US \u2022 +1 253 215 8782 US (Tacoma) \u2022 +1 346 248 7799 US (Houston) \u2022 +1 360 209 5623 US \u2022 +1 386 347 5053 US \u2022 +1 507 473 4847 US \u2022 +1 564 217 2000 US \u2022 +1 669 444 9171 US \u2022 +1 669 900 9128 US (San Jose) \u2022 +1 689 278 1000 US Meeting ID: 841 1776 4952 Find your local number: https://us02web.zoom.us/u/kdF8QUVrm \n\u00a0\nMEETING LOGGED: \nNovember 6 2023 03:00pm\n\u00a0\nCONTACT \nMark Fowler\nmfowler@tanenbaum.org\n\u00a0\nView in HubSpot\n\u00a0\nThis message was sent to m.neu@lcwmail.com because your preferences are set to receive notifications like this. You can change it in your \nnotification preferences\n page. \nlanguageandculture.com\n (Hub ID: 23618458) \n\u00a0\nHubSpot, Inc.\n25 First Street, 2nd Floor\nCambridge, MA 02141",
    "received_at": "2023-11-02T21:08:33+00:00",
    "sent_at": "2023-11-02T21:08:27+00:00",
    "date_extracted": "2025-04-04T22:27:06.553028"
  },
  {
    "email_id": "AQMkADVkYWZlZjQ4LTEwODctNDJmMS1hYjhiLTQ5MjljZTRjMDM5ZABGAAADpWn7CXiauEGyI-3oylpOlQcA8FetuCVE0EW3Au-5rczxwAAAAgEMAAAA8FetuCVE0EW3Au-5rczxwAACWKiWfAAAAA==",
    "conversation_id": "AAQkADVkYWZlZjQ4LTEwODctNDJmMS1hYjhiLTQ5MjljZTRjMDM5ZAAQAOoY-oeR7DxLvvKh2HOkfhs=",
    "from": "noreply@hubspot.com",
    "to": "m.neu@lcwmail.com",
    "reply_to": "noreply@hubspot.com",
    "in_reply_to": "N/A",
    "subject": "An incoming email was logged on records you're following",
    "body": "An incoming email was logged on records you're following\n\u00a0\n\u00a0\nThank you \n\u00a0 \nAlisa Kolodizner \n(She/Her)\n \nCo-CEO and Managing Partner \nLCW \nEmail: \na.kolodizner@lcwmail.com\n \nOffice: +1.773.888.9355 [CDT]\n \nMobile: +1.773.430.3534\n \n\u00a0 \nWebsite\n\u00a0\n|\n\u00a0\nTwitter\n \n|\n\u00a0\nFacebook\n\u00a0\n|\n\u00a0\nLinkedIn\n \nView our upcoming events\n | \nSign-up for our newsletter\n \n\u00a0 \n\u00a0 \n\u00a0\nCOMPANY \nLcwmail\n7737555869\n\u00a0\nCOMPANY \nBaker Tilly International\n+1 608-240-2426\n\u00a0\nCONTACT \nAlisa Kolodizner\na.kolodizner@lcwmail.com\n+1.773.888.9355\n\u00a0\nCONTACT \nRebecca Parrilla\nr.parrilla@lcwmail.com\n+1.773.938.3784\n\u00a0\nCONTACT \nShane Lloyd\nshane.lloyd@bakertilly.com\n5163199866\n\u00a0\nDEAL \nBaker Tilly International - UTME Immersion\n\u00a0\nView in HubSpot\n\u00a0\nThis message was sent to m.neu@lcwmail.com because your preferences are set to receive notifications like this. You can change it in your \nnotification preferences\n page. \nlanguageandculture.com\n (Hub ID: 23618458) \n\u00a0\nHubSpot, Inc.\n25 First Street, 2nd Floor\nCambridge, MA 02141",
    "received_at": "2023-11-02T18:14:18+00:00",
    "sent_at": "2023-11-02T18:14:12+00:00",
    "date_extracted": "2025-04-04T22:27:08.721490"
  },
  {
    "email_id": "AQMkADVkYWZlZjQ4LTEwODctNDJmMS1hYjhiLTQ5MjljZTRjMDM5ZABGAAADpWn7CXiauEGyI-3oylpOlQcA8FetuCVE0EW3Au-5rczxwAAAAgEMAAAA8FetuCVE0EW3Au-5rczxwAACWKiWewAAAA==",
    "conversation_id": "AAQkADVkYWZlZjQ4LTEwODctNDJmMS1hYjhiLTQ5MjljZTRjMDM5ZAAQAE1icqtIpqRIuzN7Mx2eCsU=",
    "from": "noreply@hubspot.com",
    "to": "m.neu@lcwmail.com",
    "reply_to": "noreply@hubspot.com",
    "in_reply_to": "N/A",
    "subject": "An email was logged on records you're following",
    "body": "An email was logged on records you're following\n\u00a0\n\u00a0\nBoth people managers and individual contributors\n consistently find these Spotlights relevant and applicable for their workplace goals and relationships, as they include topics like: \nRelevant statistics and data that communicate this community\u2019s makeup, impact, and experiences \nThe community\u2019s values, priorities, strengths \nDispelling any myths or stereotypes about the community \nChallenges or barriers members of this group tend to face in the workplace, and \nCelebrating Jewish culture / the joys of being Jewish \nStrategies & tips for what participants can do to broaden inclusion and belonging for members of this community. What\u2019s the call to action? \n\u00a0 \nRe: anti-semitism: \nAnti-Defamation League free training \u201c\nAntisemitism 101 For the Workplace\n\u201d \n\u00a0 \nApril Powers\n \n\u00a0led this amazing presentation, called \"Antisemitism: Understanding and combatting the world's oldest hate\" that I mostly attended (had to drop off) on 10/12. The session as planned many months ago, and it happened to fall right when this is all happening in Israel/Gaza. I took a bunch of screenshots (see below) and we\u2019ll be getting the full materials tomorrow (10/18): \n \n\u00a0 \n \n\u00a0 \n \n\u00a0 \n\u00a0 \n \n\u00a0 \n\u201chide your star of David\u201d \n\u00a0 \n \n\u00a0 \n\u00a0 \nWhat does it mean to be Jewish? \nWhat people perceive: white + religion. But there are many Jewish POC \n\u00a0 \n \n\u00a0 \n\u2018the people of Israel\u2019 \u2013 12 tribes \u2013 ethnicity/culture, not \u2018just\u2019 a religion \n\u00a0 \n \nJewish people in diaspora throughout history \n\u00a0 \n \n\u00a0 \n\u00a0 \nExpulsion, violence throughout history, so largely diasporic people \n \n\u00a0 \nAlways mistrusted and attacked. In part diversity of this community is a consequence of forced fleeing. \n\u00a0 \n \n\u00a0 \nWhat is anti-semitism? \n\u00a0 \n \n\u00a0 \nAttacked for who we are, not how we pray \nBlamed for ills in society \n\u2018Anti-semitism\u2019 was coined by the Germans \u2013 racism/bigotry \u2013 racialized being Jewish \u2013 as a way to advance hatred. Predates current definitions of racism. \n\u00a0 \n \n\u00a0 \n \n\u00a0 \n\u00a0 \nIf you think as Jewish people as white then you might think they\u2019re \u2018on top\u2019. \nEvery 60 years or so something big (negative) happens to Jewish people \u2013 including pogroms in Ukraine. Experience in US is unique \u2013 you lack full and equal civil rights as Jew everywhere else in the world. A glass ceiling.\u00a0 Goes up and down \u2013 Jewish people embedded in society in Europe, then the Holocaust happens. \n\u00a0 \n\u00a0 \nRebecca M. Parrilla \n(she/her) \nHead of Business Development \nLCW \nWebsite\n\u00a0\n|\n\u00a0\nTwitter\n \n|\n\u00a0\nFacebook\n\u00a0\n|\n\u00a0\nLinkedIn\n \nView our upcoming events\n | \nSign-up for our newsletter\n \n\u00a0 \nI live and work in Chapel Hill, NC \u2013 on the traditional homelands of the Occaneechi, Shakori, Eno, and Sissipahaw peoples. \n\u00a0 \n\u00a0\nCONTACT \nRebecca Parrilla\nr.parrilla@lcwmail.com\n+1.773.938.3784\n\u00a0\nView in HubSpot\n\u00a0\nThis message was sent to m.neu@lcwmail.com because your preferences are set to receive notifications like this. You can change it in your \nnotification preferences\n page. \nlanguageandculture.com\n (Hub ID: 23618458) \n\u00a0\nHubSpot, Inc.\n25 First Street, 2nd Floor\nCambridge, MA 02141",
    "received_at": "2023-11-02T18:09:47+00:00",
    "sent_at": "2023-11-02T18:09:41+00:00",
    "date_extracted": "2025-04-04T22:27:08.776897"
  },
  {
    "email_id": "AQMkADVkYWZlZjQ4LTEwODctNDJmMS1hYjhiLTQ5MjljZTRjMDM5ZABGAAADpWn7CXiauEGyI-3oylpOlQcA8FetuCVE0EW3Au-5rczxwAAAAgEMAAAA8FetuCVE0EW3Au-5rczxwAACWKiWegAAAA==",
    "conversation_id": "AAQkADVkYWZlZjQ4LTEwODctNDJmMS1hYjhiLTQ5MjljZTRjMDM5ZAAQAFZ2X6_XNt1CoEsdS4K0hFs=",
    "from": "noreply@hubspot.com",
    "to": "m.neu@lcwmail.com",
    "reply_to": "noreply@hubspot.com",
    "in_reply_to": "N/A",
    "subject": "A meeting was logged on records you're following",
    "body": "A meeting was logged on records you're following\n\u00a0\n\u00a0\n\u00a0\n________________________________________________________________________________\n \nMicrosoft Teams meeting\n \nJoin on your computer, mobile app or room device\n \nClick here to join the meeting\n \nMeeting ID: \n263 257 931 895\n \nPasscode: \nEidfmh \nDownload Teams\n | \nJoin on the web\nJoin with a video conferencing device\n \nnbcuni@m.webex.com \nVideo Conference ID: \n116 250 836 6 \nAlternate VTC instructions\n \nLearn More\n | \nHelp\n | \nMeeting options\n \n________________________________________________________________________________\n \n\u00a0\n\u00a0\nMEETING LOGGED: \nNovember 2 2023 12:30pm\n\u00a0\nCONTACT \nJoy Schwartz\njoy.schwartz@nbcuni.com\n\u00a0\nCONTACT \nBrandon Williams\nbrandon.williams2@nbcuni.com\n\u00a0\nView in HubSpot\n\u00a0\nThis message was sent to m.neu@lcwmail.com because your preferences are set to receive notifications like this. You can change it in your \nnotification preferences\n page. \nlanguageandculture.com\n (Hub ID: 23618458) \n\u00a0\nHubSpot, Inc.\n25 First Street, 2nd Floor\nCambridge, MA 02141",
    "received_at": "2023-11-02T17:50:23+00:00",
    "sent_at": "2023-11-02T17:50:15+00:00",
    "date_extracted": "2025-04-04T22:27:08.851264"
  },
  {
    "email_id": "AQMkADVkYWZlZjQ4LTEwODctNDJmMS1hYjhiLTQ5MjljZTRjMDM5ZABGAAADpWn7CXiauEGyI-3oylpOlQcA8FetuCVE0EW3Au-5rczxwAAAAgEMAAAA8FetuCVE0EW3Au-5rczxwAACWKiWeQAAAA==",
    "conversation_id": "AAQkADVkYWZlZjQ4LTEwODctNDJmMS1hYjhiLTQ5MjljZTRjMDM5ZAAQAAZaQ8pC-nFLiswIxqFaIwg=",
    "from": "noreply@hubspot.com",
    "to": "m.neu@lcwmail.com",
    "reply_to": "noreply@hubspot.com",
    "in_reply_to": "N/A",
    "subject": "An email was logged on records you're following",
    "body": "An email was logged on records you're following\n\u00a0\n\u00a0\n\u00a0 \nBoth people managers and individual contributors\n consistently find these Spotlights relevant and applicable for their workplace goals and relationships, as they include topics like: \nRelevant statistics and data that communicate this community\u2019s makeup, impact, and experiences \nThe community\u2019s values, priorities, strengths \nDispelling any myths or stereotypes about the community \nChallenges or barriers members of this group tend to face in the workplace, and \nStrategies & tips for what participants can do to broaden inclusion and belonging for members of this community. \n\u00a0 \nRe: anti-semitism: \nAnti-Defamation League free training \u201c\nAntisemitism 101 For the Workplace\n\u201d \n\u00a0 \nApril Powers\n \n\u00a0led this amazing presentation, called \"Antisemitism: Understanding and combatting the world's oldest hate\" that I mostly attended (had to drop off) on 10/12. The session as planned many months ago, and it happened to fall right when this is all happening in Israel/Gaza. I took a bunch of screenshots (see below) and we\u2019ll be getting the full materials tomorrow (10/18): \n \n\u00a0 \n \n\u00a0 \n \n\u00a0 \n\u00a0 \n \n\u00a0 \n\u201chide your star of David\u201d \n\u00a0 \n \n\u00a0 \n\u00a0 \nWhat does it mean to be Jewish? \nWhat people perceive: white + religion. But there are many Jewish POC \n\u00a0 \n \n\u00a0 \n\u2018the people of Israel\u2019 \u2013 12 tribes \u2013 ethnicity/culture, not \u2018just\u2019 a religion \n\u00a0 \n \nJewish people in diaspora throughout history \n\u00a0 \n \n\u00a0 \n\u00a0 \nExpulsion, violence throughout history, so largely diasporic people \n \n\u00a0 \nAlways mistrusted and attacked. In part diversity of this community is a consequence of forced fleeing. \n\u00a0 \n \n\u00a0 \nWhat is anti-semitism? \n\u00a0 \n \n\u00a0 \nAttacked for who we are, not how we pray \nBlamed for ills in society \n\u2018Anti-semitism\u2019 was coined by the Germans \u2013 racism/bigotry \u2013 racialized being Jewish \u2013 as a way to advance hatred. Predates current definitions of racism. \n\u00a0 \n \n\u00a0 \n \n\u00a0 \n\u00a0 \nIf you think as Jewish people as white then you might think they\u2019re \u2018on top\u2019. \nEvery 60 years or so something big (negative) happens to Jewish people \u2013 including pogroms in Ukraine. Experience in US is unique \u2013 you lack full and equal civil rights as Jew everywhere else in the world. A glass ceiling.\u00a0 Goes up and down \u2013 Jewish people embedded in society in Europe, then the Holocaust happens. \n\u00a0 \n\u00a0 \nRebecca M. Parrilla \n(she/her) \nHead of Business Development \nLCW \nWebsite\n\u00a0\n|\n\u00a0\nTwitter\n \n|\n\u00a0\nFacebook\n\u00a0\n|\n\u00a0\nLinkedIn\n \nView our upcoming events\n | \nSign-up for our newsletter\n \n\u00a0 \nI live and work in Chapel Hill, NC \u2013 on the traditional homelands of the Occaneechi, Shakori, Eno, and Sissipahaw peoples. \n\u00a0 \n\u00a0\nCONTACT \nRebecca Parrilla\nr.parrilla@lcwmail.com\n+1.773.938.3784\n\u00a0\nView in HubSpot\n\u00a0\nThis message was sent to m.neu@lcwmail.com because your preferences are set to receive notifications like this. You can change it in your \nnotification preferences\n page. \nlanguageandculture.com\n (Hub ID: 23618458) \n\u00a0\nHubSpot, Inc.\n25 First Street, 2nd Floor\nCambridge, MA 02141",
    "received_at": "2023-11-02T17:45:15+00:00",
    "sent_at": "2023-11-02T17:45:10+00:00",
    "date_extracted": "2025-04-04T22:27:06.773571"
  },
  {
    "email_id": "AQMkADVkYWZlZjQ4LTEwODctNDJmMS1hYjhiLTQ5MjljZTRjMDM5ZABGAAADpWn7CXiauEGyI-3oylpOlQcA8FetuCVE0EW3Au-5rczxwAAAAgEMAAAA8FetuCVE0EW3Au-5rczxwAACWKiWeAAAAA==",
    "conversation_id": "AAQkADVkYWZlZjQ4LTEwODctNDJmMS1hYjhiLTQ5MjljZTRjMDM5ZAAQAI26BxmrAPhFvCJTkoL-pj4=",
    "from": "noreply@hubspot.com",
    "to": "m.neu@lcwmail.com",
    "reply_to": "noreply@hubspot.com",
    "in_reply_to": "N/A",
    "subject": "An email was logged on records you're following",
    "body": "An email was logged on records you're following\n\u00a0\n\u00a0\nI will, thanks for offering! \n\u00a0 \nRebecca M. Parrilla \n(she/her) \nHead of Business Development \nLCW \n\u00a0 \n\u00a0\nCOMPANY \nYouth Outlook\n+1 815-754-5331\n\u00a0\nCOMPANY \nLcwmail\n7737555869\n\u00a0\nCONTACT \nNancy Mullen\nnancy.mullen@youth-outlook.org\n815.754.5331\n\u00a0\nCONTACT \nCarolyn Wahlskog\ncarolyn.wahlskog@youth-outlook.org\n\u00a0\nDEAL \nYouth Outlook - Equity Audit\n\u00a0\nView in HubSpot\n\u00a0\nThis message was sent to m.neu@lcwmail.com because your preferences are set to receive notifications like this. You can change it in your \nnotification preferences\n page. \nlanguageandculture.com\n (Hub ID: 23618458) \n\u00a0\nHubSpot, Inc.\n25 First Street, 2nd Floor\nCambridge, MA 02141",
    "received_at": "2023-11-02T17:11:28+00:00",
    "sent_at": "2023-11-02T17:11:23+00:00",
    "date_extracted": "2025-04-04T22:27:06.623003"
  },
  {
    "email_id": "AQMkADVkYWZlZjQ4LTEwODctNDJmMS1hYjhiLTQ5MjljZTRjMDM5ZABGAAADpWn7CXiauEGyI-3oylpOlQcA8FetuCVE0EW3Au-5rczxwAAAAgEMAAAA8FetuCVE0EW3Au-5rczxwAACWKiWdwAAAA==",
    "conversation_id": "AAQkADVkYWZlZjQ4LTEwODctNDJmMS1hYjhiLTQ5MjljZTRjMDM5ZAAQAHZlfLu1N81LgyMNLhbiGck=",
    "from": "noreply@hubspot.com",
    "to": "m.neu@lcwmail.com",
    "reply_to": "noreply@hubspot.com",
    "in_reply_to": "N/A",
    "subject": "An incoming email was logged on records you're following",
    "body": "An incoming email was logged on records you're following\n\u00a0\n\u00a0\nI did notice that, thank you for the update! Let me know if you need anything! \n\u00a0 \n\u00a0 \nPedro Seminario\nBusiness Development Associate\nEmail: \np.seminario@lcwmail.com\n \nPhone: 773-389-5167 \n \nWebsite\n\u00a0\n|\n\u00a0\nTwitter\n \n|\n\u00a0\nFacebook\n\u00a0\n|\n\u00a0\nLinkedIn\n \nView our upcoming events\n | \nSign-up for our newsletter\n \n\u00a0 \n\u00a0\nCOMPANY \nYouth Outlook\n+1 815-754-5331\n\u00a0\nCOMPANY \nLcwmail\n7737555869\n\u00a0\nCONTACT \nNancy Mullen\nnancy.mullen@youth-outlook.org\n815.754.5331\n\u00a0\nCONTACT \nCarolyn Wahlskog\ncarolyn.wahlskog@youth-outlook.org\n\u00a0\nDEAL \nYouth Outlook - Equity Audit\n\u00a0\nView in HubSpot\n\u00a0\nThis message was sent to m.neu@lcwmail.com because your preferences are set to receive notifications like this. You can change it in your \nnotification preferences\n page. \nlanguageandculture.com\n (Hub ID: 23618458) \n\u00a0\nHubSpot, Inc.\n25 First Street, 2nd Floor\nCambridge, MA 02141",
    "received_at": "2023-11-02T17:09:08+00:00",
    "sent_at": "2023-11-02T17:09:05+00:00",
    "date_extracted": "2025-04-04T22:27:06.682368"
  },
  {
    "email_id": "AQMkADVkYWZlZjQ4LTEwODctNDJmMS1hYjhiLTQ5MjljZTRjMDM5ZABGAAADpWn7CXiauEGyI-3oylpOlQcA8FetuCVE0EW3Au-5rczxwAAAAgEMAAAA8FetuCVE0EW3Au-5rczxwAACWKiWdgAAAA==",
    "conversation_id": "AAQkADVkYWZlZjQ4LTEwODctNDJmMS1hYjhiLTQ5MjljZTRjMDM5ZAAQAGuJXW0Z3SpLm5BiGm1FqaY=",
    "from": "noreply@hubspot.com",
    "to": "m.neu@lcwmail.com",
    "reply_to": "noreply@hubspot.com",
    "in_reply_to": "N/A",
    "subject": "An email was logged on records you're following",
    "body": "An email was logged on records you're following\n\u00a0\n\u00a0\nHI, FYI I\u2019ve been assigned to lead one of Conner\u2019s new clients \u2013 you remember Youth Outlook! (see below) So it\u2019s back to being a Consultant for one piece of my role, at least for now\u2026 \n\u00a0 \nI\u2019ll also prob be helping out Andrea with her Fulbright stuff in the next couple of weeks\u2026 \n\u00a0 \n\u00a0 \nRebecca M. Parrilla \n(she/her) \nHead of Business Development \nLCW \n\u00a0 \n\u00a0\nCOMPANY \nYouth Outlook\n+1 815-754-5331\n\u00a0\nCOMPANY \nLcwmail\n7737555869\n\u00a0\nCONTACT \nNancy Mullen\nnancy.mullen@youth-outlook.org\n815.754.5331\n\u00a0\nCONTACT \nCarolyn Wahlskog\ncarolyn.wahlskog@youth-outlook.org\n\u00a0\nDEAL \nYouth Outlook - Equity Audit\n\u00a0\nView in HubSpot\n\u00a0\nThis message was sent to m.neu@lcwmail.com because your preferences are set to receive notifications like this. You can change it in your \nnotification preferences\n page. \nlanguageandculture.com\n (Hub ID: 23618458) \n\u00a0\nHubSpot, Inc.\n25 First Street, 2nd Floor\nCambridge, MA 02141",
    "received_at": "2023-11-02T17:06:17+00:00",
    "sent_at": "2023-11-02T17:06:13+00:00",
    "date_extracted": "2025-04-04T22:27:06.641601"
  },
  {
    "email_id": "AQMkADVkYWZlZjQ4LTEwODctNDJmMS1hYjhiLTQ5MjljZTRjMDM5ZABGAAADpWn7CXiauEGyI-3oylpOlQcA8FetuCVE0EW3Au-5rczxwAAAAgEMAAAA8FetuCVE0EW3Au-5rczxwAACWKiWdQAAAA==",
    "conversation_id": "AAQkADVkYWZlZjQ4LTEwODctNDJmMS1hYjhiLTQ5MjljZTRjMDM5ZAAQAFly3uMh9YdFu8wivkKnCcw=",
    "from": "noreply@hubspot.com",
    "to": "m.neu@lcwmail.com",
    "reply_to": "noreply@hubspot.com",
    "in_reply_to": "N/A",
    "subject": "An incoming email was logged on records you're following",
    "body": "An incoming email was logged on records you're following\n\u00a0\n\u00a0\nFYI I saved this document in the BT folder within PROSPECTS. Saved as \u201cInclusion Skills and Behaviors by level-role\u201d \n\u00a0 \nRebecca M. Parrilla \n(she/her) \nHead of Business Development \nLCW \n\u00a0 \n\u00a0\nCOMPANY \nLcwmail\n7737555869\n\u00a0\nCOMPANY \nBaker Tilly International\n+1 608-240-2426\n\u00a0\nCONTACT \nAlisa Kolodizner\na.kolodizner@lcwmail.com\n+1.773.888.9355\n\u00a0\nCONTACT \nRebecca Parrilla\nr.parrilla@lcwmail.com\n+1.773.938.3784\n\u00a0\nCONTACT \nShane Lloyd\nshane.lloyd@bakertilly.com\n5163199866\n\u00a0\nDEAL \nBaker Tilly International - UTME Immersion\n\u00a0\nView in HubSpot\n\u00a0\nThis message was sent to m.neu@lcwmail.com because your preferences are set to receive notifications like this. You can change it in your \nnotification preferences\n page. \nlanguageandculture.com\n (Hub ID: 23618458) \n\u00a0\nHubSpot, Inc.\n25 First Street, 2nd Floor\nCambridge, MA 02141",
    "received_at": "2023-11-02T16:50:38+00:00",
    "sent_at": "2023-11-02T16:50:32+00:00",
    "date_extracted": "2025-04-04T22:27:06.761974"
  },
  {
    "email_id": "AQMkADVkYWZlZjQ4LTEwODctNDJmMS1hYjhiLTQ5MjljZTRjMDM5ZABGAAADpWn7CXiauEGyI-3oylpOlQcA8FetuCVE0EW3Au-5rczxwAAAAgEMAAAA8FetuCVE0EW3Au-5rczxwAACWKiWdAAAAA==",
    "conversation_id": "AAQkADVkYWZlZjQ4LTEwODctNDJmMS1hYjhiLTQ5MjljZTRjMDM5ZAAQAOfNCA2Ab31NuQRqBoUWQmM=",
    "from": "noreply@hubspot.com",
    "to": "m.neu@lcwmail.com",
    "reply_to": "noreply@hubspot.com",
    "in_reply_to": "N/A",
    "subject": "An email was logged on records you're following",
    "body": "An email was logged on records you're following\n\u00a0\n\u00a0\nSorry, I just left you a Teams voice note about this client, too. About invoicing processes. Thanks! \n\u00a0 \nRebecca M. Parrilla \n(she/her) \nHead of Business Development \nLCW \n\u00a0 \n\u00a0\nCOMPANY \nYouth Outlook\n+1 815-754-5331\n\u00a0\nCOMPANY \nLcwmail\n7737555869\n\u00a0\nCONTACT \nNancy Mullen\nnancy.mullen@youth-outlook.org\n815.754.5331\n\u00a0\nCONTACT \nCarolyn Wahlskog\ncarolyn.wahlskog@youth-outlook.org\n\u00a0\nDEAL \nYouth Outlook - Equity Audit\n\u00a0\nView in HubSpot\n\u00a0\nThis message was sent to m.neu@lcwmail.com because your preferences are set to receive notifications like this. You can change it in your \nnotification preferences\n page. \nlanguageandculture.com\n (Hub ID: 23618458) \n\u00a0\nHubSpot, Inc.\n25 First Street, 2nd Floor\nCambridge, MA 02141",
    "received_at": "2023-11-02T16:47:47+00:00",
    "sent_at": "2023-11-02T16:47:43+00:00",
    "date_extracted": "2025-04-04T22:27:06.614048"
  }
]