[
  {
    "email_id": "AAMkADE2MzFhYThlLTIxNjAtNDZkMC1iNTc4LWE3YzM2NTE3MDA5NgBGAAAAAAAAljx4CEVFTrk0C3WecQooBwDa-wwqSlJZQqU2lBaJeIV9AAAAAAEMAADa-wwqSlJZQqU2lBaJeIV9AAKMhDRbAAA=",
    "conversation_id": "AAQkADE2MzFhYThlLTIxNjAtNDZkMC1iNTc4LWE3YzM2NTE3MDA5NgAQALK_xTY0KeREpS0DPceZxGk=",
    "from": "support@scribehow1125.zendesk.com",
    "to": "k.nonweiler@lcwmail.com",
    "reply_to": "support+idLJDLP1-0MYZ3@scribehow1125.zendesk.com",
    "in_reply_to": "N/A",
    "subject": "Request #78256: How would you rate the support you received?",
    "body": "Hello K Nonweiler,\nWe'd love to hear what you think of our customer service. Please take a moment to answer one simple question by clicking either link below:\nHow would you rate the support you received?\nGood, I'm satisfied\n \nBad, I'm unsatisfied\n \nHere's a reminder of what this request was about:\n \nAgustina Rojas Garay\n (Scribe) \nJan 29, 2025, 19:57 GMT+1 \nHi Kaitlin,\n\u00a0\nThank you! Per your request, I made you admin of the team LCW.\n\u00a0\nLet me know if you have any other questions!\n\u00a0\nBest,\nAgustina\u00a0\n \nK Nonweiler\n \nJan 29, 2025, 19:35 GMT+1 \nHi Agustina,\u00a0\nThe last four digits of the credit card is -\n7864.\nThank you for your help!\n-Kaitlin\u00a0\n \nAgustina Rojas Garay\n (Scribe) \nJan 28, 2025, 13:18 GMT+1 \nHi there,\n\u00a0\nThank you for reaching out to the Scribe Team!\n\u00a0\nI can help you! For security purposes, could you kindly provide the last four digits of the credit card used to purchase our services? Once we verify, we can go ahead and make you admin \ud83d\ude42\u00a0\n\u00a0\nLooking forward to your response!\n\u00a0\nBest,\nAgustina\u00a0\n \nK Nonweiler\n \nJan 27, 2025, 21:28 GMT+1 \nHi. I would like to change my role (Kaitlin, k.nonweiler@lcwmail.com) from a creator to an admin. The current admin, Briza Cardenas, no longer works at LCW, and we do not have her login information to access the account. Can I be made the admin for this account/team so we can have access to change things like subscription plans? Thank you.\nThis email is a service from Scribe. Delivered by \nZendesk\n \n[LJDLP1-0MYZ3]",
    "received_at": "2025-02-01T20:02:40+00:00",
    "sent_at": "2025-02-01T20:02:29+00:00",
    "date_extracted": "2025-04-04T22:26:45.261983"
  },
  {
    "email_id": "AAMkADE2MzFhYThlLTIxNjAtNDZkMC1iNTc4LWE3YzM2NTE3MDA5NgBGAAAAAAAAljx4CEVFTrk0C3WecQooBwDa-wwqSlJZQqU2lBaJeIV9AAAAAAEMAADa-wwqSlJZQqU2lBaJeIV9AAKL0aKoAAA=",
    "conversation_id": "AAQkADE2MzFhYThlLTIxNjAtNDZkMC1iNTc4LWE3YzM2NTE3MDA5NgAQAHFiHFEQx0JFi4mQjw4znXw=",
    "from": "goody@hey.ongoody.com",
    "to": "k.nonweiler@lcwmail.com",
    "reply_to": "support@ongoody.com",
    "in_reply_to": "N/A",
    "subject": "Celebrating Black History Month \u2728",
    "body": "Gift with purpose and honor Black History Month in a meaningful way.\u2007\u034f \u2007\u034f \u2007\u034f \u2007\u034f \u2007\u034f \u2007\u034f \u2007\u034f \u2007\u034f \u2007\u034f \u2007\u034f \u2007\u034f \u2007\u034f \u2007\u034f \u2007\u034f \u2007\u034f \u2007\u034f \u2007\u034f \u2007\u034f \u2007\u034f \u2007\u034f \u2007\u034f \u2007\u034f \u2007\u034f \u2007\u034f \u2007\u034f \u2007\u034f \u2007\u034f \u2007\u034f \u2007\u034f \u2007\u034f \u2007\u034f \u2007\u034f \u2007\u034f \u2007\u034f \u2007\u034f \u2007\u034f \u2007\u034f \u2007\u034f \u2007\u034f \u2007\u034f \u2007\u034f \u2007\u034f \u2007\u034f \u2007\u034f \u2007\u034f \u2007\u034f \u2007\u034f \u2007\u034f \u2007\u034f \u2007\u034f \u2007\u034f \u2007\u034f \u2007\u034f \u2007\u034f \u2007\u034f \u2007\u034f \u2007\u034f \u2007\u034f \u2007\u034f \u2007\u034f \u2007\u034f \u2007\u034f \u2007\u034f \u2007\u034f \u2007\u034f \u2007\u034f \u2007\u034f \u2007\u034f \u2007\u034f \u2007\u034f \u2007\u034f \u2007\u034f \u00ad \u00ad \u00ad \u00ad \u00ad \u00ad \u00ad \u00ad \u00ad \u00ad \u00ad \u00ad \u00ad \u00ad \u00ad \u00ad \u00ad \u00ad \u00ad \u00ad \u00ad \u00ad \u00ad \u00ad \u00ad \u00ad \u00ad \u00ad \u00ad \u00ad \u00ad \u00ad \u00ad \u00ad \u00ad \u00ad \u00ad \u00ad \u00ad \u00ad \u00ad \u00ad \u00ad \u00ad \u00ad \u00ad \u00ad \u00ad \u00ad \u00ad \u00ad \u00ad \u00ad \u00ad \u00ad \u00ad \u00ad \u00ad \u00ad \u00ad \u00ad \u00ad \u00ad \u00ad \u00ad \u00ad \u00ad \u00ad \u00ad \u00ad \u00ad \u00ad \u00a0\n\u034f \u034f \u034f \u034f \u034f \u034f \u034f \u034f \u034f \u034f \u034f \u034f \u034f \n\u034f \u034f \u034f \u034f \u034f \u034f \u034f \u034f \u034f \u034f \u034f \u034f \u034f \n\u034f \u034f \u034f \u034f \u034f \u034f \u034f \u034f \u034f \u034f \u034f \u034f \u034f \u034f \n\u034f \u034f \u034f \u034f \u034f \u034f \u034f \u034f \u034f \u034f \u034f \u034f \u034f \n\u034f \u034f \u034f \u034f \u034f \u034f \u034f \u034f \u034f \u034f \u034f \u034f \u034f \n\u034f \u034f \u034f \u034f \u034f \u034f \u034f \u034f \u034f \u034f \u034f \u034f \u034f \u034f \n\u034f \u034f \u034f \u034f \u034f \u034f \u034f \u034f \u034f \u034f \u034f \u034f \u034f \n\u034f \u034f \u034f \u034f \u034f \u034f \u034f \u034f \u034f \u034f \u034f \u034f \u034f \n\u034f \u034f \u034f \u034f \u034f \u034f \u034f \u034f \u034f \u034f \u034f \u034f \u034f \u034f \n\u034f \u034f \u034f \u034f \u034f \u034f \u034f \u034f \u034f \u034f \u034f \u034f \u034f \n\u034f \u034f \u034f \u034f \u034f \u034f \u034f \u034f \u034f \u034f \u034f \u034f \u034f \n\u034f \u034f \u034f \u034f \u034f \u034f \u034f \u034f \u034f \u034f \u034f \u034f \u034f \u034f \n\u034f \u034f \u034f \u034f \u034f \u034f \u034f \u034f \u034f \u034f \u034f \u034f \u034f \n\u034f \u034f \u034f \u034f \u034f \u034f \u034f \u034f \u034f \u034f \u034f \u034f \u034f \n\u034f \u034f \u034f \u034f \u034f \u034f \u034f \u034f \u034f \u034f \u034f \u034f \u034f \u034f \n\u034f \u034f \u034f \u034f \u034f \u034f \u034f \u034f \u034f \u034f \u034f \u034f \u034f \n\u034f \u034f \u034f \u034f \u034f \u034f \u034f \u034f \u034f \u034f \u034f \u034f \u034f \n\u034f \u034f \u034f \u034f \u034f \u034f \u034f \u034f \u034f \u034f \u034f \u034f \u034f \u034f \nGift with purpose and honor Black History Month in a meaningful way \u2728\u2028\u2028\nBrowse our curation of incredible gifts from brands we love, each one founded by talented Black entrepreneurs and business leaders.\nBrowse gifts\n \nORIGINAL DUCKHEAD\nDesigned to blend effortless style with unmatched durability, this umbrella is perfect for your daily routine.\u00a0\nAMI COL\u00c9\u00a0\nClean beauty made to reveal your inner excellence and celebrate melanin rich skin.\nZac's Sweet Shop\nInsanely delicious bite-sized nostalgia.\nTELFAR\nIconic vegan leather shopping bags designed not only for you, but for everyone!\nBrowse all\n \nFeatured Authors\nCelebrate voices and stories that inspire change! Gift any book from our curated selection of Featured Black Authors.\nGift a Book\n \n\u200a\nGifts that make an impact\nWith every Goody you send, you can add a $1 or $5 donation to a charity of your choice. Your recipients also have the option to donate the price of their Goody towards a cause they care about!\u00a0\nBrowse Charities\n \n\u200a\n\u034f \u034f \u034f \u034f \u034f \u034f \u034f \u034f \u034f \u034f \u034f \u034f \u034f \n\u034f \u034f \u034f \u034f \u034f \u034f \u034f \u034f \u034f \u034f \u034f \u034f \u034f \n\u034f \u034f \u034f \u034f \u034f \u034f \u034f \u034f \u034f \u034f \u034f \u034f \u034f \u034f \n\u034f \u034f \u034f \u034f \u034f \u034f \u034f \u034f \u034f \u034f \u034f \u034f \u034f \n\u034f \u034f \u034f \u034f \u034f \u034f \u034f \u034f \u034f \u034f \u034f \u034f \u034f \n\u034f \u034f \u034f \u034f \u034f \u034f \u034f \u034f \u034f \u034f \u034f \u034f \u034f \u034f \n\u034f \u034f \u034f \u034f \u034f \u034f \u034f \u034f \u034f \u034f \u034f \u034f \u034f \n\u034f \u034f \u034f \u034f \u034f \u034f \u034f \u034f \u034f \u034f \u034f \u034f \u034f \n\u034f \u034f \u034f \u034f \u034f \u034f \u034f \u034f \u034f \u034f \u034f \u034f \u034f \u034f \n\u034f \u034f \u034f \u034f \u034f \u034f \u034f \u034f \u034f \u034f \u034f \u034f \u034f \n\u034f \u034f \u034f \u034f \u034f \u034f \u034f \u034f \u034f \u034f \u034f \u034f \u034f \n\u034f \u034f \u034f \u034f \u034f \u034f \u034f \u034f \u034f \u034f \u034f \u034f \u034f \u034f \n\u034f \u034f \u034f \u034f \u034f \u034f \u034f \u034f \u034f \u034f \u034f \u034f \u034f \n\u034f \u034f \u034f \u034f \u034f \u034f \u034f \u034f \u034f \u034f \u034f \u034f \u034f \n\u034f \u034f \u034f \u034f \u034f \u034f \u034f \u034f \u034f \u034f \u034f \u034f \u034f \u034f \n\u034f \u034f \u034f \u034f \u034f \u034f \u034f \u034f \u034f \u034f \u034f \u034f \u034f \n\u034f \u034f \u034f \u034f \u034f \u034f \u034f \u034f \u034f \u034f \u034f \u034f \u034f \n\u034f \u034f \u034f \u034f \u034f \u034f \u034f \u034f \u034f \u034f \u034f \u034f \u034f \u034f \n\u200a\nBook a call\n\u200a \n\u200a\n\u200a\nRefer a friend\n\u200a \n\u200a\n\u200a\nDownload the app\n\u200a\n\u200a\n \n \n \n \n \n \n \n \nHave questions? Reply to this email!\n\ud83d\udc9c Goody Technologies, Inc.\n9450 SW Gemini Dr., PMB 88760\nBeaverton, OR 97008\nUnsubscribe",
    "received_at": "2025-01-31T19:08:35+00:00",
    "sent_at": "2025-01-31T19:08:24+00:00",
    "date_extracted": "2025-04-04T22:26:45.240362"
  },
  {
    "email_id": "AAMkADE2MzFhYThlLTIxNjAtNDZkMC1iNTc4LWE3YzM2NTE3MDA5NgBGAAAAAAAAljx4CEVFTrk0C3WecQooBwDa-wwqSlJZQqU2lBaJeIV9AAAAAAEMAADa-wwqSlJZQqU2lBaJeIV9AAKL0aKnAAA=",
    "conversation_id": "AAQkADE2MzFhYThlLTIxNjAtNDZkMC1iNTc4LWE3YzM2NTE3MDA5NgAQAOHFgJ0QBkBAgJlzSVdVjS8=",
    "from": "n.barile@lcwmail.com",
    "to": "k.nonweiler@lcwmail.com",
    "reply_to": "n.barile@lcwmail.com",
    "in_reply_to": "N/A",
    "subject": "Re: Scoro Contacts Task",
    "body": "Awsome, thank you so much!\nHave a great wknd!\nFrom:\n Kaitlin Nonweiler <k.nonweiler@lcwmail.com>\nSent:\n Friday, January 31, 2025 1:36 PM\nTo:\n Nicole Barile <n.barile@lcwmail.com>\nSubject:\n Re: Scoro Contacts Task\n \n\u00a0\nHi Nicole!\u00a0\nPlease see the spreadsheets attached. I was able to delete some contacts, but most of them I could not. The ones I could delete are highlighted in yellow. Please let me know if you have any questions.\u00a0\nHappy Friday!\n-Kaitlin\u00a0\nFrom:\n Nicole Barile <n.barile@lcwmail.com>\nSent:\n Tuesday, January 28, 2025 12:51 PM\nTo:\n Kaitlin Nonweiler <k.nonweiler@lcwmail.com>\nSubject:\n Re: Scoro Contacts Task\n \n\u00a0\nOK thanks. If you get this just ignore it. No need to update me \ud83d\ude42.\nIt just means you can't delete her because her name is on something. I suspect you might get several of these. It's not a problem.\nThanks again!\nFrom:\n Kaitlin Nonweiler <k.nonweiler@lcwmail.com>\nSent:\n Tuesday, January 28, 2025 1:32 PM\nTo:\n Nicole Barile <n.barile@lcwmail.com>\nSubject:\n Re: Scoro Contacts Task\n \n\u00a0\nI got this message for Linda Shi...\nFrom:\n Nicole Barile <n.barile@lcwmail.com>\nSent:\n Tuesday, January 28, 2025 12:28 PM\nTo:\n Kaitlin Nonweiler <k.nonweiler@lcwmail.com>\nSubject:\n Re: Scoro Contacts Task\n \n\u00a0\nHi. The permission was turned off. I just turned it on.\nCan you see DELETE now?\nFrom:\n Kaitlin Nonweiler <k.nonweiler@lcwmail.com>\nSent:\n Tuesday, January 28, 2025 12:34 PM\nTo:\n Nicole Barile <n.barile@lcwmail.com>\nSubject:\n Re: Scoro Contacts Task\n \n\u00a0\nI clicked on Modify in the top right corner, but I could not find anywhere to delete the person. Where does it show up for you?\nFrom:\n Nicole Barile <n.barile@lcwmail.com>\nSent:\n Monday, January 27, 2025 5:12 PM\nTo:\n Kaitlin Nonweiler <k.nonweiler@lcwmail.com>\nSubject:\n Scoro Contacts Task\n \n\u00a0\nHi Kaitlin,\nWould you be able to help me with something?\nAttached is a list of contacts that were pulled from Scoro.\n**Please jus look at the tab \"Nicole.\"\nThe ask is for you to delete the contacts from this list that have a comment similar to \"email didn't go through - Update Scoro\" or \"No longer at company.\"\nAre you able to delete those contacts from Scoro? In some cases, my guess is that it won't let you, should that person be associated with something, like a Quote. Also, you may not have permission to do this. If you don't, lmk, and I'll change your permissions.\nCould you please give it a try & see if you can delete them? You can see my notes in Column O. I started highlighting the people in red, but then I stopped\u00a0 \ud83d\ude42. Column O will indicate whether they should be removed.\nIf this can be done by this Friday that would be great. If not, just lmk when you think you can get done.\nHappy to also hop on a call if needed to help.\nThank you!\nNicole Barile\n\u00a0\n(She/Her)\nChief Operating Officer\nLCW\nWebsite\n\u00a0\n|\n\u00a0\nTwitter\n\u00a0\n|\n\u00a0\nFacebook\n\u00a0\n|\n\u00a0\nLinkedIn\nView our upcoming events\n\u00a0| \nSign-up for our newsletter",
    "received_at": "2025-01-31T18:40:51+00:00",
    "sent_at": "2025-01-31T18:40:46+00:00",
    "date_extracted": "2025-04-04T22:26:45.312155"
  },
  {
    "email_id": "AAMkADE2MzFhYThlLTIxNjAtNDZkMC1iNTc4LWE3YzM2NTE3MDA5NgBGAAAAAAAAljx4CEVFTrk0C3WecQooBwDa-wwqSlJZQqU2lBaJeIV9AAAAAAEMAADa-wwqSlJZQqU2lBaJeIV9AAKKVBKaAAA=",
    "conversation_id": "AAQkADE2MzFhYThlLTIxNjAtNDZkMC1iNTc4LWE3YzM2NTE3MDA5NgAQAHg9WfUhJb9ElT9HPs1Vqtk=",
    "from": "n.barile@lcwmail.com",
    "to": "k.nonweiler@lcwmail.com",
    "reply_to": "n.barile@lcwmail.com",
    "in_reply_to": "N/A",
    "subject": "Feb.11 webinar update",
    "body": "Hi & Thanks for all of your help this week!\nJust wanted to update you that we have made the Feb.11th webinar live. People have been getting emails to sign up, and we've gotten about 20 people signed\u00a0up so far!\nWhat I'll need from you is your brain in figuring out the best way to send these people the Zoom link.\nWe had people sign up in HubSpot so we could capture a lot of data.\nWhat I'm wondering now is, what's next?\nI can download the registered people as a list I can share with you.\nIs it best we simply send them a calendar invite from Outlook.... (not sure if we can Bcc)... OR is it better to have you manually register them in Zoom so they get an email with the Zoom link & then then can choose to add it to their calendar... OR ...???\nI'll schedule a time for us on Monday to chat through this. If you can come up with ideas for how best to approach it prior to our call, that would\u00a0be great. LMK if you have\u00a0any questions in the meantime.\nThanks!!\nNicole Barile\n\u00a0\n(She/Her)\nChief Operating Officer\nLCW\nWebsite\n\u00a0\n|\n\u00a0\nTwitter\n\u00a0\n|\n\u00a0\nFacebook\n\u00a0\n|\n\u00a0\nLinkedIn\nView our upcoming events\n\u00a0| \nSign-up for our newsletter",
    "received_at": "2025-01-30T22:27:12+00:00",
    "sent_at": "2025-01-30T22:27:09+00:00",
    "date_extracted": "2025-04-04T22:26:45.314659"
  },
  {
    "email_id": "AAMkADE2MzFhYThlLTIxNjAtNDZkMC1iNTc4LWE3YzM2NTE3MDA5NgBGAAAAAAAAljx4CEVFTrk0C3WecQooBwDa-wwqSlJZQqU2lBaJeIV9AAAAAAEMAADa-wwqSlJZQqU2lBaJeIV9AAKKVBKZAAA=",
    "conversation_id": "AAQkADE2MzFhYThlLTIxNjAtNDZkMC1iNTc4LWE3YzM2NTE3MDA5NgAQAPIZUXVcy0ZAsnGWUOyrN_I=",
    "from": "j.mansour@lcwmail.com",
    "to": "k.nonweiler@lcwmail.com",
    "reply_to": "j.mansour@lcwmail.com",
    "in_reply_to": "N/A",
    "subject": "Request for 2024 BSC Session Confirmation",
    "body": "Hi Kaitlin! I hope you are well! Could you confirm if we had any Understanding the Black Experience sessions in 2024 and if have access to any zoom reporting on those sessions? This would be for BSC. It is part of the Cultural Immersion program. Thank you!\nJuri Mansour (She/Her)\nConsultant Project Associate\nLCW",
    "received_at": "2025-01-30T21:41:41+00:00",
    "sent_at": "2025-01-30T21:41:38+00:00",
    "date_extracted": "2025-04-04T22:26:45.316571"
  }
]