[
  {
    "email_id": "AAMkADZkOWJiMDgzLTIzZDgtNDg4OC04OTcwLTNkMzBhMGQ1NDM0MABGAAAAAAAh8CRQCBC4TqVn6VRhE_nOBwC4vGNilrfsSbJyNmZNZTnBAAAAAAEMAAC4vGNilrfsSbJyNmZNZTnBAAIEPzwmAAA=",
    "conversation_id": "AAQkADZkOWJiMDgzLTIzZDgtNDg4OC04OTcwLTNkMzBhMGQ1NDM0MAAQANH-fcQDbKRCuzw8ofYWAi0=",
    "from": "noreply@notifications.hubspot.com",
    "to": "p.seminario@lcwmail.com",
    "reply_to": "noreply@notifications.hubspot.com",
    "in_reply_to": "N/A",
    "subject": "A task was logged on records you're following",
    "body": "A task was logged on records you're following\n\u00a0\n\u00a0\nTASK:\n \"Follow up with Carlos Herrera\" \n\u00a0\nCOMPANY \nRyan Specialty\n+13127846001\n\u00a0\nCONTACT \nCarlos Herrera\ncarlos.herrera@ryansg.com\n+13124816583\n\u00a0\nDEAL \nRyan Specialty - Cultural Competence Microlearning\n\u00a0\nView in HubSpot\n\u00a0\nThis message was sent to \np.seminario@lcwmail.com\n because your preferences are set to receive notifications like this. \n\u00a0\n\u00a0\nTurn off\n \"Activity on record you own or follow\" email notifications. \u00a0\n\u00a0\nlcwinclusion.com\n (Hub ID: 23618458) \nHubSpot, Inc.\n2 Canal Park\nCambridge, MA 02141",
    "received_at": "2025-02-19T14:25:19+00:00",
    "sent_at": "2025-02-19T14:25:13+00:00",
    "date_extracted": "2025-04-04T22:27:11.043712"
  },
  {
    "email_id": "AAMkADZkOWJiMDgzLTIzZDgtNDg4OC04OTcwLTNkMzBhMGQ1NDM0MABGAAAAAAAh8CRQCBC4TqVn6VRhE_nOBwC4vGNilrfsSbJyNmZNZTnBAAAAAAEMAAC4vGNilrfsSbJyNmZNZTnBAAIEPzwlAAA=",
    "conversation_id": "AAQkADZkOWJiMDgzLTIzZDgtNDg4OC04OTcwLTNkMzBhMGQ1NDM0MAAQAIsOyTjnejlKn1OCBEvwMe0=",
    "from": "noreply@notifications.hubspot.com",
    "to": "p.seminario@lcwmail.com",
    "reply_to": "noreply@notifications.hubspot.com",
    "in_reply_to": "N/A",
    "subject": "An email was logged on records you're following",
    "body": "An email was logged on records you're following\n\u00a0\n\u00a0\nThis looks great! Thanks Chuck for putting this together. \nI just checked the survey we sent out to all HubSpot contacts asking what topics they are interested in. Out of the 13 respondents so far, 5 said beset practices for ERGs/BRGSs. We can promote this via HubSpot & social media & also have it as a topic for one of our webinars. \nNicely done! \nNicole Barile\n\u00a0\n(She/Her)\nChief Operating Officer\nLCW\nWebsite\n\u00a0\n|\n\u00a0\nTwitter\n\u00a0\n|\n\u00a0\nFacebook\n\u00a0\n|\n\u00a0\nLinkedIn\nView our upcoming events\n\u00a0| \nSign-up for our newsletter\n\u00a0\nCOMPANY \nLcwmail\n7737555869\n\u00a0\nCONTACT \nRebecca Parrilla\nr.parrilla@lcwmail.com\n+1.773.938.3784\n\u00a0\nCONTACT \nNicole Barile\nn.barile@lcwmail.com\n\u00a0\nCONTACT \nAndrea Bowles\na.wicksbowles@lcwmail.com\n773-938-4181\n\u00a0\nView in HubSpot\n\u00a0\nThis message was sent to \np.seminario@lcwmail.com\n because your preferences are set to receive notifications like this. \n\u00a0\n\u00a0\nTurn off\n \"Activity on record you own or follow\" email notifications. \u00a0\n\u00a0\nlcwinclusion.com\n (Hub ID: 23618458) \nHubSpot, Inc.\n2 Canal Park\nCambridge, MA 02141",
    "received_at": "2025-02-19T14:24:51+00:00",
    "sent_at": "2025-02-19T14:24:43+00:00",
    "date_extracted": "2025-04-04T22:27:09.058091"
  },
  {
    "email_id": "AAMkADZkOWJiMDgzLTIzZDgtNDg4OC04OTcwLTNkMzBhMGQ1NDM0MABGAAAAAAAh8CRQCBC4TqVn6VRhE_nOBwC4vGNilrfsSbJyNmZNZTnBAAAAAAEMAAC4vGNilrfsSbJyNmZNZTnBAAIEPzwkAAA=",
    "conversation_id": "AAQkADZkOWJiMDgzLTIzZDgtNDg4OC04OTcwLTNkMzBhMGQ1NDM0MAAQAGffaWYb905Hhpk6VmbIs9A=",
    "from": "noreply@notifications.hubspot.com",
    "to": "p.seminario@lcwmail.com",
    "reply_to": "noreply@notifications.hubspot.com",
    "in_reply_to": "N/A",
    "subject": "An email was logged on records you're following",
    "body": "An email was logged on records you're following\n\u00a0\n\u00a0\nGreat, thank you. I\u2019ll put her in touch with you, Chuck. \n\u00a0 \n\u00a0 \n\u00a0 \n\u00a0 \nRebecca M. Parrilla\n \n(MBA, Latina, LGBTQ, Mom)\n \n(she/her) \nWhy pronouns matter\n \nHead of Client Solutions \nLCW \n\u00a0 \n\u00a0 \n\u00a0\nCOMPANY \nLcwmail\n7737555869\n\u00a0\nCONTACT \noffice@lcwmail.com\n\u00a0\nCONTACT \nRebecca Parrilla\nr.parrilla@lcwmail.com\n+1.773.938.3784\n\u00a0\nCONTACT \nAndrea Bowles\na.wicksbowles@lcwmail.com\n773-938-4181\n\u00a0\nView in HubSpot\n\u00a0\nThis message was sent to \np.seminario@lcwmail.com\n because your preferences are set to receive notifications like this. \n\u00a0\n\u00a0\nTurn off\n \"Activity on record you own or follow\" email notifications. \u00a0\n\u00a0\nlcwinclusion.com\n (Hub ID: 23618458) \nHubSpot, Inc.\n2 Canal Park\nCambridge, MA 02141",
    "received_at": "2025-02-19T14:22:44+00:00",
    "sent_at": "2025-02-19T14:22:38+00:00",
    "date_extracted": "2025-04-04T22:27:11.038530"
  },
  {
    "email_id": "AAMkADZkOWJiMDgzLTIzZDgtNDg4OC04OTcwLTNkMzBhMGQ1NDM0MABGAAAAAAAh8CRQCBC4TqVn6VRhE_nOBwC4vGNilrfsSbJyNmZNZTnBAAAAAAEMAAC4vGNilrfsSbJyNmZNZTnBAAIEPzwjAAA=",
    "conversation_id": "AAQkADZkOWJiMDgzLTIzZDgtNDg4OC04OTcwLTNkMzBhMGQ1NDM0MAAQAOCJZEFX7aJFuckMOej7cyA=",
    "from": "noreply@notifications.hubspot.com",
    "to": "p.seminario@lcwmail.com",
    "reply_to": "noreply@notifications.hubspot.com",
    "in_reply_to": "N/A",
    "subject": "A note was logged on records you're following",
    "body": "A note was logged on records you're following\n\u00a0\n\u00a0\nThomas Brooks no longer there. \n\u00a0\nCOMPANY \nCity of Roseville, MN\n6517927000\n\u00a0\nDEAL \nCity of Roseville - eLearning\n\u00a0\nView in HubSpot\n\u00a0\nThis message was sent to \np.seminario@lcwmail.com\n because your preferences are set to receive notifications like this. \n\u00a0\n\u00a0\nTurn off\n \"Activity on record you own or follow\" email notifications. \u00a0\n\u00a0\nlcwinclusion.com\n (Hub ID: 23618458) \nHubSpot, Inc.\n2 Canal Park\nCambridge, MA 02141",
    "received_at": "2025-02-19T13:59:02+00:00",
    "sent_at": "2025-02-19T13:58:56+00:00",
    "date_extracted": "2025-04-04T22:27:09.016533"
  },
  {
    "email_id": "AAMkADZkOWJiMDgzLTIzZDgtNDg4OC04OTcwLTNkMzBhMGQ1NDM0MABGAAAAAAAh8CRQCBC4TqVn6VRhE_nOBwC4vGNilrfsSbJyNmZNZTnBAAAAAAEMAAC4vGNilrfsSbJyNmZNZTnBAAIEPzwiAAA=",
    "conversation_id": "AAQkADZkOWJiMDgzLTIzZDgtNDg4OC04OTcwLTNkMzBhMGQ1NDM0MAAQAGi1vkYcCDZPhyOv7eucmlQ=",
    "from": "noreply@notifications.hubspot.com",
    "to": "p.seminario@lcwmail.com",
    "reply_to": "noreply@notifications.hubspot.com",
    "in_reply_to": "N/A",
    "subject": "A note was logged on records you're following",
    "body": "A note was logged on records you're following\n\u00a0\n\u00a0\nNo longer at Oxfam.\n\u00a0\nCOMPANY \nOxfam International\n\u00a0\nCONTACT \nHalimah Ahmed\n\u00a0\nView in HubSpot\n\u00a0\nThis message was sent to \np.seminario@lcwmail.com\n because your preferences are set to receive notifications like this. \n\u00a0\n\u00a0\nTurn off\n \"Activity on record you own or follow\" email notifications. \u00a0\n\u00a0\nlcwinclusion.com\n (Hub ID: 23618458) \nHubSpot, Inc.\n2 Canal Park\nCambridge, MA 02141",
    "received_at": "2025-02-19T13:59:00+00:00",
    "sent_at": "2025-02-19T13:58:53+00:00",
    "date_extracted": "2025-04-04T22:27:11.039022"
  },
  {
    "email_id": "AAMkADZkOWJiMDgzLTIzZDgtNDg4OC04OTcwLTNkMzBhMGQ1NDM0MABGAAAAAAAh8CRQCBC4TqVn6VRhE_nOBwC4vGNilrfsSbJyNmZNZTnBAAAAAAEMAAC4vGNilrfsSbJyNmZNZTnBAAIEPzwhAAA=",
    "conversation_id": "AAQkADZkOWJiMDgzLTIzZDgtNDg4OC04OTcwLTNkMzBhMGQ1NDM0MAAQAKWDw-IZcldLtdi_QoUAYEY=",
    "from": "noreply@notifications.hubspot.com",
    "to": "p.seminario@lcwmail.com",
    "reply_to": "noreply@notifications.hubspot.com",
    "in_reply_to": "N/A",
    "subject": "A note was logged on records you're following",
    "body": "A note was logged on records you're following\n\u00a0\n\u00a0\nEmail not working.\n\u00a0\nCOMPANY \nCity of Roseville, MN\n6517927000\n\u00a0\nCONTACT \nThomas Brooks\n16517927029\n\u00a0\nView in HubSpot\n\u00a0\nThis message was sent to \np.seminario@lcwmail.com\n because your preferences are set to receive notifications like this. \n\u00a0\n\u00a0\nTurn off\n \"Activity on record you own or follow\" email notifications. \u00a0\n\u00a0\nlcwinclusion.com\n (Hub ID: 23618458) \nHubSpot, Inc.\n2 Canal Park\nCambridge, MA 02141",
    "received_at": "2025-02-19T13:57:35+00:00",
    "sent_at": "2025-02-19T13:57:26+00:00",
    "date_extracted": "2025-04-04T22:27:15.706992"
  },
  {
    "email_id": "AAMkADZkOWJiMDgzLTIzZDgtNDg4OC04OTcwLTNkMzBhMGQ1NDM0MABGAAAAAAAh8CRQCBC4TqVn6VRhE_nOBwC4vGNilrfsSbJyNmZNZTnBAAAAAAEMAAC4vGNilrfsSbJyNmZNZTnBAAIEPzwgAAA=",
    "conversation_id": "AAQkADZkOWJiMDgzLTIzZDgtNDg4OC04OTcwLTNkMzBhMGQ1NDM0MAAQAAvxyhheuJNBgiFL6MjW-v8=",
    "from": "noreply@notifications.hubspot.com",
    "to": "p.seminario@lcwmail.com",
    "reply_to": "noreply@notifications.hubspot.com",
    "in_reply_to": "N/A",
    "subject": "A note was logged on records you're following",
    "body": "A note was logged on records you're following\n\u00a0\n\u00a0\nThey said they do not need anything.\n\u00a0\nCOMPANY \nOxfam Canada\n6132375236\n\u00a0\nDEAL \nOxfam Canada - Understanding Microaggressions & eLearning\n\u00a0\nView in HubSpot\n\u00a0\nThis message was sent to \np.seminario@lcwmail.com\n because your preferences are set to receive notifications like this. \n\u00a0\n\u00a0\nTurn off\n \"Activity on record you own or follow\" email notifications. \u00a0\n\u00a0\nlcwinclusion.com\n (Hub ID: 23618458) \nHubSpot, Inc.\n2 Canal Park\nCambridge, MA 02141",
    "received_at": "2025-02-19T13:43:24+00:00",
    "sent_at": "2025-02-19T13:43:19+00:00",
    "date_extracted": "2025-04-04T22:27:09.652232"
  },
  {
    "email_id": "AAMkADZkOWJiMDgzLTIzZDgtNDg4OC04OTcwLTNkMzBhMGQ1NDM0MABGAAAAAAAh8CRQCBC4TqVn6VRhE_nOBwC4vGNilrfsSbJyNmZNZTnBAAAAAAEMAAC4vGNilrfsSbJyNmZNZTnBAAIEPzwfAAA=",
    "conversation_id": "AAQkADZkOWJiMDgzLTIzZDgtNDg4OC04OTcwLTNkMzBhMGQ1NDM0MAAQAErvc04zvAZEon5mjU3UrBo=",
    "from": "noreply@notifications.hubspot.com",
    "to": "p.seminario@lcwmail.com",
    "reply_to": "noreply@notifications.hubspot.com",
    "in_reply_to": "N/A",
    "subject": "A note was logged on records you're following",
    "body": "A note was logged on records you're following\n\u00a0\n\u00a0\nShe responded - no need\n\u00a0\nCOMPANY \nMINNESOTA COUNCIL ON FOUNDATIONS\n6123381989\n\u00a0\nDEAL \nMINNESOTA COUNCIL ON FOUNDATIONS - Staffing Strategies\n\u00a0\nView in HubSpot\n\u00a0\nThis message was sent to \np.seminario@lcwmail.com\n because your preferences are set to receive notifications like this. \n\u00a0\n\u00a0\nTurn off\n \"Activity on record you own or follow\" email notifications. \u00a0\n\u00a0\nlcwinclusion.com\n (Hub ID: 23618458) \nHubSpot, Inc.\n2 Canal Park\nCambridge, MA 02141",
    "received_at": "2025-02-19T13:39:27+00:00",
    "sent_at": "2025-02-19T13:39:18+00:00",
    "date_extracted": "2025-04-04T22:27:09.050381"
  },
  {
    "email_id": "AAMkADZkOWJiMDgzLTIzZDgtNDg4OC04OTcwLTNkMzBhMGQ1NDM0MABGAAAAAAAh8CRQCBC4TqVn6VRhE_nOBwC4vGNilrfsSbJyNmZNZTnBAAAAAAEMAAC4vGNilrfsSbJyNmZNZTnBAAIEPzweAAA=",
    "conversation_id": "AAQkADZkOWJiMDgzLTIzZDgtNDg4OC04OTcwLTNkMzBhMGQ1NDM0MAAQAJbk3QyqI4dMo3g6epYjzBA=",
    "from": "noreply@notifications.hubspot.com",
    "to": "p.seminario@lcwmail.com",
    "reply_to": "noreply@notifications.hubspot.com",
    "in_reply_to": "N/A",
    "subject": "An email was logged on records you're following",
    "body": "An email was logged on records you're following\n\u00a0\n\u00a0\nThanks so much! \nNicole Barile\n\u00a0\n(She/Her)\nChief Operating Officer\nLCW\nWebsite\n\u00a0\n|\n\u00a0\nTwitter\n\u00a0\n|\n\u00a0\nFacebook\n\u00a0\n|\n\u00a0\nLinkedIn\nView our upcoming events\n\u00a0| \nSign-up for our newsletter\n\u00a0\nCOMPANY \nLcwmail\n7737555869\n\u00a0\nCONTACT \nAlisa kolodizner\na.kolodizner@lcwmail.com\n+17734303534\n\u00a0\nCONTACT \nNicole Barile\nn.barile@lcwmail.com\n\u00a0\nView in HubSpot\n\u00a0\nThis message was sent to \np.seminario@lcwmail.com\n because your preferences are set to receive notifications like this. \n\u00a0\n\u00a0\nTurn off\n \"Activity on record you own or follow\" email notifications. \u00a0\n\u00a0\nlcwinclusion.com\n (Hub ID: 23618458) \nHubSpot, Inc.\n2 Canal Park\nCambridge, MA 02141",
    "received_at": "2025-02-19T00:49:01+00:00",
    "sent_at": "2025-02-19T00:48:36+00:00",
    "date_extracted": "2025-04-04T22:27:09.028769"
  }
]