[
  {
    "email_id": "AAMkAGM5ZmNhNDA3LTRiOGItNGI2Ni05MzMwLTcwNzljOWJjYzE3YwBGAAAAAABl0bLH8fzqTLbBKv0UF3DyBwCo2mfEAVyUSoBsjvn-RlndAAAAAAEJAACo2mfEAVyUSoBsjvn-RlndAADf7GTHAAA=",
    "conversation_id": "AAQkAGM5ZmNhNDA3LTRiOGItNGI2Ni05MzMwLTcwNzljOWJjYzE3YwAQAGnXnxZvc_9KgqzaD1IK6bI=",
    "from": "h.strack@lcwmail.com",
    "to": "lukas.mudra@uhc.com",
    "reply_to": "h.strack@lcwmail.com",
    "in_reply_to": "N/A",
    "subject": "Advancing DEI in the Workplace",
    "body": "Dear Lukas, \nI hope you are well! As a gentle reminder, our complimentary webinar is taking place next Tuesday at 12pm CT: \u201c \nAsk an Expert Anything: Responding to Resistance to DEI\n\u201d\u2014 \nprior registration is required\n. \nJoin Executive Coach and Master Facilitator Jeffrey Cookson, GHPR, SHPR for a conversation about what language to use when resistance surfaces in the workplace. Our experts will stay on the call 30 minutes after the event to discuss your specific DEI needs at United Healthcare. \nAs a thank-you and incentive, we\u2019ll provide you with a sample of one of our interactive eLearning programs. To gain access, \nschedule a time\n that\u2019s convenient for you to discuss how LCW can reinvigorate your 2023 DEI efforts. \nI look forward to hearing from you and hope to see you on Tuesday! \nKind regards, \nHannah\u200b \nHannah Strack \nBusiness Development Associate\n \n+1 773-828-1202 \nWould you like to meet? https://meetings.hubspot.com/hannah-strack/lcw-business-development- \n \nwww\n | \nTwitter\n | \nFacebook\n | \nLinkedIn\n \nOn Mon, May 22, 2023 at 10:23 AM, Hannah Strack \n<\nh.strack@lcwmail.com\n>\n wrote: \nDear Lukas\u200b, \nGreetings from LCW! I hope your week is starting well. \nBeginning in 2020, we saw a resurgence of companies making unprecedented commitments to advancing DEI in the workplace. However, especially this year, we saw many of these DEI initiatives stall. Now we\u2019re halfway through 2023, but there\u2019s still time to move the needle from commitment to action. \nTo help you make quick and sustainable progress at UnitedHealth Group, LCW is offering a \nlimited-time 30% discount on any new statement of work signed by June 30, 2023\n. \nTo preview our expertise in action, I\u2019d like to invite you to our complimentary webinar \u201c \nAsk an Expert Anything: Responding to Resistance to DEI\n,\u201d facilitated by Executive Coach and Master Facilitator Jeffrey Cookson, GPHR, SPHR. \nJoin us on Tuesday, May 30 at 12pm\n as we identify specific language to use and avoid when resistance surfaces in the workplace. \nI look forward to hearing from you\u2014let me know how LCW can best help you meet your DEI goals for 2023. \nKind regards, \nHannah\u200b \nHannah Strack \nBusiness Development Associate\n \n+1 773-828-1202 \nWould you like to meet? https://meetings.hubspot.com/hannah-strack/lcw-business-development- \n \nwww\n | \nTwitter\n | \nFacebook\n | \nLinkedIn",
    "received_at": "2023-05-26T20:15:10+00:00",
    "sent_at": "2023-05-26T20:15:10+00:00",
    "date_extracted": "2025-04-04T22:27:40.486457"
  },
  {
    "email_id": "AAMkAGM5ZmNhNDA3LTRiOGItNGI2Ni05MzMwLTcwNzljOWJjYzE3YwBGAAAAAABl0bLH8fzqTLbBKv0UF3DyBwCo2mfEAVyUSoBsjvn-RlndAAAAAAEJAACo2mfEAVyUSoBsjvn-RlndAADf7GTGAAA=",
    "conversation_id": "AAQkAGM5ZmNhNDA3LTRiOGItNGI2Ni05MzMwLTcwNzljOWJjYzE3YwAQAIWEP_ywUoNIk3ZbrWNgodA=",
    "from": "h.strack@lcwmail.com",
    "to": "jeffrey_b_wehling@optum.com",
    "reply_to": "h.strack@lcwmail.com",
    "in_reply_to": "N/A",
    "subject": "Advancing DEI in the Workplace",
    "body": "Dear Jeff, \nI hope you are well! As a gentle reminder, our complimentary webinar is taking place next Tuesday at 12pm CT: \u201c \nAsk an Expert Anything: Responding to Resistance to DEI\n\u201d\u2014 \nprior registration is required\n. \nJoin Executive Coach and Master Facilitator Jeffrey Cookson, GHPR, SHPR for a conversation about what language to use when resistance surfaces in the workplace. Our experts will stay on the call 30 minutes after the event to discuss your specific DEI needs at Optum. \nAs a thank-you and incentive, we\u2019ll provide you with a sample of one of our interactive eLearning programs. To gain access, \nschedule a time\n that\u2019s convenient for you to discuss how LCW can reinvigorate your 2023 DEI efforts. \nI look forward to hearing from you and hope to see you on Tuesday! \nKind regards, \nHannah\u200b \nHannah Strack \nBusiness Development Associate\n \n+1 773-828-1202 \nWould you like to meet? https://meetings.hubspot.com/hannah-strack/lcw-business-development- \n \nwww\n | \nTwitter\n | \nFacebook\n | \nLinkedIn\n \nOn Mon, May 22, 2023 at 10:23 AM, Hannah Strack \n<\nh.strack@lcwmail.com\n>\n wrote: \nDear Jeff\u200b, \nGreetings from LCW! I hope your week is starting well. \nBeginning in 2020, we saw a resurgence of companies making unprecedented commitments to advancing DEI in the workplace. However, especially this year, we saw many of these DEI initiatives stall. Now we\u2019re halfway through 2023, but there\u2019s still time to move the needle from commitment to action. \nTo help you make quick and sustainable progress at Optum, LCW is offering a \nlimited-time 30% discount on any new statement of work signed by June 30, 2023\n. \nTo preview our expertise in action, I\u2019d like to invite you to our complimentary webinar \u201c \nAsk an Expert Anything: Responding to Resistance to DEI\n,\u201d facilitated by Executive Coach and Master Facilitator Jeffrey Cookson, GPHR, SPHR. \nJoin us on Tuesday, May 30 at 12pm\n as we identify specific language to use and avoid when resistance surfaces in the workplace. \nI look forward to hearing from you\u2014let me know how LCW can best help you meet your DEI goals for 2023. \nKind regards, \nHannah\u200b \nHannah Strack \nBusiness Development Associate\n \n+1 773-828-1202 \nWould you like to meet? https://meetings.hubspot.com/hannah-strack/lcw-business-development- \n \nwww\n | \nTwitter\n | \nFacebook\n | \nLinkedIn",
    "received_at": "2023-05-26T20:15:08+00:00",
    "sent_at": "2023-05-26T20:15:07+00:00",
    "date_extracted": "2025-04-04T22:27:34.340394"
  },
  {
    "email_id": "AAMkAGM5ZmNhNDA3LTRiOGItNGI2Ni05MzMwLTcwNzljOWJjYzE3YwBGAAAAAABl0bLH8fzqTLbBKv0UF3DyBwCo2mfEAVyUSoBsjvn-RlndAAAAAAEJAACo2mfEAVyUSoBsjvn-RlndAADf7GTFAAA=",
    "conversation_id": "AAQkAGM5ZmNhNDA3LTRiOGItNGI2Ni05MzMwLTcwNzljOWJjYzE3YwAQAAtFYnung5FOg7u6bq-MmTQ=",
    "from": "h.strack@lcwmail.com",
    "to": "ac@ccrl-clrc.ca",
    "reply_to": "h.strack@lcwmail.com",
    "in_reply_to": "N/A",
    "subject": "Advancing DEI in the Workplace",
    "body": "Dear W. Y. Alice, \nI hope you are well! As a gentle reminder, our complimentary webinar is taking place next Tuesday at 12pm CT: \u201c \nAsk an Expert Anything: Responding to Resistance to DEI\n\u201d\u2014 \nprior registration is required\n. \nJoin Executive Coach and Master Facilitator Jeffrey Cookson, GHPR, SHPR for a conversation about what language to use when resistance surfaces in the workplace. Our experts will stay on the call 30 minutes after the event to discuss your specific DEI needs at CCRL-CLRC. \nAs a thank-you and incentive, we\u2019ll provide you with a sample of one of our interactive eLearning programs. To gain access, \nschedule a time\n that\u2019s convenient for you to discuss how LCW can reinvigorate your 2023 DEI efforts. \nI look forward to hearing from you and hope to see you on Tuesday! \nKind regards, \nHannah\u200b \nHannah Strack \nBusiness Development Associate\n \n+1 773-828-1202 \nWould you like to meet? https://meetings.hubspot.com/hannah-strack/lcw-business-development- \n \nwww\n | \nTwitter\n | \nFacebook\n | \nLinkedIn\n \nOn Mon, May 22, 2023 at 10:22 AM, Hannah Strack \n<\nh.strack@lcwmail.com\n>\n wrote: \nDear W. Y. Alice\u200b, \nGreetings from LCW! I hope your week is starting well. \nBeginning in 2020, we saw a resurgence of companies making unprecedented commitments to advancing DEI in the workplace. However, especially this year, we saw many of these DEI initiatives stall. Now we\u2019re halfway through 2023, but there\u2019s still time to move the needle from commitment to action. \nTo help you make quick and sustainable progress at The Centre for Civic Religious Literacy, LCW is offering a \nlimited-time 30% discount on any new statement of work signed by June 30, 2023\n. \nTo preview our expertise in action, I\u2019d like to invite you to our complimentary webinar \u201c \nAsk an Expert Anything: Responding to Resistance to DEI\n,\u201d facilitated by Executive Coach and Master Facilitator Jeffrey Cookson, GPHR, SPHR. \nJoin us on Tuesday, May 30 at 12pm\n as we identify specific language to use and avoid when resistance surfaces in the workplace. \nI look forward to hearing from you\u2014let me know how LCW can best help you meet your DEI goals for 2023. \nKind regards, \nHannah\u200b \nHannah Strack \nBusiness Development Associate\n \n+1 773-828-1202 \nWould you like to meet? https://meetings.hubspot.com/hannah-strack/lcw-business-development- \n \nwww\n | \nTwitter\n | \nFacebook\n | \nLinkedIn",
    "received_at": "2023-05-26T20:14:07+00:00",
    "sent_at": "2023-05-26T20:14:05+00:00",
    "date_extracted": "2025-04-04T22:27:34.377579"
  },
  {
    "email_id": "AAMkAGM5ZmNhNDA3LTRiOGItNGI2Ni05MzMwLTcwNzljOWJjYzE3YwBGAAAAAABl0bLH8fzqTLbBKv0UF3DyBwCo2mfEAVyUSoBsjvn-RlndAAAAAAEJAACo2mfEAVyUSoBsjvn-RlndAADf7GTEAAA=",
    "conversation_id": "AAQkAGM5ZmNhNDA3LTRiOGItNGI2Ni05MzMwLTcwNzljOWJjYzE3YwAQAB2iETm_Rd5AksZ7OE6uKTs=",
    "from": "h.strack@lcwmail.com",
    "to": "eclawson@peacecorps.gov",
    "reply_to": "h.strack@lcwmail.com",
    "in_reply_to": "N/A",
    "subject": "Advancing DEI in the Workplace",
    "body": "Dear Emily, \nI hope you are well! As a gentle reminder, our complimentary webinar is taking place next Tuesday at 12pm CT: \u201c \nAsk an Expert Anything: Responding to Resistance to DEI\n\u201d\u2014 \nprior registration is required\n. \nJoin Executive Coach and Master Facilitator Jeffrey Cookson, GHPR, SHPR for a conversation about what language to use when resistance surfaces in the workplace. Our experts will stay on the call 30 minutes after the event to discuss your specific DEI needs at Peace Corps. \nAs a thank-you and incentive, we\u2019ll provide you with a sample of one of our interactive eLearning programs. To gain access, \nschedule a time\n that\u2019s convenient for you to discuss how LCW can reinvigorate your 2023 DEI efforts. \nI look forward to hearing from you and hope to see you on Tuesday! \nKind regards, \nHannah\u200b \nHannah Strack \nBusiness Development Associate\n \n+1 773-828-1202 \nWould you like to meet? https://meetings.hubspot.com/hannah-strack/lcw-business-development- \n \nwww\n | \nTwitter\n | \nFacebook\n | \nLinkedIn\n \nOn Mon, May 22, 2023 at 10:22 AM, Hannah Strack \n<\nh.strack@lcwmail.com\n>\n wrote: \nDear Emily\u200b, \nGreetings from LCW! I hope your week is starting well. \nBeginning in 2020, we saw a resurgence of companies making unprecedented commitments to advancing DEI in the workplace. However, especially this year, we saw many of these DEI initiatives stall. Now we\u2019re halfway through 2023, but there\u2019s still time to move the needle from commitment to action. \nTo help you make quick and sustainable progress at United States Peace Corps, LCW is offering a \nlimited-time 30% discount on any new statement of work signed by June 30, 2023\n. \nTo preview our expertise in action, I\u2019d like to invite you to our complimentary webinar \u201c \nAsk an Expert Anything: Responding to Resistance to DEI\n,\u201d facilitated by Executive Coach and Master Facilitator Jeffrey Cookson, GPHR, SPHR. \nJoin us on Tuesday, May 30 at 12pm\n as we identify specific language to use and avoid when resistance surfaces in the workplace. \nI look forward to hearing from you\u2014let me know how LCW can best help you meet your DEI goals for 2023. \nKind regards, \nHannah\u200b \nHannah Strack \nBusiness Development Associate\n \n+1 773-828-1202 \nWould you like to meet? https://meetings.hubspot.com/hannah-strack/lcw-business-development- \n \nwww\n | \nTwitter\n | \nFacebook\n | \nLinkedIn",
    "received_at": "2023-05-26T20:14:06+00:00",
    "sent_at": "2023-05-26T20:14:05+00:00",
    "date_extracted": "2025-04-04T22:27:34.318023"
  },
  {
    "email_id": "AAMkAGM5ZmNhNDA3LTRiOGItNGI2Ni05MzMwLTcwNzljOWJjYzE3YwBGAAAAAABl0bLH8fzqTLbBKv0UF3DyBwCo2mfEAVyUSoBsjvn-RlndAAAAAAEJAACo2mfEAVyUSoBsjvn-RlndAADf7GTDAAA=",
    "conversation_id": "AAQkAGM5ZmNhNDA3LTRiOGItNGI2Ni05MzMwLTcwNzljOWJjYzE3YwAQAA-lTBfAmg5OmKJOB6waX1c=",
    "from": "h.strack@lcwmail.com",
    "to": "esabela.cruz@uhgbrasil.com.br",
    "reply_to": "h.strack@lcwmail.com",
    "in_reply_to": "N/A",
    "subject": "Advancing DEI in the Workplace",
    "body": "Dear Esabela, \nI hope you are well! As a gentle reminder, our complimentary webinar is taking place next Tuesday at 12pm CT: \u201c \nAsk an Expert Anything: Responding to Resistance to DEI\n\u201d\u2014 \nprior registration is required\n. \nJoin Executive Coach and Master Facilitator Jeffrey Cookson, GHPR, SHPR for a conversation about what language to use when resistance surfaces in the workplace. Our experts will stay on the call 30 minutes after the event to discuss your specific DEI needs at Uhgbrasil. \nAs a thank-you and incentive, we\u2019ll provide you with a sample of one of our interactive eLearning programs. To gain access, \nschedule a time\n that\u2019s convenient for you to discuss how LCW can reinvigorate your 2023 DEI efforts. \nI look forward to hearing from you and hope to see you on Tuesday! \nKind regards, \nHannah\u200b \nHannah Strack \nBusiness Development Associate\n \n+1 773-828-1202 \nWould you like to meet? https://meetings.hubspot.com/hannah-strack/lcw-business-development- \n \nwww\n | \nTwitter\n | \nFacebook\n | \nLinkedIn\n \nOn Mon, May 22, 2023 at 10:21 AM, Hannah Strack \n<\nh.strack@lcwmail.com\n>\n wrote: \nDear Esabela\u200b, \nGreetings from LCW! I hope your week is starting well. \nBeginning in 2020, we saw a resurgence of companies making unprecedented commitments to advancing DEI in the workplace. However, especially this year, we saw many of these DEI initiatives stall. Now we\u2019re halfway through 2023, but there\u2019s still time to move the needle from commitment to action. \nTo help you make quick and sustainable progress at UnitedHealth Group, LCW is offering a \nlimited-time 30% discount on any new statement of work signed by June 30, 2023\n. \nTo preview our expertise in action, I\u2019d like to invite you to our complimentary webinar \u201c \nAsk an Expert Anything: Responding to Resistance to DEI\n,\u201d facilitated by Executive Coach and Master Facilitator Jeffrey Cookson, GPHR, SPHR. \nJoin us on Tuesday, May 30 at 12pm\n as we identify specific language to use and avoid when resistance surfaces in the workplace. \nI look forward to hearing from you\u2014let me know how LCW can best help you meet your DEI goals for 2023. \nKind regards, \nHannah\u200b \nHannah Strack \nBusiness Development Associate\n \n+1 773-828-1202 \nWould you like to meet? https://meetings.hubspot.com/hannah-strack/lcw-business-development- \n \nwww\n | \nTwitter\n | \nFacebook\n | \nLinkedIn",
    "received_at": "2023-05-26T20:13:07+00:00",
    "sent_at": "2023-05-26T20:13:06+00:00",
    "date_extracted": "2025-04-04T22:27:40.483485"
  },
  {
    "email_id": "AAMkAGM5ZmNhNDA3LTRiOGItNGI2Ni05MzMwLTcwNzljOWJjYzE3YwBGAAAAAABl0bLH8fzqTLbBKv0UF3DyBwCo2mfEAVyUSoBsjvn-RlndAAAAAAEJAACo2mfEAVyUSoBsjvn-RlndAADf7GTCAAA=",
    "conversation_id": "AAQkAGM5ZmNhNDA3LTRiOGItNGI2Ni05MzMwLTcwNzljOWJjYzE3YwAQAMNuxcFU7l1NjJv-d2r7jkE=",
    "from": "h.strack@lcwmail.com",
    "to": "alfonso@teamdynamicsmn.com",
    "reply_to": "h.strack@lcwmail.com",
    "in_reply_to": "N/A",
    "subject": "Advancing DEI in the Workplace",
    "body": "Dear Alfonso, \nI hope you are well! As a gentle reminder, our complimentary webinar is taking place next Tuesday at 12pm CT: \u201c \nAsk an Expert Anything: Responding to Resistance to DEI\n\u201d\u2014 \nprior registration is required\n. \nJoin Executive Coach and Master Facilitator Jeffrey Cookson, GHPR, SHPR for a conversation about what language to use when resistance surfaces in the workplace. Our experts will stay on the call 30 minutes after the event to discuss your specific DEI needs at Team Dynamics. \nAs a thank-you and incentive, we\u2019ll provide you with a sample of one of our interactive eLearning programs. To gain access, \nschedule a time\n that\u2019s convenient for you to discuss how LCW can reinvigorate your 2023 DEI efforts. \nI look forward to hearing from you and hope to see you on Tuesday! \nKind regards, \nHannah\u200b \nHannah Strack \nBusiness Development Associate\n \n+1 773-828-1202 \nWould you like to meet? https://meetings.hubspot.com/hannah-strack/lcw-business-development- \n \nwww\n | \nTwitter\n | \nFacebook\n | \nLinkedIn\n \nOn Mon, May 22, 2023 at 10:20 AM, Hannah Strack \n<\nh.strack@lcwmail.com\n>\n wrote: \nDear Alfonso\u200b, \nGreetings from LCW! I hope your week is starting well. \nBeginning in 2020, we saw a resurgence of companies making unprecedented commitments to advancing DEI in the workplace. However, especially this year, we saw many of these DEI initiatives stall. Now we\u2019re halfway through 2023, but there\u2019s still time to move the needle from commitment to action. \nTo help you make quick and sustainable progress at Team Dynamics, LCW is offering a \nlimited-time 30% discount on any new statement of work signed by June 30, 2023\n. \nTo preview our expertise in action, I\u2019d like to invite you to our complimentary webinar \u201c \nAsk an Expert Anything: Responding to Resistance to DEI\n,\u201d facilitated by Executive Coach and Master Facilitator Jeffrey Cookson, GPHR, SPHR. \nJoin us on Tuesday, May 30 at 12pm\n as we identify specific language to use and avoid when resistance surfaces in the workplace. \nI look forward to hearing from you\u2014let me know how LCW can best help you meet your DEI goals for 2023. \nKind regards, \nHannah\u200b \nHannah Strack \nBusiness Development Associate\n \n+1 773-828-1202 \nWould you like to meet? https://meetings.hubspot.com/hannah-strack/lcw-business-development- \n \nwww\n | \nTwitter\n | \nFacebook\n | \nLinkedIn",
    "received_at": "2023-05-26T20:12:08+00:00",
    "sent_at": "2023-05-26T20:12:08+00:00",
    "date_extracted": "2025-04-04T22:27:37.469607"
  },
  {
    "email_id": "AAMkAGM5ZmNhNDA3LTRiOGItNGI2Ni05MzMwLTcwNzljOWJjYzE3YwBGAAAAAABl0bLH8fzqTLbBKv0UF3DyBwCo2mfEAVyUSoBsjvn-RlndAAAAAAEJAACo2mfEAVyUSoBsjvn-RlndAADf7GTBAAA=",
    "conversation_id": "AAQkAGM5ZmNhNDA3LTRiOGItNGI2Ni05MzMwLTcwNzljOWJjYzE3YwAQACiB4S-DhlRFsSautNWPCVU=",
    "from": "h.strack@lcwmail.com",
    "to": "robinjohnson@umpquabank.com",
    "reply_to": "h.strack@lcwmail.com",
    "in_reply_to": "N/A",
    "subject": "Advancing DEI in the Workplace",
    "body": "Dear Robin, \nI hope you are well! As a gentle reminder, our complimentary webinar is taking place next Tuesday at 12pm CT: \u201c \nAsk an Expert Anything: Responding to Resistance to DEI\n\u201d\u2014 \nprior registration is required\n. \nJoin Executive Coach and Master Facilitator Jeffrey Cookson, GHPR, SHPR for a conversation about what language to use when resistance surfaces in the workplace. Our experts will stay on the call 30 minutes after the event to discuss your specific DEI needs at Cottage Health. \nAs a thank-you and incentive, we\u2019ll provide you with a sample of one of our interactive eLearning programs. To gain access, \nschedule a time\n that\u2019s convenient for you to discuss how LCW can reinvigorate your 2023 DEI efforts. \nI look forward to hearing from you and hope to see you on Tuesday! \nKind regards, \nHannah\u200b \nHannah Strack \nBusiness Development Associate\n \n+1 773-828-1202 \nWould you like to meet? https://meetings.hubspot.com/hannah-strack/lcw-business-development- \n \nwww\n | \nTwitter\n | \nFacebook\n | \nLinkedIn\n \nOn Mon, May 22, 2023 at 10:20 AM, Hannah Strack \n<\nh.strack@lcwmail.com\n>\n wrote: \nDear Robin\u200b, \nGreetings from LCW! I hope your week is starting well. \nBeginning in 2020, we saw a resurgence of companies making unprecedented commitments to advancing DEI in the workplace. However, especially this year, we saw many of these DEI initiatives stall. Now we\u2019re halfway through 2023, but there\u2019s still time to move the needle from commitment to action. \nTo help you make quick and sustainable progress at Cottage Health, LCW is offering a \nlimited-time 30% discount on any new statement of work signed by June 30, 2023\n. \nTo preview our expertise in action, I\u2019d like to invite you to our complimentary webinar \u201c \nAsk an Expert Anything: Responding to Resistance to DEI\n,\u201d facilitated by Executive Coach and Master Facilitator Jeffrey Cookson, GPHR, SPHR. \nJoin us on Tuesday, May 30 at 12pm\n as we identify specific language to use and avoid when resistance surfaces in the workplace. \nI look forward to hearing from you\u2014let me know how LCW can best help you meet your DEI goals for 2023. \nKind regards, \nHannah\u200b \nHannah Strack \nBusiness Development Associate\n \n+1 773-828-1202 \nWould you like to meet? https://meetings.hubspot.com/hannah-strack/lcw-business-development- \n \nwww\n | \nTwitter\n | \nFacebook\n | \nLinkedIn",
    "received_at": "2023-05-26T20:12:07+00:00",
    "sent_at": "2023-05-26T20:12:06+00:00",
    "date_extracted": "2025-04-04T22:27:34.445492"
  },
  {
    "email_id": "AAMkAGM5ZmNhNDA3LTRiOGItNGI2Ni05MzMwLTcwNzljOWJjYzE3YwBGAAAAAABl0bLH8fzqTLbBKv0UF3DyBwCo2mfEAVyUSoBsjvn-RlndAAAAAAEJAACo2mfEAVyUSoBsjvn-RlndAADf7GTAAAA=",
    "conversation_id": "AAQkAGM5ZmNhNDA3LTRiOGItNGI2Ni05MzMwLTcwNzljOWJjYzE3YwAQAMj68OT2AMtNuXztiVA2x1g=",
    "from": "h.strack@lcwmail.com",
    "to": "dana_r_simms@uhc.com",
    "reply_to": "h.strack@lcwmail.com",
    "in_reply_to": "N/A",
    "subject": "Advancing DEI in the Workplace",
    "body": "Dear Dana, \nI hope you are well! As a gentle reminder, our complimentary webinar is taking place next Tuesday at 12pm CT: \u201c \nAsk an Expert Anything: Responding to Resistance to DEI\n\u201d\u2014 \nprior registration is required\n. \nJoin Executive Coach and Master Facilitator Jeffrey Cookson, GHPR, SHPR for a conversation about what language to use when resistance surfaces in the workplace. Our experts will stay on the call 30 minutes after the event to discuss your specific DEI needs at United Healthcare. \nAs a thank-you and incentive, we\u2019ll provide you with a sample of one of our interactive eLearning programs. To gain access, \nschedule a time\n that\u2019s convenient for you to discuss how LCW can reinvigorate your 2023 DEI efforts. \nI look forward to hearing from you and hope to see you on Tuesday! \nKind regards, \nHannah\u200b \nHannah Strack \nBusiness Development Associate\n \n+1 773-828-1202 \nWould you like to meet? https://meetings.hubspot.com/hannah-strack/lcw-business-development- \n \nwww\n | \nTwitter\n | \nFacebook\n | \nLinkedIn\n \nOn Mon, May 22, 2023 at 10:20 AM, Hannah Strack \n<\nh.strack@lcwmail.com\n>\n wrote: \nDear Dana\u200b, \nGreetings from LCW! I hope your week is starting well. \nBeginning in 2020, we saw a resurgence of companies making unprecedented commitments to advancing DEI in the workplace. However, especially this year, we saw many of these DEI initiatives stall. Now we\u2019re halfway through 2023, but there\u2019s still time to move the needle from commitment to action. \nTo help you make quick and sustainable progress at UnitedHealthcare, LCW is offering a \nlimited-time 30% discount on any new statement of work signed by June 30, 2023\n. \nTo preview our expertise in action, I\u2019d like to invite you to our complimentary webinar \u201c \nAsk an Expert Anything: Responding to Resistance to DEI\n,\u201d facilitated by Executive Coach and Master Facilitator Jeffrey Cookson, GPHR, SPHR. \nJoin us on Tuesday, May 30 at 12pm\n as we identify specific language to use and avoid when resistance surfaces in the workplace. \nI look forward to hearing from you\u2014let me know how LCW can best help you meet your DEI goals for 2023. \nKind regards, \nHannah\u200b \nHannah Strack \nBusiness Development Associate\n \n+1 773-828-1202 \nWould you like to meet? https://meetings.hubspot.com/hannah-strack/lcw-business-development- \n \nwww\n | \nTwitter\n | \nFacebook\n | \nLinkedIn",
    "received_at": "2023-05-26T20:12:05+00:00",
    "sent_at": "2023-05-26T20:12:04+00:00",
    "date_extracted": "2025-04-04T22:27:34.336490"
  },
  {
    "email_id": "AAMkAGM5ZmNhNDA3LTRiOGItNGI2Ni05MzMwLTcwNzljOWJjYzE3YwBGAAAAAABl0bLH8fzqTLbBKv0UF3DyBwCo2mfEAVyUSoBsjvn-RlndAAAAAAEJAACo2mfEAVyUSoBsjvn-RlndAADf7GS-AAA=",
    "conversation_id": "AAQkAGM5ZmNhNDA3LTRiOGItNGI2Ni05MzMwLTcwNzljOWJjYzE3YwAQAHJM60ytbepHgDLA21TK7Ew=",
    "from": "h.strack@lcwmail.com",
    "to": "fjanes@beneficialstate.org",
    "reply_to": "h.strack@lcwmail.com",
    "in_reply_to": "N/A",
    "subject": "Advancing DEI in the Workplace",
    "body": "Dear Francis, \nI hope you are well! As a gentle reminder, our complimentary webinar is taking place next Tuesday at 12pm CT: \u201c \nAsk an Expert Anything: Responding to Resistance to DEI\n\u201d\u2014 \nprior registration is required\n. \nJoin Executive Coach and Master Facilitator Jeffrey Cookson, GHPR, SHPR for a conversation about what language to use when resistance surfaces in the workplace. Our experts will stay on the call 30 minutes after the event to discuss your specific DEI needs at Beneficial State Foundation. \nAs a thank-you and incentive, we\u2019ll provide you with a sample of one of our interactive eLearning programs. To gain access, \nschedule a time\n that\u2019s convenient for you to discuss how LCW can reinvigorate your 2023 DEI efforts. \nI look forward to hearing from you and hope to see you on Tuesday! \nKind regards, \nHannah\u200b \nHannah Strack \nBusiness Development Associate\n \n+1 773-828-1202 \nWould you like to meet? https://meetings.hubspot.com/hannah-strack/lcw-business-development- \n \nwww\n | \nTwitter\n | \nFacebook\n | \nLinkedIn\n \nOn Mon, May 22, 2023 at 11:23 AM, Hannah Strack \n<\nh.strack@lcwmail.com\n>\n wrote: \nDear Francis\u200b, \nGreetings from LCW! I hope your week is starting well. \nBeginning in 2020, we saw a resurgence of companies making unprecedented commitments to advancing DEI in the workplace. However, especially this year, we saw many of these DEI initiatives stall. Now we\u2019re halfway through 2023, but there\u2019s still time to move the needle from commitment to action. \nTo help you make quick and sustainable progress at Beneficial State Foundation, LCW is offering a \nlimited-time 30% discount on any new statement of work signed by June 30, 2023\n. \nTo preview our expertise in action, I\u2019d like to invite you to our complimentary webinar \u201c \nAsk an Expert Anything: Responding to Resistance to DEI\n,\u201d facilitated by Executive Coach and Master Facilitator Jeffrey Cookson, GPHR, SPHR. \nJoin us on Tuesday, May 30 at 12pm\n as we identify specific language to use and avoid when resistance surfaces in the workplace. \nI look forward to hearing from you\u2014let me know how LCW can best help you meet your DEI goals for 2023. \nKind regards, \nHannah\u200b \nHannah Strack \nBusiness Development Associate\n \n+1 773-828-1202 \nWould you like to meet? https://meetings.hubspot.com/hannah-strack/lcw-business-development- \n \nwww\n | \nTwitter\n | \nFacebook\n | \nLinkedIn",
    "received_at": "2023-05-26T19:49:03+00:00",
    "sent_at": "2023-05-26T19:49:02+00:00",
    "date_extracted": "2025-04-04T22:27:34.558521"
  },
  {
    "email_id": "AAMkAGM5ZmNhNDA3LTRiOGItNGI2Ni05MzMwLTcwNzljOWJjYzE3YwBGAAAAAABl0bLH8fzqTLbBKv0UF3DyBwCo2mfEAVyUSoBsjvn-RlndAAAAAAEJAACo2mfEAVyUSoBsjvn-RlndAADf7GS_AAA=",
    "conversation_id": "AAQkAGM5ZmNhNDA3LTRiOGItNGI2Ni05MzMwLTcwNzljOWJjYzE3YwAQAOXZphTWnlpKu3u6GNnBQsI=",
    "from": "h.strack@lcwmail.com",
    "to": "rrichards@forrester.com",
    "reply_to": "h.strack@lcwmail.com",
    "in_reply_to": "N/A",
    "subject": "Advancing DEI in the Workplace",
    "body": "Dear Rebecca, \nI hope you are well! As a gentle reminder, our complimentary webinar is taking place next Tuesday at 12pm CT: \u201c \nAsk an Expert Anything: Responding to Resistance to DEI\n\u201d\u2014 \nprior registration is required\n. \nJoin Executive Coach and Master Facilitator Jeffrey Cookson, GHPR, SHPR for a conversation about what language to use when resistance surfaces in the workplace. Our experts will stay on the call 30 minutes after the event to discuss your specific DEI needs at Forrester Research. \nAs a thank-you and incentive, we\u2019ll provide you with a sample of one of our interactive eLearning programs. To gain access, \nschedule a time\n that\u2019s convenient for you to discuss how LCW can reinvigorate your 2023 DEI efforts. \nI look forward to hearing from you and hope to see you on Tuesday! \nKind regards, \nHannah\u200b \nHannah Strack \nBusiness Development Associate\n \n+1 773-828-1202 \nWould you like to meet? https://meetings.hubspot.com/hannah-strack/lcw-business-development- \n \nwww\n | \nTwitter\n | \nFacebook\n | \nLinkedIn\n \nOn Mon, May 22, 2023 at 11:23 AM, Hannah Strack \n<\nh.strack@lcwmail.com\n>\n wrote: \nDear Rebecca\u200b, \nGreetings from LCW! I hope your week is starting well. \nBeginning in 2020, we saw a resurgence of companies making unprecedented commitments to advancing DEI in the workplace. However, especially this year, we saw many of these DEI initiatives stall. Now we\u2019re halfway through 2023, but there\u2019s still time to move the needle from commitment to action. \nTo help you make quick and sustainable progress at Forrester Research, LCW is offering a \nlimited-time 30% discount on any new statement of work signed by June 30, 2023\n. \nTo preview our expertise in action, I\u2019d like to invite you to our complimentary webinar \u201c \nAsk an Expert Anything: Responding to Resistance to DEI\n,\u201d facilitated by Executive Coach and Master Facilitator Jeffrey Cookson, GPHR, SPHR. \nJoin us on Tuesday, May 30 at 12pm\n as we identify specific language to use and avoid when resistance surfaces in the workplace. \nI look forward to hearing from you\u2014let me know how LCW can best help you meet your DEI goals for 2023. \nKind regards, \nHannah\u200b \nHannah Strack \nBusiness Development Associate\n \n+1 773-828-1202 \nWould you like to meet? https://meetings.hubspot.com/hannah-strack/lcw-business-development- \n \nwww\n | \nTwitter\n | \nFacebook\n | \nLinkedIn",
    "received_at": "2023-05-26T19:49:02+00:00",
    "sent_at": "2023-05-26T19:49:01+00:00",
    "date_extracted": "2025-04-04T22:27:34.320760"
  }
]