[
  {
    "email_id": "AAMkADZkOWJiMDgzLTIzZDgtNDg4OC04OTcwLTNkMzBhMGQ1NDM0MABGAAAAAAAh8CRQCBC4TqVn6VRhE_nOBwC4vGNilrfsSbJyNmZNZTnBAAAAAAEJAAC4vGNilrfsSbJyNmZNZTnBAAHXpoa3AAA=",
    "conversation_id": "AAQkADZkOWJiMDgzLTIzZDgtNDg4OC04OTcwLTNkMzBhMGQ1NDM0MAAQABiKAelbU2BNoQw5rTxUKU8=",
    "from": "P.seminario@lcwmail.com",
    "to": "k.darugar@fetchrewards.com",
    "reply_to": "P.seminario@lcwmail.com",
    "in_reply_to": "N/A",
    "subject": "Missed Our Neurodiversity Spotlight Preview? Watch the Recording!",
    "body": "Hi Khadija,\u200b\n \nJust a quick follow-up in case you missed my earlier email:\n \nOur live preview of \nNeurodiversity Inclusion in the Workplace\n was a big success, and the recording is now available!\n \nNeurodiversity Inclusion in the Workplace\n \nFeel free to share this resource with your team or network\u2014it's packed with practical insights and actionable strategies for creating inclusive workplaces.\n \nHave questions or want to explore cost-effective training solutions? Schedule a meeting with us using this \ncalendar link\n.\n \nWishing you a wonderful holiday session!\n \nAll the best,\n \nPedro Seminario\n \nClient Solutions Associate\n \nEmail: \np.seminario@lcwmail.com\n \nPhone: 773-389-5167 \n \nWebsite\n | \nTwitter\n | \nFacebook\n | \nLinkedIn\n \nView our upcoming events\n | \nSign up for our newsletter\n \nOn Fri, Dec 6, 2024 at 12:04 PM, Pedro Seminario \n<\np.seminario@lcwmail.com\n>\n wrote: \nHi Khadija,\u200b\n \nThank you for your interest in our recent live preview of the newest LCW Spotlight session on \nNeurodiversity Inclusion in the Workplace\n. We\u2019ve heard from other attendees that the session proved to be a catalyst for rich conversations in their organizations, and we're thrilled with the engagement and insights shared.\n \nIf you missed the live session\u2014or want to revisit key moments\u2014you can now access the recording!\n \nSpotlight on Neurodiversity in the Workplace\n \nThis recording is a great resource to:\n \nCatch up on what you missed if you were unable to attend.\nShare with decision-making leaders and colleagues who couldn\u2019t attend.\nReflect on ways to foster more inclusive environments for neurodivergent talent.\nWe believe that this preview will inspire deeper conversations within your team. Let us know if we can connect with you on scheduling sessions for your organization or if you'd like to learn more about our other award-winning, cost-effective training or consulting solutions.\n \nSchedule a Meeting\n \nFor additional insights, feel free to explore our latest blog post on \nneurodiversity\n.\n \nLooking forward to connecting with you!\n \nAll the best,\n \nPedro Seminario\n \nClient Solutions Associate\n \nEmail: \np.seminario@lcwmail.com\n \nPhone: 773-389-5167 \n \nWebsite\n | \nTwitter\n | \nFacebook\n | \nLinkedIn\n \nView our upcoming events\n | \nSign up for our newsletter",
    "received_at": "2024-12-13T16:48:02+00:00",
    "sent_at": "2024-12-13T16:48:01+00:00",
    "date_extracted": "2025-04-04T22:27:31.690624"
  },
  {
    "email_id": "AAMkADZkOWJiMDgzLTIzZDgtNDg4OC04OTcwLTNkMzBhMGQ1NDM0MABGAAAAAAAh8CRQCBC4TqVn6VRhE_nOBwC4vGNilrfsSbJyNmZNZTnBAAAAAAEJAAC4vGNilrfsSbJyNmZNZTnBAAHXpoa2AAA=",
    "conversation_id": "AAQkADZkOWJiMDgzLTIzZDgtNDg4OC04OTcwLTNkMzBhMGQ1NDM0MAAQAOlm8A4cmiVFsMySTo6uzTo=",
    "from": "P.seminario@lcwmail.com",
    "to": "shanamk@amazon.com",
    "reply_to": "P.seminario@lcwmail.com",
    "in_reply_to": "N/A",
    "subject": "Missed Our Neurodiversity Spotlight Preview? Watch the Recording!",
    "body": "Hi Shanam,\u200b\n \nJust a quick follow-up in case you missed my earlier email:\n \nOur live preview of \nNeurodiversity Inclusion in the Workplace\n was a big success, and the recording is now available!\n \nNeurodiversity Inclusion in the Workplace\n \nFeel free to share this resource with your team or network\u2014it's packed with practical insights and actionable strategies for creating inclusive workplaces.\n \nHave questions or want to explore cost-effective training solutions? Schedule a meeting with us using this \ncalendar link\n.\n \nWishing you a wonderful holiday session!\n \nAll the best,\n \nPedro Seminario\n \nClient Solutions Associate\n \nEmail: \np.seminario@lcwmail.com\n \nPhone: 773-389-5167 \n \nWebsite\n | \nTwitter\n | \nFacebook\n | \nLinkedIn\n \nView our upcoming events\n | \nSign up for our newsletter\n \nOn Fri, Dec 6, 2024 at 9:29 AM, Pedro Seminario \n<\np.seminario@lcwmail.com\n>\n wrote: \nHi Shanam,\u200b\n \nThank you for your interest in our recent live preview of the newest LCW Spotlight session on \nNeurodiversity Inclusion in the Workplace\n. We\u2019ve heard from other attendees that the session proved to be a catalyst for rich conversations in their organizations, and we're thrilled with the engagement and insights shared.\n \nIf you missed the live session\u2014or want to revisit key moments\u2014you can now access the recording!\n \nSpotlight on Neurodiversity in the Workplace\n \nThis recording is a great resource to:\n \nCatch up on what you missed if you were unable to attend.\nShare with decision-making leaders and colleagues who couldn\u2019t attend.\nReflect on ways to foster more inclusive environments for neurodivergent talent.\nWe believe that this preview will inspire deeper conversations within your team. Let us know if we can connect with you on scheduling sessions for your organization or if you'd like to learn more about our other award-winning, cost-effective training or consulting solutions.\n \nSchedule a Meeting\n \nFor additional insights, feel free to explore our latest blog post on \nneurodiversity\n.\n \nLooking forward to connecting with you!\n \nAll the best,\n \nPedro Seminario\n \nClient Solutions Associate\n \nEmail: \np.seminario@lcwmail.com\n \nPhone: 773-389-5167 \n \nWebsite\n | \nTwitter\n | \nFacebook\n | \nLinkedIn\n \nView our upcoming events\n | \nSign up for our newsletter",
    "received_at": "2024-12-13T16:23:05+00:00",
    "sent_at": "2024-12-13T16:23:05+00:00",
    "date_extracted": "2025-04-04T22:27:31.660570"
  },
  {
    "email_id": "AAMkADZkOWJiMDgzLTIzZDgtNDg4OC04OTcwLTNkMzBhMGQ1NDM0MABGAAAAAAAh8CRQCBC4TqVn6VRhE_nOBwC4vGNilrfsSbJyNmZNZTnBAAAAAAEJAAC4vGNilrfsSbJyNmZNZTnBAAHXpoa1AAA=",
    "conversation_id": "AAQkADZkOWJiMDgzLTIzZDgtNDg4OC04OTcwLTNkMzBhMGQ1NDM0MAAQAIt-FKh9wRpHt2mWgkEGy18=",
    "from": "P.seminario@lcwmail.com",
    "to": "daynise@google.com",
    "reply_to": "P.seminario@lcwmail.com",
    "in_reply_to": "N/A",
    "subject": "Missed Our Neurodiversity Spotlight Preview? Watch the Recording!",
    "body": "Hi Daynise,\u200b\n \nJust a quick follow-up in case you missed my earlier email:\n \nOur live preview of \nNeurodiversity Inclusion in the Workplace\n was a big success, and the recording is now available!\n \nNeurodiversity Inclusion in the Workplace\n \nFeel free to share this resource with your team or network\u2014it's packed with practical insights and actionable strategies for creating inclusive workplaces.\n \nHave questions or want to explore cost-effective training solutions? Schedule a meeting with us using this \ncalendar link\n.\n \nWishing you a wonderful holiday session!\n \nAll the best,\n \nPedro Seminario\n \nClient Solutions Associate\n \nEmail: \np.seminario@lcwmail.com\n \nPhone: 773-389-5167 \n \nWebsite\n | \nTwitter\n | \nFacebook\n | \nLinkedIn\n \nView our upcoming events\n | \nSign up for our newsletter\n \nOn Fri, Dec 6, 2024 at 9:28 AM, Pedro Seminario \n<\np.seminario@lcwmail.com\n>\n wrote: \nHi Daynise,\u200b\n \nThank you for your interest in our recent live preview of the newest LCW Spotlight session on \nNeurodiversity Inclusion in the Workplace\n. We\u2019ve heard from other attendees that the session proved to be a catalyst for rich conversations in their organizations, and we're thrilled with the engagement and insights shared.\n \nIf you missed the live session\u2014or want to revisit key moments\u2014you can now access the recording!\n \nSpotlight on Neurodiversity in the Workplace\n \nThis recording is a great resource to:\n \nCatch up on what you missed if you were unable to attend.\nShare with decision-making leaders and colleagues who couldn\u2019t attend.\nReflect on ways to foster more inclusive environments for neurodivergent talent.\nWe believe that this preview will inspire deeper conversations within your team. Let us know if we can connect with you on scheduling sessions for your organization or if you'd like to learn more about our other award-winning, cost-effective training or consulting solutions.\n \nSchedule a Meeting\n \nFor additional insights, feel free to explore our latest blog post on \nneurodiversity\n.\n \nLooking forward to connecting with you!\n \nAll the best,\n \nPedro Seminario\n \nClient Solutions Associate\n \nEmail: \np.seminario@lcwmail.com\n \nPhone: 773-389-5167 \n \nWebsite\n | \nTwitter\n | \nFacebook\n | \nLinkedIn\n \nView our upcoming events\n | \nSign up for our newsletter",
    "received_at": "2024-12-13T16:01:08+00:00",
    "sent_at": "2024-12-13T16:01:07+00:00",
    "date_extracted": "2025-04-04T22:27:31.724795"
  },
  {
    "email_id": "AAMkADZkOWJiMDgzLTIzZDgtNDg4OC04OTcwLTNkMzBhMGQ1NDM0MABGAAAAAAAh8CRQCBC4TqVn6VRhE_nOBwC4vGNilrfsSbJyNmZNZTnBAAAAAAEJAAC4vGNilrfsSbJyNmZNZTnBAAHXpoa0AAA=",
    "conversation_id": "AAQkADZkOWJiMDgzLTIzZDgtNDg4OC04OTcwLTNkMzBhMGQ1NDM0MAAQAFB6I5QEgRBKruk9o6g3bK8=",
    "from": "P.seminario@lcwmail.com",
    "to": "sophearaysmith@amazon.com",
    "reply_to": "P.seminario@lcwmail.com",
    "in_reply_to": "N/A",
    "subject": "Missed Our Neurodiversity Spotlight Preview? Watch the Recording!",
    "body": "Hi Sophearay,\u200b\n \nJust a quick follow-up in case you missed my earlier email:\n \nOur live preview of \nNeurodiversity Inclusion in the Workplace\n was a big success, and the recording is now available!\n \nNeurodiversity Inclusion in the Workplace\n \nFeel free to share this resource with your team or network\u2014it's packed with practical insights and actionable strategies for creating inclusive workplaces.\n \nHave questions or want to explore cost-effective training solutions? Schedule a meeting with us using this \ncalendar link\n.\n \nWishing you a wonderful holiday session!\n \nAll the best,\n \nPedro Seminario\n \nClient Solutions Associate\n \nEmail: \np.seminario@lcwmail.com\n \nPhone: 773-389-5167 \n \nWebsite\n | \nTwitter\n | \nFacebook\n | \nLinkedIn\n \nView our upcoming events\n | \nSign up for our newsletter\n \nOn Fri, Dec 6, 2024 at 12:07 PM, Pedro Seminario \n<\np.seminario@lcwmail.com\n>\n wrote: \nHi Sophearay,\u200b\n \nThank you for your interest in our recent live preview of the newest LCW Spotlight session on \nNeurodiversity Inclusion in the Workplace\n. We\u2019ve heard from other attendees that the session proved to be a catalyst for rich conversations in their organizations, and we're thrilled with the engagement and insights shared.\n \nIf you missed the live session\u2014or want to revisit key moments\u2014you can now access the recording!\n \nSpotlight on Neurodiversity in the Workplace\n \nThis recording is a great resource to:\n \nCatch up on what you missed if you were unable to attend.\nShare with decision-making leaders and colleagues who couldn\u2019t attend.\nReflect on ways to foster more inclusive environments for neurodivergent talent.\nWe believe that this preview will inspire deeper conversations within your team. Let us know if we can connect with you on scheduling sessions for your organization or if you'd like to learn more about our other award-winning, cost-effective training or consulting solutions.\n \nSchedule a Meeting\n \nFor additional insights, feel free to explore our latest blog post on \nneurodiversity\n.\n \nLooking forward to connecting with you!\n \nAll the best,\n \nPedro Seminario\n \nClient Solutions Associate\n \nEmail: \np.seminario@lcwmail.com\n \nPhone: 773-389-5167 \n \nWebsite\n | \nTwitter\n | \nFacebook\n | \nLinkedIn\n \nView our upcoming events\n | \nSign up for our newsletter",
    "received_at": "2024-12-13T15:57:04+00:00",
    "sent_at": "2024-12-13T15:57:03+00:00",
    "date_extracted": "2025-04-04T22:27:41.900845"
  },
  {
    "email_id": "AAMkADZkOWJiMDgzLTIzZDgtNDg4OC04OTcwLTNkMzBhMGQ1NDM0MABGAAAAAAAh8CRQCBC4TqVn6VRhE_nOBwC4vGNilrfsSbJyNmZNZTnBAAAAAAEJAAC4vGNilrfsSbJyNmZNZTnBAAHXpoazAAA=",
    "conversation_id": "AAQkADZkOWJiMDgzLTIzZDgtNDg4OC04OTcwLTNkMzBhMGQ1NDM0MAAQAN0cIAkx6mJHl9xh1YJfydg=",
    "from": "P.seminario@lcwmail.com",
    "to": "laurens@dreamday.la",
    "reply_to": "P.seminario@lcwmail.com",
    "in_reply_to": "N/A",
    "subject": "Missed Our Neurodiversity Spotlight Preview? Watch the Recording!",
    "body": "Hi Lauren,\u200b\n \nJust a quick follow-up in case you missed my earlier email:\n \nOur live preview of \nNeurodiversity Inclusion in the Workplace\n was a big success, and the recording is now available!\n \nNeurodiversity Inclusion in the Workplace\n \nFeel free to share this resource with your team or network\u2014it's packed with practical insights and actionable strategies for creating inclusive workplaces.\n \nHave questions or want to explore cost-effective training solutions? Schedule a meeting with us using this \ncalendar link\n.\n \nWishing you a wonderful holiday session!\n \nAll the best,\n \nPedro Seminario\n \nClient Solutions Associate\n \nEmail: \np.seminario@lcwmail.com\n \nPhone: 773-389-5167 \n \nWebsite\n | \nTwitter\n | \nFacebook\n | \nLinkedIn\n \nView our upcoming events\n | \nSign up for our newsletter\n \nOn Fri, Dec 6, 2024 at 12:21 PM, Pedro Seminario \n<\np.seminario@lcwmail.com\n>\n wrote: \nHi Lauren,\u200b\n \nThank you for your interest in our recent live preview of the newest LCW Spotlight session on \nNeurodiversity Inclusion in the Workplace\n. We\u2019ve heard from other attendees that the session proved to be a catalyst for rich conversations in their organizations, and we're thrilled with the engagement and insights shared.\n \nIf you missed the live session\u2014or want to revisit key moments\u2014you can now access the recording!\n \nSpotlight on Neurodiversity in the Workplace\n \nThis recording is a great resource to:\n \nCatch up on what you missed if you were unable to attend.\nShare with decision-making leaders and colleagues who couldn\u2019t attend.\nReflect on ways to foster more inclusive environments for neurodivergent talent.\nWe believe that this preview will inspire deeper conversations within your team. Let us know if we can connect with you on scheduling sessions for your organization or if you'd like to learn more about our other award-winning, cost-effective training or consulting solutions.\n \nSchedule a Meeting\n \nFor additional insights, feel free to explore our latest blog post on \nneurodiversity\n.\n \nLooking forward to connecting with you!\n \nAll the best,\n \nPedro Seminario\n \nClient Solutions Associate\n \nEmail: \np.seminario@lcwmail.com\n \nPhone: 773-389-5167 \n \nWebsite\n | \nTwitter\n | \nFacebook\n | \nLinkedIn\n \nView our upcoming events\n | \nSign up for our newsletter",
    "received_at": "2024-12-13T15:46:06+00:00",
    "sent_at": "2024-12-13T15:46:04+00:00",
    "date_extracted": "2025-04-04T22:27:31.738713"
  },
  {
    "email_id": "AAMkADZkOWJiMDgzLTIzZDgtNDg4OC04OTcwLTNkMzBhMGQ1NDM0MABGAAAAAAAh8CRQCBC4TqVn6VRhE_nOBwC4vGNilrfsSbJyNmZNZTnBAAAAAAEJAAC4vGNilrfsSbJyNmZNZTnBAAHXpoayAAA=",
    "conversation_id": "AAQkADZkOWJiMDgzLTIzZDgtNDg4OC04OTcwLTNkMzBhMGQ1NDM0MAAQAIfP1B2ZkjhEl9CHHyF9vAg=",
    "from": "P.seminario@lcwmail.com",
    "to": "theressa.irigon-rachetto@pitchbook.com",
    "reply_to": "P.seminario@lcwmail.com",
    "in_reply_to": "N/A",
    "subject": "Missed Our Neurodiversity Spotlight Preview? Watch the Recording!",
    "body": "Hi Theressa,\u200b\n \nJust a quick follow-up in case you missed my earlier email:\n \nOur live preview of \nNeurodiversity Inclusion in the Workplace\n was a big success, and the recording is now available!\n \nNeurodiversity Inclusion in the Workplace\n \nFeel free to share this resource with your team or network\u2014it's packed with practical insights and actionable strategies for creating inclusive workplaces.\n \nHave questions or want to explore cost-effective training solutions? Schedule a meeting with us using this \ncalendar link\n.\n \nWishing you a wonderful holiday session!\n \nAll the best,\n \nPedro Seminario\n \nClient Solutions Associate\n \nEmail: \np.seminario@lcwmail.com\n \nPhone: 773-389-5167 \n \nWebsite\n | \nTwitter\n | \nFacebook\n | \nLinkedIn\n \nView our upcoming events\n | \nSign up for our newsletter\n \nOn Fri, Dec 6, 2024 at 9:28 AM, Pedro Seminario \n<\np.seminario@lcwmail.com\n>\n wrote: \nHi Theressa,\u200b\n \nThank you for your interest in our recent live preview of the newest LCW Spotlight session on \nNeurodiversity Inclusion in the Workplace\n. We\u2019ve heard from other attendees that the session proved to be a catalyst for rich conversations in their organizations, and we're thrilled with the engagement and insights shared.\n \nIf you missed the live session\u2014or want to revisit key moments\u2014you can now access the recording!\n \nSpotlight on Neurodiversity in the Workplace\n \nThis recording is a great resource to:\n \nCatch up on what you missed if you were unable to attend.\nShare with decision-making leaders and colleagues who couldn\u2019t attend.\nReflect on ways to foster more inclusive environments for neurodivergent talent.\nWe believe that this preview will inspire deeper conversations within your team. Let us know if we can connect with you on scheduling sessions for your organization or if you'd like to learn more about our other award-winning, cost-effective training or consulting solutions.\n \nSchedule a Meeting\n \nFor additional insights, feel free to explore our latest blog post on \nneurodiversity\n.\n \nLooking forward to connecting with you!\n \nAll the best,\n \nPedro Seminario\n \nClient Solutions Associate\n \nEmail: \np.seminario@lcwmail.com\n \nPhone: 773-389-5167 \n \nWebsite\n | \nTwitter\n | \nFacebook\n | \nLinkedIn\n \nView our upcoming events\n | \nSign up for our newsletter",
    "received_at": "2024-12-13T15:21:10+00:00",
    "sent_at": "2024-12-13T15:21:08+00:00",
    "date_extracted": "2025-04-04T22:27:32.028446"
  },
  {
    "email_id": "AAMkADZkOWJiMDgzLTIzZDgtNDg4OC04OTcwLTNkMzBhMGQ1NDM0MABGAAAAAAAh8CRQCBC4TqVn6VRhE_nOBwC4vGNilrfsSbJyNmZNZTnBAAAAAAEJAAC4vGNilrfsSbJyNmZNZTnBAADACtVrAAA=",
    "conversation_id": "AAQkADZkOWJiMDgzLTIzZDgtNDg4OC04OTcwLTNkMzBhMGQ1NDM0MAAQAPsrxWpceEa3sc92ylfNVK0=",
    "from": "P.seminario@lcwmail.com",
    "to": "c.adams@lcwmail.com",
    "reply_to": "P.seminario@lcwmail.com",
    "in_reply_to": "N/A",
    "subject": "RE: ClientLeveling_Dec2024_MASTER-ASSIGNMENTS.xlsx",
    "body": "Hi Chuck,\n\u00a0\nThank you for the update! Will do!\n\u00a0\nAll the best,\n\u00a0\n\u00a0\nPedro Seminario\nClient Solutions Associate\nEmail: \np.seminario@lcwmail.com\nPhone: 773-389-5167\nWebsite\n\u00a0\n|\n\u00a0\nTwitter\n \n|\n\u00a0\nFacebook\n\u00a0\n|\n\u00a0\nLinkedIn\nView our upcoming events\n \n| \nSign-up for our newsletter\n\u00a0\nFrom:\n Chuck Adams <c.adams@lcwmail.com> \nSent:\n Thursday, December 12, 2024 5:58 PM\nTo:\n Pedro Seminario <P.seminario@lcwmail.com>\nSubject:\n ClientLeveling_Dec2024_MASTER-ASSIGNMENTS.xlsx\n\u00a0\nHey, Pedro \u2013\n\u00a0\nYou\u2019ll notice some clients here with your name on them. Those need to go onto your dormant client list for future mailings and campaigns.\n\u00a0\nChuck Adams\n \n(He/Him)\nChief Executive Officer\nLCW\nOffice: \n+1.773.938.4285\nMobile: +1.630.373.5068\n\u00a0\n\u00a0\nWebsite\n\u00a0\n|\n\u00a0\nTwitter\n \n|\n\u00a0\nFacebook\n\u00a0\n|\n\u00a0\nLinkedIn\nView our upcoming events\n \n| \nSign-up for our newsletter",
    "received_at": "2024-12-13T15:00:00+00:00",
    "sent_at": "2024-12-13T15:00:49+00:00",
    "date_extracted": "2025-04-04T22:27:32.037869"
  },
  {
    "email_id": "AAMkADZkOWJiMDgzLTIzZDgtNDg4OC04OTcwLTNkMzBhMGQ1NDM0MABGAAAAAAAh8CRQCBC4TqVn6VRhE_nOBwC4vGNilrfsSbJyNmZNZTnBAAAAAAEJAAC4vGNilrfsSbJyNmZNZTnBAAHXpoaxAAA=",
    "conversation_id": "AAQkADZkOWJiMDgzLTIzZDgtNDg4OC04OTcwLTNkMzBhMGQ1NDM0MAAQAIMhI9ERQuFHg90QLUeSTw4=",
    "from": "P.seminario@lcwmail.com",
    "to": "richmanb@amazon.com",
    "reply_to": "P.seminario@lcwmail.com",
    "in_reply_to": "N/A",
    "subject": "Missed Our Neurodiversity Spotlight Preview? Watch the Recording!",
    "body": "Hi Bianca,\u200b\n \nJust a quick follow-up in case you missed my earlier email:\n \nOur live preview of \nNeurodiversity Inclusion in the Workplace\n was a big success, and the recording is now available!\n \nNeurodiversity Inclusion in the Workplace\n \nFeel free to share this resource with your team or network\u2014it's packed with practical insights and actionable strategies for creating inclusive workplaces.\n \nHave questions or want to explore cost-effective training solutions? Schedule a meeting with us using this \ncalendar link\n.\n \nWishing you a wonderful holiday session!\n \nAll the best,\n \nPedro Seminario\n \nClient Solutions Associate\n \nEmail: \np.seminario@lcwmail.com\n \nPhone: 773-389-5167 \n \nWebsite\n | \nTwitter\n | \nFacebook\n | \nLinkedIn\n \nView our upcoming events\n | \nSign up for our newsletter\n \nOn Fri, Dec 6, 2024 at 11:40 AM, Pedro Seminario \n<\np.seminario@lcwmail.com\n>\n wrote: \nHi Bianca,\u200b\n \nThank you for your interest in our recent live preview of the newest LCW Spotlight session on \nNeurodiversity Inclusion in the Workplace\n. We\u2019ve heard from other attendees that the session proved to be a catalyst for rich conversations in their organizations, and we're thrilled with the engagement and insights shared.\n \nIf you missed the live session\u2014or want to revisit key moments\u2014you can now access the recording!\n \nSpotlight on Neurodiversity in the Workplace\n \nThis recording is a great resource to:\n \nCatch up on what you missed if you were unable to attend.\nShare with decision-making leaders and colleagues who couldn\u2019t attend.\nReflect on ways to foster more inclusive environments for neurodivergent talent.\nWe believe that this preview will inspire deeper conversations within your team. Let us know if we can connect with you on scheduling sessions for your organization or if you'd like to learn more about our other award-winning, cost-effective training or consulting solutions.\n \nSchedule a Meeting\n \nFor additional insights, feel free to explore our latest blog post on \nneurodiversity\n.\n \nLooking forward to connecting with you!\n \nAll the best,\n \nPedro Seminario\n \nClient Solutions Associate\n \nEmail: \np.seminario@lcwmail.com\n \nPhone: 773-389-5167 \n \nWebsite\n | \nTwitter\n | \nFacebook\n | \nLinkedIn\n \nView our upcoming events\n | \nSign up for our newsletter",
    "received_at": "2024-12-13T14:43:10+00:00",
    "sent_at": "2024-12-13T14:43:09+00:00",
    "date_extracted": "2025-04-04T22:27:31.766563"
  },
  {
    "email_id": "AAMkADZkOWJiMDgzLTIzZDgtNDg4OC04OTcwLTNkMzBhMGQ1NDM0MABGAAAAAAAh8CRQCBC4TqVn6VRhE_nOBwC4vGNilrfsSbJyNmZNZTnBAAAAAAEJAAC4vGNilrfsSbJyNmZNZTnBAAHXpoawAAA=",
    "conversation_id": "AAQkADZkOWJiMDgzLTIzZDgtNDg4OC04OTcwLTNkMzBhMGQ1NDM0MAAQADTg7gOiJahGi2bsmILzctg=",
    "from": "P.seminario@lcwmail.com",
    "to": "stacie.jones@cfpb.gov",
    "reply_to": "P.seminario@lcwmail.com",
    "in_reply_to": "N/A",
    "subject": "Missed Our Neurodiversity Spotlight Preview? Watch the Recording!",
    "body": "Hi Stacie,\u200b\n \nJust a quick follow-up in case you missed my earlier email:\n \nOur live preview of \nNeurodiversity Inclusion in the Workplace\n was a big success, and the recording is now available!\n \nNeurodiversity Inclusion in the Workplace\n \nFeel free to share this resource with your team or network\u2014it's packed with practical insights and actionable strategies for creating inclusive workplaces.\n \nHave questions or want to explore cost-effective training solutions? Schedule a meeting with us using this \ncalendar link\n.\n \nWishing you a wonderful holiday session!\n \nAll the best,\n \nPedro Seminario\n \nClient Solutions Associate\n \nEmail: \np.seminario@lcwmail.com\n \nPhone: 773-389-5167 \n \nWebsite\n | \nTwitter\n | \nFacebook\n | \nLinkedIn\n \nView our upcoming events\n | \nSign up for our newsletter\n \nOn Fri, Dec 6, 2024 at 9:28 AM, Pedro Seminario \n<\np.seminario@lcwmail.com\n>\n wrote: \nHi Stacie,\u200b\n \nThank you for your interest in our recent live preview of the newest LCW Spotlight session on \nNeurodiversity Inclusion in the Workplace\n. We\u2019ve heard from other attendees that the session proved to be a catalyst for rich conversations in their organizations, and we're thrilled with the engagement and insights shared.\n \nIf you missed the live session\u2014or want to revisit key moments\u2014you can now access the recording!\n \nSpotlight on Neurodiversity in the Workplace\n \nThis recording is a great resource to:\n \nCatch up on what you missed if you were unable to attend.\nShare with decision-making leaders and colleagues who couldn\u2019t attend.\nReflect on ways to foster more inclusive environments for neurodivergent talent.\nWe believe that this preview will inspire deeper conversations within your team. Let us know if we can connect with you on scheduling sessions for your organization or if you'd like to learn more about our other award-winning, cost-effective training or consulting solutions.\n \nSchedule a Meeting\n \nFor additional insights, feel free to explore our latest blog post on \nneurodiversity\n.\n \nLooking forward to connecting with you!\n \nAll the best,\n \nPedro Seminario\n \nClient Solutions Associate\n \nEmail: \np.seminario@lcwmail.com\n \nPhone: 773-389-5167 \n \nWebsite\n | \nTwitter\n | \nFacebook\n | \nLinkedIn\n \nView our upcoming events\n | \nSign up for our newsletter",
    "received_at": "2024-12-13T14:40:06+00:00",
    "sent_at": "2024-12-13T14:40:05+00:00",
    "date_extracted": "2025-04-04T22:27:31.761900"
  },
  {
    "email_id": "AAMkADZkOWJiMDgzLTIzZDgtNDg4OC04OTcwLTNkMzBhMGQ1NDM0MABGAAAAAAAh8CRQCBC4TqVn6VRhE_nOBwC4vGNilrfsSbJyNmZNZTnBAAAAAAEJAAC4vGNilrfsSbJyNmZNZTnBAAHXpoavAAA=",
    "conversation_id": "AAQkADZkOWJiMDgzLTIzZDgtNDg4OC04OTcwLTNkMzBhMGQ1NDM0MAAQAKUcaOt7KidCsX7zNEnYO_U=",
    "from": "P.seminario@lcwmail.com",
    "to": "bnealjr@amazon.com",
    "reply_to": "P.seminario@lcwmail.com",
    "in_reply_to": "N/A",
    "subject": "Missed Our Neurodiversity Spotlight Preview? Watch the Recording!",
    "body": "Hi Byron,\u200b\n \nJust a quick follow-up in case you missed my earlier email:\n \nOur live preview of \nNeurodiversity Inclusion in the Workplace\n was a big success, and the recording is now available!\n \nNeurodiversity Inclusion in the Workplace\n \nFeel free to share this resource with your team or network\u2014it's packed with practical insights and actionable strategies for creating inclusive workplaces.\n \nHave questions or want to explore cost-effective training solutions? Schedule a meeting with us using this \ncalendar link\n.\n \nWishing you a wonderful holiday session!\n \nAll the best,\n \nPedro Seminario\n \nClient Solutions Associate\n \nEmail: \np.seminario@lcwmail.com\n \nPhone: 773-389-5167 \n \nWebsite\n | \nTwitter\n | \nFacebook\n | \nLinkedIn\n \nView our upcoming events\n | \nSign up for our newsletter\n \nOn Fri, Dec 6, 2024 at 11:05 AM, Pedro Seminario \n<\np.seminario@lcwmail.com\n>\n wrote: \nHi Byron,\u200b\n \nThank you for your interest in our recent live preview of the newest LCW Spotlight session on \nNeurodiversity Inclusion in the Workplace\n. We\u2019ve heard from other attendees that the session proved to be a catalyst for rich conversations in their organizations, and we're thrilled with the engagement and insights shared.\n \nIf you missed the live session\u2014or want to revisit key moments\u2014you can now access the recording!\n \nSpotlight on Neurodiversity in the Workplace\n \nThis recording is a great resource to:\n \nCatch up on what you missed if you were unable to attend.\nShare with decision-making leaders and colleagues who couldn\u2019t attend.\nReflect on ways to foster more inclusive environments for neurodivergent talent.\nWe believe that this preview will inspire deeper conversations within your team. Let us know if we can connect with you on scheduling sessions for your organization or if you'd like to learn more about our other award-winning, cost-effective training or consulting solutions.\n \nSchedule a Meeting\n \nFor additional insights, feel free to explore our latest blog post on \nneurodiversity\n.\n \nLooking forward to connecting with you!\n \nAll the best,\n \nPedro Seminario\n \nClient Solutions Associate\n \nEmail: \np.seminario@lcwmail.com\n \nPhone: 773-389-5167 \n \nWebsite\n | \nTwitter\n | \nFacebook\n | \nLinkedIn\n \nView our upcoming events\n | \nSign up for our newsletter",
    "received_at": "2024-12-13T14:32:06+00:00",
    "sent_at": "2024-12-13T14:32:06+00:00",
    "date_extracted": "2025-04-04T22:27:32.184016"
  }
]