[
  {
    "email_id": "AAMkADVjNjdmNDFjLWRmYzEtNGI4YS05NDA4LWQ2NDUzM2VhNWY4YwBGAAAAAABFCLmwjuq3TpAA-c0XWm_xBwBCMmEeN4QdTo95RKYwbkvNAAAAAAEJAABCMmEeN4QdTo95RKYwbkvNAAABvvYUAAA=",
    "conversation_id": "AAQkADVjNjdmNDFjLWRmYzEtNGI4YS05NDA4LWQ2NDUzM2VhNWY4YwAQAPbX5zlKHCBIoTqKuEnoL6A=",
    "from": "j.barbieri@lcwmail.com",
    "to": "m.murcia@lcwmail.com, accounting@lcwmail.com",
    "reply_to": "j.barbieri@lcwmail.com",
    "in_reply_to": "N/A",
    "subject": "RE: Best person?",
    "body": "Sorry about that! \n\u00a0\nPam \u2013 I am available tomorrow am ET.\n\u00a0\nThank you,\nJennifer\n\u00a0\n\u00a0\nFrom:\n Michelle Murcia <m.murcia@lcwmail.com> \nSent:\n Thursday, February 16, 2023 1:53 PM\nTo:\n Jennifer Barbieri <j.barbieri@lcwmail.com>; Accounting <accounting@lcwmail.com>\nSubject:\n Re: Best person?\n\u00a0\nIt\u2019s Pam that is requesting the meeting!\n\u00a0\nFrom: \nJennifer Barbieri <\nj.barbieri@lcwmail.com\n>\nDate: \nThursday, February 16, 2023 at 1:32 PM\nTo: \nAccounting <\naccounting@lcwmail.com\n>\nCc: \nMichelle Murcia <\nm.murcia@lcwmail.com\n>\nSubject: \nRe: Best person?\nHi Michelle- happy to review the accounting @ email with you. I am available tomorrow am for a call.\n\u00a0\nJennifer\u00a0\nSent from my iPhone\n\u00a0\nOn Feb 16, 2023, at 12:43 PM, Accounting <\naccounting@lcwmail.com\n> wrote:\n\ufeff \nHI JENNIFER\nCould we do a Zoom and go through the \naccounting@lcwmail.com\n together?\nIt would help me during this transition.\nWe could do as short as half an hour to get started, then if we could meet a few times in a week to work our way through everything new and old.\n\u00a0\nPamela Coulter\nAccounting\n\u00a0\nEmail:\u00a0\np.coulter@lcwmail.com\nMobile:\u00a0\n+1.937.605.9970\n\u00a0\n<image001.png>\n\u00a0\u00a0\u00a0\nwww\n\u00a0\n|\n\u00a0\nTwitter\n\u00a0\n|\n\u00a0\nFacebook\n\u00a0\n|\n\u00a0\nLinkedIn\n\u00a0\n\u00a0\n\u00a0\nFrom: \nAlisa Kolodizner <\na.kolodizner@lcwmail.com\n>\nDate: \nThursday, February 16, 2023 at 12:12 PM\nTo: \nAccounting <\naccounting@lcwmail.com\n>, Michelle Murcia <\nm.murcia@lcwmail.com\n>\nCc: \nJennifer Barbieri <\nj.barbieri@lcwmail.com\n>\nSubject: \nRE: Best person?\nJennifer.\n\u00a0\n\u00a0\nAlisa Kolodizner\nCo-CEO and Managing Partner, \nLCW \nEmail: \na.kolodizner@lcwmail.com\nOffice: +1.773.888.9355 [CDT]\nMobile: +1.773.430.3534\n\u00a0\n<image001.png>\n\u00a0\u00a0\u00a0\nwww\n\u00a0\n|\n\u00a0\nTwitter\n \n|\n\u00a0\nFacebook\n\u00a0\n|\n\u00a0\nLinkedIn\n\u00a0\n\u00a0\nTo inspire kindness, deepen\u00a0understanding, and\nfoster equity in\u00a0the communities\u00a0where people\nlive\u00a0and at the organizations where they\u00a0work.\n\u00a0\n\u00a0\nFrom:\n Accounting <\naccounting@lcwmail.com\n> \nSent:\n Thursday, February 16, 2023 11:12 AM\nTo:\n Alisa Kolodizner <\na.kolodizner@lcwmail.com\n>; Michelle Murcia <\nm.murcia@lcwmail.com\n>\nSubject:\n Best person?\n\u00a0\nAlisa\nWho would be the best person to meet with to review the \naccounting@lcwmail.com\n to clear some of these items out of the inbox?\n\u00a0\n\u00a0\nPamela Coulter\nAccounting\n\u00a0\nEmail:\u00a0\np.coulter@lcwmail.com\nMobile:\u00a0\n+1.937.605.9970\n\u00a0\n<image003.png>\n\u00a0\u00a0\u00a0\nwww\n\u00a0\n|\n\u00a0\nTwitter\n\u00a0\n|\n\u00a0\nFacebook\n\u00a0\n|\n\u00a0\nLinkedIn",
    "received_at": "2023-02-16T19:00:00+00:00",
    "sent_at": "2023-02-16T19:00:59+00:00",
    "date_extracted": "2025-04-04T22:27:32.751680"
  },
  {
    "email_id": "AAMkADVjNjdmNDFjLWRmYzEtNGI4YS05NDA4LWQ2NDUzM2VhNWY4YwBGAAAAAABFCLmwjuq3TpAA-c0XWm_xBwBCMmEeN4QdTo95RKYwbkvNAAAAAAEJAABCMmEeN4QdTo95RKYwbkvNAABlgWZnAAA=",
    "conversation_id": "AAQkADVjNjdmNDFjLWRmYzEtNGI4YS05NDA4LWQ2NDUzM2VhNWY4YwAQAPbX5zlKHCBIoTqKuEnoL6A=",
    "from": "j.barbieri@lcwmail.com",
    "to": "accounting@lcwmail.com",
    "reply_to": "j.barbieri@lcwmail.com",
    "in_reply_to": "N/A",
    "subject": "Re: Best person?",
    "body": "Hi Michelle- happy to review the accounting @ email with you. I am available tomorrow am for a call.\nJennifer\u00a0\nSent from my iPhone\nOn Feb 16, 2023, at 12:43 PM, Accounting <accounting@lcwmail.com> wrote:\n\ufeff\n \nHI JENNIFER\nCould we do a Zoom and go through the \naccounting@lcwmail.com\n together?\nIt would help me during this transition.\nWe could do as short as half an hour to get started, then if we could meet a few times in a week to work our way through everything new and old.\n\u00a0\nPamela Coulter\nAccounting\n\u00a0\nEmail:\u00a0\np.coulter@lcwmail.com\nMobile:\u00a0\n+1.937.605.9970\n\u00a0\n<image001.png>\n\u00a0\u00a0\u00a0\nwww\n\u00a0\n|\n\u00a0\nTwitter\n\u00a0\n|\n\u00a0\nFacebook\n\u00a0\n|\n\u00a0\nLinkedIn\n\u00a0\n\u00a0\n\u00a0\nFrom: \nAlisa Kolodizner <a.kolodizner@lcwmail.com>\nDate: \nThursday, February 16, 2023 at 12:12 PM\nTo: \nAccounting <accounting@lcwmail.com>, Michelle Murcia <m.murcia@lcwmail.com>\nCc: \nJennifer Barbieri <j.barbieri@lcwmail.com>\nSubject: \nRE: Best person?\nJennifer.\n\u00a0\n\u00a0\nAlisa Kolodizner\nCo-CEO and Managing Partner, \nLCW \nEmail: \na.kolodizner@lcwmail.com\nOffice: +1.773.888.9355 [CDT]\nMobile: +1.773.430.3534\n\u00a0\n<image001.png>\n\u00a0\u00a0\u00a0\nwww\n\u00a0\n|\n\u00a0\nTwitter\n \n|\n\u00a0\nFacebook\n\u00a0\n|\n\u00a0\nLinkedIn\n\u00a0\n\u00a0\nTo inspire kindness, deepen\u00a0understanding, and\nfoster equity in\u00a0the communities\u00a0where people\nlive\u00a0and at the organizations where they\u00a0work.\n\u00a0\n\u00a0\nFrom:\n Accounting <accounting@lcwmail.com> \nSent:\n Thursday, February 16, 2023 11:12 AM\nTo:\n Alisa Kolodizner <a.kolodizner@lcwmail.com>; Michelle Murcia <m.murcia@lcwmail.com>\nSubject:\n Best person?\n\u00a0\nAlisa\nWho would be the best person to meet with to review the \naccounting@lcwmail.com\n to clear some of these items out of the inbox?\n\u00a0\n\u00a0\nPamela Coulter\nAccounting\n\u00a0\nEmail:\u00a0\np.coulter@lcwmail.com\nMobile:\u00a0\n+1.937.605.9970\n\u00a0\n<image003.png>\n\u00a0\u00a0\u00a0\nwww\n\u00a0\n|\n\u00a0\nTwitter\n\u00a0\n|\n\u00a0\nFacebook\n\u00a0\n|\n\u00a0\nLinkedIn",
    "received_at": "2023-02-16T18:32:16+00:00",
    "sent_at": "2023-02-16T18:32:15+00:00",
    "date_extracted": "2025-04-04T22:27:32.911233"
  },
  {
    "email_id": "AAMkADVjNjdmNDFjLWRmYzEtNGI4YS05NDA4LWQ2NDUzM2VhNWY4YwBGAAAAAABFCLmwjuq3TpAA-c0XWm_xBwBCMmEeN4QdTo95RKYwbkvNAAAAAAEJAABCMmEeN4QdTo95RKYwbkvNAAABvvYTAAA=",
    "conversation_id": "AAQkADVjNjdmNDFjLWRmYzEtNGI4YS05NDA4LWQ2NDUzM2VhNWY4YwAQAGRB1IkWrEgzl7bY7XIsk2E=",
    "from": "j.barbieri@lcwmail.com",
    "to": "n.barile@lcwmail.com",
    "reply_to": "j.barbieri@lcwmail.com",
    "in_reply_to": "N/A",
    "subject": "FW: Question about Digital Learning Programs with LCW",
    "body": "Hi Nicole \u2013 I spoke with Hannah about this request below and she is looking for the actual number of elearnings/microlearnings per year. Do we have this info somewhere that is easily accessible? I know Compas was only used starting in April 2022 and Hannah is looking for history.\n\u00a0\nThank you,\nJennifer\n\u00a0\nFrom:\n Hannah Strack <h.strack@lcwmail.com> \nSent:\n Wednesday, February 1, 2023 2:26 PM\nTo:\n Jennifer Barbieri <j.barbieri@lcwmail.com>\nSubject:\n Question about Digital Learning Programs with LCW\n\u00a0\nHi Jennifer!\n\u00a0\nI hope you\u2019re doing well. \n\u00a0\nI\u2019m reaching out to ask a technical question around the amount of micro-learnings & e-learnings we\u2019ve sold within the past 1-5 years (or whatever data is available for the most recent time). \n\u00a0\nI\u2019m doing a deep dive of e-learning and micro-learning programs and was curious how many of these programs we have sold. I\u2019m assuming this number may be small since the pricing structure around the programs are now different (using the subscription model now vs. whatever we were using before). Could you please check as you have time and let me know?\n\u00a0\nThanks for your help and let me know if you need any additional info for clarification.\n\u00a0\nHave a great rest of your Wednesday!\n\u00a0\nBest,\nHannah\n\u00a0\n------------------------------------------------------\nHannah Strack\nBusiness Development Associate \n(North Carolina)\nEmail: \nh.strack@lcwmail.com\nPhone:\n \n+1 773-828-1202 [EST]\n\u00a0\n\u00a0\u00a0\u00a0\nwww\n\u00a0\n|\n\u00a0\nTwitter\n \n|\n\u00a0\nFacebook\n\u00a0\n|\n\u00a0\nLinkedIn",
    "received_at": "2023-02-16T14:44:00+00:00",
    "sent_at": "2023-02-16T14:44:11+00:00",
    "date_extracted": "2025-04-04T22:27:32.819448"
  },
  {
    "email_id": "AAMkADVjNjdmNDFjLWRmYzEtNGI4YS05NDA4LWQ2NDUzM2VhNWY4YwBGAAAAAABFCLmwjuq3TpAA-c0XWm_xBwBCMmEeN4QdTo95RKYwbkvNAAAAAAEJAABCMmEeN4QdTo95RKYwbkvNAAABvvYSAAA=",
    "conversation_id": "AAQkADVjNjdmNDFjLWRmYzEtNGI4YS05NDA4LWQ2NDUzM2VhNWY4YwAQAOmZ8VCAaEIJk9wqfUjayMY=",
    "from": "j.barbieri@lcwmail.com",
    "to": "r.stieghorst@lcwmail.com",
    "reply_to": "j.barbieri@lcwmail.com",
    "in_reply_to": "N/A",
    "subject": "2021 Bonus on prepaids",
    "body": "Hi Randy \u2013 I have a qq. I\u2019m reviewing the Team performance bonuses on the prepaids and I can\u2019t seem to find the calculation on the 2021 bonuses. Do you know where in the Dropbox it is saved?\n\u00a0\nThank you,\nJennifer\n\u00a0\n\u00a0\n------------------------------------------------------\nJennifer Barbieri\nLCW \n100 S Saunders Rd, Suite 150\nLake Forest, IL 60045\n\u00a0 \n\u00a0\n \n\u00a0\n\u00a0\u00a0\u00a0\nwww\n\u00a0\n|\n\u00a0\nTwitter\n \n|\n\u00a0\nFacebook\n\u00a0\n|\n\u00a0\nLinkedIn",
    "received_at": "2023-02-16T07:39:00+00:00",
    "sent_at": "2023-02-16T07:39:20+00:00",
    "date_extracted": "2025-04-04T22:27:32.840096"
  },
  {
    "email_id": "AAMkADVjNjdmNDFjLWRmYzEtNGI4YS05NDA4LWQ2NDUzM2VhNWY4YwBGAAAAAABFCLmwjuq3TpAA-c0XWm_xBwBCMmEeN4QdTo95RKYwbkvNAAAAAAEJAABCMmEeN4QdTo95RKYwbkvNAAABvvYRAAA=",
    "conversation_id": "AAQkADVjNjdmNDFjLWRmYzEtNGI4YS05NDA4LWQ2NDUzM2VhNWY4YwAQAEwEBLDAAi9Nl3ci8QUsSoE=",
    "from": "j.barbieri@lcwmail.com",
    "to": "m.fagrelius@lcwmail.com, p.coulter@lcwmail.com",
    "reply_to": "j.barbieri@lcwmail.com",
    "in_reply_to": "N/A",
    "subject": "RE: Form 1099-NEC",
    "body": "Hi Maria \u2013 I can tell you what happened here. We have 2 Quickbooks accounts. One for pre acquisition and one for post (April 1 2022 to present). Randy ran the 1099s for Q1 and I compiled it with Q2-Q4. Since the amounts from below (Q1) are less than the threshold for filing the 1099s, it was not included in the combined total filing. That being said, we can reissue with the new amount.\n\u00a0\n@Pamela Coulter\n would you be able to do this? We filed the 1099s through QBO.\n\u00a0\nThank you,\nJennifer\n\u00a0\nFrom:\n Maria Fagrelius <m.fagrelius@lcwmail.com> \nSent:\n Wednesday, February 15, 2023 5:17 PM\nTo:\n Pamela Coulter <p.coulter@lcwmail.com>; Jennifer Barbieri <j.barbieri@lcwmail.com>\nCc:\n Accounting <accounting@lcwmail.com>\nSubject:\n FW: Form 1099-NEC\n\u00a0\nHi! Can you please check per email chain below? I received an email today from the translator:\n\u201c\nI don't think it is resolved. I did receive a paper Form 1099-NEC and it says $1399.90 like the online form. I think the amount should be $1591.82.\u201d\nKindly let me know if you could please check our records. Thank you!\n\u00a0\n\u00a0\nMar\u00eda\n\u00a0\nFrom:\n Maria Fagrelius \nSent:\n Monday, January 30, 2023 7:57 AM\nTo:\n Accounting <\naccounting@lcwmail.com\n>\nSubject:\n FW: Form 1099-NEC\n\u00a0\nHello!\nCan you look into this please? See below from Miyo, a translator.\nThank you very much!!!\n\u00a0\n\u00a0\nMar\u00eda\n\u00a0\nFrom:\n miyo tat <\nmiyot@comcast.net\n> \nSent:\n Monday, January 30, 2023 12:29 AM\nTo:\n Maria Fagrelius <\nm.fagrelius@lcwmail.com\n>\nSubject:\n Form 1099-NEC\n\u00a0\nHi Maria, \n\u00a0\nI received Form 1099-NEC. \nIt looks like not all of the payment is included in the total amount. \nI looked at \"Payment History\" in QuickBooks against my record and it looks like the following two payments are not included: \n\u00a0\nAmount $97.64; Job 21180: American Honda; Invoice # 3286; Date Invoiced 12/30/2021; Payment Received 1/10/2022 \nAmount $94.28; Job 22009: NuVasive CoC module; Invoice # 3307; Date Invoiced: 3/6/2022; Payment received 3/10/2022 \n\u00a0\nCould you check your record and let me know? \nThank you very much. \nSincerely,\nMiyo M. Tat\nATA-Certified English-to-Japanese Translator\nmiyot@comcast.net\n425-228-4596",
    "received_at": "2023-02-16T07:22:00+00:00",
    "sent_at": "2023-02-16T07:22:54+00:00",
    "date_extracted": "2025-04-04T22:27:32.794538"
  },
  {
    "email_id": "AAMkADVjNjdmNDFjLWRmYzEtNGI4YS05NDA4LWQ2NDUzM2VhNWY4YwBGAAAAAABFCLmwjuq3TpAA-c0XWm_xBwBCMmEeN4QdTo95RKYwbkvNAAAAAAEJAABCMmEeN4QdTo95RKYwbkvNAABlgWZmAAA=",
    "conversation_id": "AAQkADVjNjdmNDFjLWRmYzEtNGI4YS05NDA4LWQ2NDUzM2VhNWY4YwAQAD-EKN7o0U1vg0h5yCyY2sg=",
    "from": "j.barbieri@lcwmail.com",
    "to": "r.stieghorst@lcwmail.com",
    "reply_to": "j.barbieri@lcwmail.com",
    "in_reply_to": "N/A",
    "subject": "Re: Chase Ink",
    "body": "Sounds good! I\u2019ll exclude these transactions in the import.\nBtw - sleep is totally underrated. I get it \ud83d\ude09\nSent from my iPhone\nOn Feb 15, 2023, at 4:42 PM, Randall Stieghorst <r.stieghorst@lcwmail.com> wrote:\n\ufeff\n \nI actually thought it was strange that RP had IDI\u2019s on her card. It must have been an issue with the import\u2026because those always went through Briza\u2019s. As long as it matches\u2026and the transactions are already on Briza\u2019s, I\u2019d just delete/exclude them. \n\u00a0\nNormally, at the end of the year, I try to tell people not to use their cards for the last week \u2013 so I can get the credit card balance to match QB exactly. If I see those 2 numbers matching on any specific day of the year, I sleep better \n\ud83d\ude09\n\u00a0\n-R\n\u00a0\n\u00a0\nFrom:\n Jennifer Barbieri <j.barbieri@lcwmail.com> \nSent:\n Wednesday, February 15, 2023 15:05\nTo:\n Randall Stieghorst <r.stieghorst@lcwmail.com>\nSubject:\n RE: Chase Ink\n\u00a0\nHi Randy \u2013 I check Chuck\u2019s card and made sure the expenses are in QBO are they are. This is where it gets weird \u2013 for RP. In QBO the import for RP\u2019s card, I see some transactions for IDI in July for $1.8K BUT in the actual statement, the charge was made on Briza\u2019s card and was already imported and booked in QBO. Can you confirm this is actually made by RP or did something get crossed in the import. Here is the statement I have for July:\n\u00a0\n<image001.png>\n\u00a0\nFrom:\n Randall Stieghorst <\nr.stieghorst@lcwmail.com\n> \nSent:\n Wednesday, February 15, 2023 2:52 PM\nTo:\n Jennifer Barbieri <\nj.barbieri@lcwmail.com\n>\nSubject:\n RE: Chase Ink\n\u00a0\nOuch \n\ud83d\ude09\n\u00a0\nIt\u2019s strange that the downloaded transactions don\u2019t auto-match to reconciled transactions\u2026but I don\u2019t get a lot of things with Chase & QB!\n\u00a0\nThx,\nR\n\u00a0\n\u00a0\nFrom:\n Jennifer Barbieri <\nj.barbieri@lcwmail.com\n> \nSent:\n Wednesday, February 15, 2023 13:41\nTo:\n Randall Stieghorst <\nr.stieghorst@lcwmail.com\n>\nSubject:\n RE: Chase Ink\n\u00a0\nHi Randy \u2013 I actually entered in the 2022 expenses for these cards manually when I reconciled through the end of 2022 to close the year out. But \u2013 2023 is a different story \n\ud83d\ude09\n\u00a0\nFrom:\n Randall Stieghorst <\nr.stieghorst@lcwmail.com\n> \nSent:\n Wednesday, February 15, 2023 2:27 PM\nTo:\n Jennifer Barbieri <\nj.barbieri@lcwmail.com\n>\nSubject:\n Chase Ink\n\u00a0\nHey Jenn,\nNow that we have Chuck, Sarah, RP, and Dan syncing to QB, we\u2019ll need to do a reconciliation of the credit card accounts to capture all of the 2022 expenses. I\u2019m guessing the payment transactions just got entered based on whatever the actual bill was, even if the charges from those different consultants never got entered. I\u2019m not really sure how Alsu/David reconciled the credit card without those entries\u2026but\u2026\n\u00a0\n-R\n\u00a0\n\u00a0\nRandall Stieghorst\n\u00a0\nLanguage & Culture Worldwide, LLC\n4753 N Broadway St, 2\nnd\n Floor\nChicago, IL 60640\n+1(773)\n \n828-6781\n\u00a0\n<image002.png>",
    "received_at": "2023-02-16T03:42:05+00:00",
    "sent_at": "2023-02-16T03:42:03+00:00",
    "date_extracted": "2025-04-04T22:27:36.948075"
  },
  {
    "email_id": "AAMkADVjNjdmNDFjLWRmYzEtNGI4YS05NDA4LWQ2NDUzM2VhNWY4YwBGAAAAAABFCLmwjuq3TpAA-c0XWm_xBwBCMmEeN4QdTo95RKYwbkvNAAAAAAEJAABCMmEeN4QdTo95RKYwbkvNAAABvvYQAAA=",
    "conversation_id": "AAQkADVjNjdmNDFjLWRmYzEtNGI4YS05NDA4LWQ2NDUzM2VhNWY4YwAQAD-EKN7o0U1vg0h5yCyY2sg=",
    "from": "j.barbieri@lcwmail.com",
    "to": "r.stieghorst@lcwmail.com",
    "reply_to": "j.barbieri@lcwmail.com",
    "in_reply_to": "N/A",
    "subject": "RE: Chase Ink",
    "body": "Hi Randy \u2013 I check Chuck\u2019s card and made sure the expenses are in QBO are they are. This is where it gets weird \u2013 for RP. In QBO the import for RP\u2019s card, I see some transactions for IDI in July for $1.8K BUT in the actual statement, the charge was made on Briza\u2019s card and was already imported and booked in QBO. Can you confirm this is actually made by RP or did something get crossed in the import. Here is the statement I have for July:\n\u00a0\n\u00a0\nFrom:\n Randall Stieghorst <r.stieghorst@lcwmail.com> \nSent:\n Wednesday, February 15, 2023 2:52 PM\nTo:\n Jennifer Barbieri <j.barbieri@lcwmail.com>\nSubject:\n RE: Chase Ink\n\u00a0\nOuch \n\ud83d\ude09\n\u00a0\nIt\u2019s strange that the downloaded transactions don\u2019t auto-match to reconciled transactions\u2026but I don\u2019t get a lot of things with Chase & QB!\n\u00a0\nThx,\nR\n\u00a0\n\u00a0\nFrom:\n Jennifer Barbieri <\nj.barbieri@lcwmail.com\n> \nSent:\n Wednesday, February 15, 2023 13:41\nTo:\n Randall Stieghorst <\nr.stieghorst@lcwmail.com\n>\nSubject:\n RE: Chase Ink\n\u00a0\nHi Randy \u2013 I actually entered in the 2022 expenses for these cards manually when I reconciled through the end of 2022 to close the year out. But \u2013 2023 is a different story \n\ud83d\ude09\n\u00a0\nFrom:\n Randall Stieghorst <\nr.stieghorst@lcwmail.com\n> \nSent:\n Wednesday, February 15, 2023 2:27 PM\nTo:\n Jennifer Barbieri <\nj.barbieri@lcwmail.com\n>\nSubject:\n Chase Ink\n\u00a0\nHey Jenn,\nNow that we have Chuck, Sarah, RP, and Dan syncing to QB, we\u2019ll need to do a reconciliation of the credit card accounts to capture all of the 2022 expenses. I\u2019m guessing the payment transactions just got entered based on whatever the actual bill was, even if the charges from those different consultants never got entered. I\u2019m not really sure how Alsu/David reconciled the credit card without those entries\u2026but\u2026\n\u00a0\n-R\n\u00a0\n\u00a0\nRandall Stieghorst\n\u00a0\nLanguage & Culture Worldwide, LLC\n4753 N Broadway St, 2\nnd\n Floor\nChicago, IL 60640\n+1(773)\n \n828-6781",
    "received_at": "2023-02-15T21:04:00+00:00",
    "sent_at": "2023-02-15T21:04:30+00:00",
    "date_extracted": "2025-04-04T22:27:32.832976"
  },
  {
    "email_id": "AAMkADVjNjdmNDFjLWRmYzEtNGI4YS05NDA4LWQ2NDUzM2VhNWY4YwBGAAAAAABFCLmwjuq3TpAA-c0XWm_xBwBCMmEeN4QdTo95RKYwbkvNAAAAAAEJAABCMmEeN4QdTo95RKYwbkvNAAABvvYPAAA=",
    "conversation_id": "AAQkADVjNjdmNDFjLWRmYzEtNGI4YS05NDA4LWQ2NDUzM2VhNWY4YwAQAOhGMquW_0qqqZICz_37Eyk=",
    "from": "j.barbieri@lcwmail.com",
    "to": "j.pieczynski@lcwmail.com",
    "reply_to": "j.barbieri@lcwmail.com",
    "in_reply_to": "N/A",
    "subject": "FW: Podcast Honorarium Tax Question",
    "body": "Hi Jake \u2013 so this is coming from our tax person directly. Please see below.\n\u00a0\nFrom:\n Schneider, Jill <jill.schneider@eisneramper.com> \nSent:\n Wednesday, February 15, 2023 3:57 PM\nTo:\n Jennifer Barbieri <j.barbieri@lcwmail.com>\nSubject:\n RE: Podcast Honorarium Tax Question\n\u00a0\nHi Jennifer,\nEither way gifts deductibility is limited to $25 per person. It doesn\u2019t matter if gift card or giftly\n\u00a0\nBest,\n\u00a0\nJIll Schneider\n \nTax Director, Private Client Services\n \nEisner Advisory Group LLC\nD\n: 516-864-8895 | \nM\n: 516-551-4564 \n\u00a0\nEffective January 30, 2023, please note that we have moved from Syosset to 175 Broadhollow Road, Suite 250, Melville NY 11757.\n\u00a0\nFrom:\n Jennifer Barbieri <\nj.barbieri@lcwmail.com\n> \nSent:\n Wednesday, February 15, 2023 2:40 PM\nTo:\n Schneider, Jill <\njill.schneider@eisneramper.com\n>\nSubject:\n [External] FW: Podcast Honorarium Tax Question\n\u00a0\nHi Jill \u2013 can you weigh in here. I\u2019m not 100% on this and I don\u2019t want to give bad advice \n\ud83d\ude09\n\u00a0\nThank you,\nJennifer\n\u00a0\nFrom:\n Jake Pieczynski <\nj.pieczynski@lcwmail.com\n> \nSent:\n Wednesday, February 15, 2023 2:08 PM\nTo:\n Jennifer Barbieri <\nj.barbieri@lcwmail.com\n>\nSubject:\n RE: Podcast Honorarium Tax Question\n\u00a0\nHi Jennifer,\n\u00a0\nI hope you\u2019re doing well this week! When you have a chance could you please let me know what you think about the message below?\n\u00a0\nThanks so much for your help!\n\u00a0\nJake\n\u00a0\nJake Pieczynski\n(he/him/his)\nMarketing & Communications Manager\nLCW \n\u00a0\n\u00a0\u00a0\u00a0\nwww\n\u00a0\n|\n\u00a0\nTwitter\n \n|\n\u00a0\nFacebook\n\u00a0\n|\n\u00a0\nLinkedIn\n\u00a0\nFrom:\n Jake Pieczynski \nSent:\n Thursday, February 9, 2023 10:32 AM\nTo:\n Jennifer Barbieri <\nj.barbieri@lcwmail.com\n>\nSubject:\n Podcast Honorarium Tax Question\n\u00a0\nHi Jennifer,\n\u00a0\nI hope you\u2019re doing well! I\u2019m writing to you this morning with sort of a unique question. We\u2019re starting to begin production on the next season of our podcast and we\u2019re going to offer guests a $50 honorarium for their time. Alisa wanted me to check with you on what the best way to give that honorarium would be for tax purposes. We were originally thinking of sending a gift card, but Alisa noted that providing a gift via the Giftly website may be better for taxes. Do you have any reccomendation on what we should do?\n\u00a0\nThank you for your help!\n\u00a0\nJake\n\u00a0\nJake Pieczynski\n(he/him/his)\nMarketing & Communications Manager\nLCW \n\u00a0\n\u00a0\u00a0\u00a0\nwww\n\u00a0\n|\n\u00a0\nTwitter\n \n|\n\u00a0\nFacebook\n\u00a0\n|\n\u00a0\nLinkedIn\n\u00a0\n\"EisnerAmper\" is the brand name under which EisnerAmper LLP and Eisner Advisory Group LLC provide professional services. EisnerAmper LLP and Eisner Advisory Group LLC are independently owned firms that practice in an alternative practice structure in accordance with the AICPA Code of Professional Conduct and applicable law, regulations and professional standards. EisnerAmper LLP is a licensed CPA firm that provides attest services, and Eisner Advisory Group LLC and its subsidiary entities provide tax and business consulting services to clients and provide staff and other administrative resources to EisnerAmper LLP. Eisner Advisory Group LLC and its subsidiary entities are not licensed CPA firms.\nEisnerAmper LLP and Eisner Advisory Group LLC are member firms of EisnerAmper Global Ltd., a network of legally independent firms, and of Allinial Global, an association of legally independent accounting and consulting firms. EisnerAmper Global Ltd., Allinial Global, and their member firms and correspondent firms (including EisnerAmper LLP and Eisner Advisory Group LLC and its affiliated entities) are not responsible for, do not accept liability for, and do not owe any duty with respect to the services or advice provided by any other member or correspondent firms.\nAny tax advice contained in this memorandum (including any attachments) is not intended for and cannot be used, for the purpose of (i) avoiding penalties imposed by the Internal Revenue Code or (ii) promoting, marketing, or recommending any transaction.\nCONFIDENTIAL AND PROPRIETARY: This email message is intended only for the use of the individual or entity to which it is addressed and may contain information that is privileged and confidential. Unless specifically stated, it is not intended to be relied upon by any person or persons other than the individual or entity named above and no warranties or representations are made or intended to persons or entities not named above. If the reader is not the intended recipient, you are hereby notified that any dissemination, distribution or copying of this communication is strictly prohibited, and any disclosure to the reader shall not compromise or waive the attorney-client, accountant-client, or other privileges as to this communication or otherwise. If you have received this communication in error, please notify us immediately by telephone, return this message to the address above and delete all copies. Thank you",
    "received_at": "2023-02-15T20:59:00+00:00",
    "sent_at": "2023-02-15T20:59:52+00:00",
    "date_extracted": "2025-04-04T22:27:33.093612"
  },
  {
    "email_id": "AAMkADVjNjdmNDFjLWRmYzEtNGI4YS05NDA4LWQ2NDUzM2VhNWY4YwBGAAAAAABFCLmwjuq3TpAA-c0XWm_xBwBCMmEeN4QdTo95RKYwbkvNAAAAAAEJAABCMmEeN4QdTo95RKYwbkvNAAABvvYOAAA=",
    "conversation_id": "AAQkADVjNjdmNDFjLWRmYzEtNGI4YS05NDA4LWQ2NDUzM2VhNWY4YwAQAD-EKN7o0U1vg0h5yCyY2sg=",
    "from": "j.barbieri@lcwmail.com",
    "to": "r.stieghorst@lcwmail.com",
    "reply_to": "j.barbieri@lcwmail.com",
    "in_reply_to": "N/A",
    "subject": "RE: Chase Ink",
    "body": "Hi Randy \u2013 I actually entered in the 2022 expenses for these cards manually when I reconciled through the end of 2022 to close the year out. But \u2013 2023 is a different story \n\ud83d\ude09\n\u00a0\nFrom:\n Randall Stieghorst <r.stieghorst@lcwmail.com> \nSent:\n Wednesday, February 15, 2023 2:27 PM\nTo:\n Jennifer Barbieri <j.barbieri@lcwmail.com>\nSubject:\n Chase Ink\n\u00a0\nHey Jenn,\nNow that we have Chuck, Sarah, RP, and Dan syncing to QB, we\u2019ll need to do a reconciliation of the credit card accounts to capture all of the 2022 expenses. I\u2019m guessing the payment transactions just got entered based on whatever the actual bill was, even if the charges from those different consultants never got entered. I\u2019m not really sure how Alsu/David reconciled the credit card without those entries\u2026but\u2026\n\u00a0\n-R\n\u00a0\n\u00a0\nRandall Stieghorst\n\u00a0\nLanguage & Culture Worldwide, LLC\n4753 N Broadway St, 2\nnd\n Floor\nChicago, IL 60640\n+1(773)\n \n828-6781",
    "received_at": "2023-02-15T19:40:00+00:00",
    "sent_at": "2023-02-15T19:40:59+00:00",
    "date_extracted": "2025-04-04T22:27:32.919627"
  },
  {
    "email_id": "AAMkADVjNjdmNDFjLWRmYzEtNGI4YS05NDA4LWQ2NDUzM2VhNWY4YwBGAAAAAABFCLmwjuq3TpAA-c0XWm_xBwBCMmEeN4QdTo95RKYwbkvNAAAAAAEJAABCMmEeN4QdTo95RKYwbkvNAAABvvYNAAA=",
    "conversation_id": "AAQkADVjNjdmNDFjLWRmYzEtNGI4YS05NDA4LWQ2NDUzM2VhNWY4YwAQAOhGMquW_0qqqZICz_37Eyk=",
    "from": "j.barbieri@lcwmail.com",
    "to": "jill.schneider@eisneramper.com",
    "reply_to": "j.barbieri@lcwmail.com",
    "in_reply_to": "N/A",
    "subject": "FW: Podcast Honorarium Tax Question",
    "body": "Hi Jill \u2013 can you weigh in here. I\u2019m not 100% on this and I don\u2019t want to give bad advice \n\ud83d\ude09\n\u00a0\nThank you,\nJennifer\n\u00a0\nFrom:\n Jake Pieczynski <j.pieczynski@lcwmail.com> \nSent:\n Wednesday, February 15, 2023 2:08 PM\nTo:\n Jennifer Barbieri <j.barbieri@lcwmail.com>\nSubject:\n RE: Podcast Honorarium Tax Question\n\u00a0\nHi Jennifer,\n\u00a0\nI hope you\u2019re doing well this week! When you have a chance could you please let me know what you think about the message below?\n\u00a0\nThanks so much for your help!\n\u00a0\nJake\n\u00a0\nJake Pieczynski\n(he/him/his)\nMarketing & Communications Manager\nLCW \n\u00a0\n\u00a0\u00a0\u00a0\nwww\n\u00a0\n|\n\u00a0\nTwitter\n \n|\n\u00a0\nFacebook\n\u00a0\n|\n\u00a0\nLinkedIn\n\u00a0\nFrom:\n Jake Pieczynski \nSent:\n Thursday, February 9, 2023 10:32 AM\nTo:\n Jennifer Barbieri <\nj.barbieri@lcwmail.com\n>\nSubject:\n Podcast Honorarium Tax Question\n\u00a0\nHi Jennifer,\n\u00a0\nI hope you\u2019re doing well! I\u2019m writing to you this morning with sort of a unique question. We\u2019re starting to begin production on the next season of our podcast and we\u2019re going to offer guests a $50 honorarium for their time. Alisa wanted me to check with you on what the best way to give that honorarium would be for tax purposes. We were originally thinking of sending a gift card, but Alisa noted that providing a gift via the Giftly website may be better for taxes. Do you have any reccomendation on what we should do?\n\u00a0\nThank you for your help!\n\u00a0\nJake\n\u00a0\nJake Pieczynski\n(he/him/his)\nMarketing & Communications Manager\nLCW \n\u00a0\n\u00a0\u00a0\u00a0\nwww\n\u00a0\n|\n\u00a0\nTwitter\n \n|\n\u00a0\nFacebook\n\u00a0\n|\n\u00a0\nLinkedIn",
    "received_at": "2023-02-15T19:39:00+00:00",
    "sent_at": "2023-02-15T19:39:40+00:00",
    "date_extracted": "2025-04-04T22:27:32.917517"
  }
]