[
  {
    "platform": "Teams",
    "chat_id": "1626883569892",
    "chat_from": "Maria Fagrelius",
    "channel": "Innovation Lab  - Group Project / General",
    "message": "Another thought: Introducing Digital Accessibility and Other Best Practices for Remote Work: https://disabilityin.org/resources2/covid-19-response-accessible-tools-and-content/ (https://disabilityin.org/resources2/covid-19-response-accessible-tools-and-content/)",
    "thread_id": null,
    "timestamp": "2021-07-21T16:06:09.892Z",
    "mentioned_users": null,
    "date_extracted": "2025-04-03T19:35:46.410663"
  },
  {
    "platform": "Teams",
    "chat_id": "1626796787120",
    "chat_from": "Maria Fagrelius",
    "channel": "Innovation Lab  - Group Project / General",
    "message": "Morning team! I'd like to start a conversation here so we're ready for Friday's lab.",
    "thread_id": null,
    "timestamp": "2021-07-20T15:59:47.12Z",
    "mentioned_users": null,
    "date_extracted": "2025-04-03T19:35:46.410798"
  },
  {
    "platform": "Teams",
    "chat_id": "1626456104964",
    "chat_from": "Melissa Neu",
    "channel": "Innovation Lab  - Group Project / General",
    "message": "Added a new tab at the top of this channel. Here's a link.",
    "thread_id": null,
    "timestamp": "2021-07-16T17:21:44.964Z",
    "mentioned_users": null,
    "date_extracted": "2025-04-03T19:35:46.410971"
  },
  {
    "platform": "Teams",
    "chat_id": "1666210106123",
    "chat_from": "Kelly Salek",
    "channel": "Design Team / General",
    "message": "I added a tab at the top of this channel. Check it out!",
    "thread_id": null,
    "timestamp": "2022-10-19T20:08:26.123Z",
    "mentioned_users": null,
    "date_extracted": "2025-04-03T19:35:49.841251"
  },
  {
    "platform": "Teams",
    "chat_id": "1666210067830",
    "chat_from": "Kelly Salek",
    "channel": "Design Team / General",
    "message": "I added a tab at the top of this channel. Check it out!",
    "thread_id": null,
    "timestamp": "2022-10-19T20:07:47.83Z",
    "mentioned_users": null,
    "date_extracted": "2025-04-03T19:35:49.841441"
  },
  {
    "platform": "Teams",
    "chat_id": "1666210015330",
    "chat_from": "Kelly Salek",
    "channel": "Design Team / General",
    "message": "I added a tab at the top of this channel. Check it out!",
    "thread_id": null,
    "timestamp": "2022-10-19T20:06:55.33Z",
    "mentioned_users": null,
    "date_extracted": "2025-04-03T19:35:49.841613"
  },
  {
    "platform": "Teams",
    "chat_id": "1666187879756",
    "chat_from": "Kelly Salek",
    "channel": "Design Team / General",
    "message": "I added a tab at the top of this channel. Check it out!",
    "thread_id": null,
    "timestamp": "2022-10-19T13:57:59.756Z",
    "mentioned_users": null,
    "date_extracted": "2025-04-03T19:35:49.841780"
  },
  {
    "platform": "Teams",
    "chat_id": "1655993691628",
    "chat_from": "Kelly Salek",
    "channel": "Design Team / General",
    "message": "Design Team For those that are interested, I took the time to document the process for creating a wrapper for clients. When consultants ask if this is possible, yes, it is...but notes that although the process of creating it is 'easy (now),' there is an additional cost to making this happen due to design code and timing to test the files. Working on the cost now... Creating a Wrapper in Wiki (https://teams.microsoft.com/l/entity/com.microsoft.teamspace.tab.wiki/tab::5e22ff02-44ca-4c88-8dc8-f5b97473df03?context=%7B%22subEntityId%22%3A%22%7B%5C%22pageId%5C%22%3A2%2C%5C%22sectionId%5C%22%3A3%2C%5C%22origin%5C%22%3A2%7D%22%2C%22channelId%22%3A%2219%3AcNGmPiQ9v8Ve_m6FX_nbWyI8GT6TAbe9n6rH6UW5G2o1%40thread.tacv2%22%7D&tenantId=3ca40a42-d72d-43c9-b92e-0740101d9dd3)",
    "thread_id": null,
    "timestamp": "2022-06-23T14:14:51.628Z",
    "mentioned_users": null,
    "date_extracted": "2025-04-03T19:35:49.842116"
  }
]