[
  {
    "platform": "Teams",
    "chat_id": "1650393552211",
    "chat_from": "orgid:10b8563d-7d5e-4fbd-bdfa-3f2e63cb076e",
    "channel": "Gates Foundation / General",
    "message": "Hey JC, Next week on 4/26 we have a meeting scheduled with Jesse Raney Bridges from the Gates foundation to level set on the support that she will provide during your first IDI group debrief on May 5th. Prior to that call Grace and I wanted to ensure that you were set up for success with our first Gates IDI engagement. Please send any questions our way and we will try to have them answered during this meeting. Emani",
    "thread_id": null,
    "timestamp": "2022-04-19T18:39:12.211Z",
    "mentioned_users": null,
    "date_extracted": "2025-04-03T19:33:23.564096"
  },
  {
    "platform": "Teams",
    "chat_id": "1645642883096",
    "chat_from": "Grace Vottero",
    "channel": "Gates Foundation / General",
    "message": "Added a new tab at the top of this channel. Here's a link.",
    "thread_id": null,
    "timestamp": "2022-02-23T19:01:23.096Z",
    "mentioned_users": null,
    "date_extracted": "2025-04-03T19:33:23.564286"
  },
  {
    "platform": "Teams",
    "chat_id": "1645640374152",
    "chat_from": "Grace Vottero",
    "channel": "Gates Foundation / General",
    "message": "Overview of the Foundation's structure",
    "thread_id": null,
    "timestamp": "2022-02-23T18:19:34.152Z",
    "mentioned_users": null,
    "date_extracted": "2025-04-03T19:33:23.564437"
  },
  {
    "platform": "Teams",
    "chat_id": "1638994725301",
    "chat_from": "Grace Vottero",
    "channel": "Gates Foundation / General",
    "message": "Added a new tab at the top of this channel. Here's a link.",
    "thread_id": null,
    "timestamp": "2021-12-08T20:18:45.301Z",
    "mentioned_users": null,
    "date_extracted": "2025-04-03T19:33:23.564603"
  },
  {
    "platform": "Teams",
    "chat_id": "1702575723831",
    "chat_from": "Tamara Thorpe",
    "channel": "IDI Qualfied Administrators / General",
    "message": "Sarah Nodarse and Larry Baker can you please take a look at my calendar and identify any Huron and MIT folks scheduled to do an IDI Debrief with me that you can take off my calendar ASAP? Thank you.",
    "thread_id": null,
    "timestamp": "2023-12-14T17:42:03.831Z",
    "mentioned_users": null,
    "date_extracted": "2025-04-03T19:33:27.204499"
  },
  {
    "platform": "Teams",
    "chat_id": "1702575666725",
    "chat_from": "Tamara Thorpe",
    "channel": "IDI Qualfied Administrators / General",
    "message": "Welcome back Chuck and Kaitlin, and welcome to Andrea. This channel is dedicate to our IDI QAs. We share resources and questions here.",
    "thread_id": null,
    "timestamp": "2023-12-14T17:41:06.725Z",
    "mentioned_users": null,
    "date_extracted": "2025-04-03T19:33:27.205242"
  },
  {
    "platform": "Teams",
    "chat_id": "1692382469236",
    "chat_from": "Tamara Thorpe",
    "channel": "IDI Qualfied Administrators / General",
    "message": "Internally, IDI resources can be found here:",
    "thread_id": null,
    "timestamp": "2023-08-18T18:14:29.236Z",
    "mentioned_users": null,
    "date_extracted": "2025-04-03T19:33:27.205526"
  },
  {
    "platform": "Teams",
    "chat_id": "1692382410707",
    "chat_from": "Tamara Thorpe",
    "channel": "IDI Qualfied Administrators / General",
    "message": "The IDI has a new look and updated resources. Check it out here: https://www.idiinventory.com/ (https://www.idiinventory.com/)",
    "thread_id": null,
    "timestamp": "2023-08-18T18:13:30.707Z",
    "mentioned_users": null,
    "date_extracted": "2025-04-03T19:33:27.205783"
  },
  {
    "platform": "Teams",
    "chat_id": "1692382370645",
    "chat_from": "Tamara Thorpe",
    "channel": "IDI Qualfied Administrators / General",
    "message": "Welcome everyone to our new IDI QA Community of Practice! This is a space for us to share IDI related information, resources and updates to learn and grow in our QA competencies.",
    "thread_id": null,
    "timestamp": "2023-08-18T18:12:50.645Z",
    "mentioned_users": null,
    "date_extracted": "2025-04-03T19:33:27.205912"
  },
  {
    "platform": "Teams",
    "chat_id": "1666898876729",
    "chat_from": "Jake Pieczynski",
    "channel": "Marketing and Communications / General",
    "message": "I added a tab at the top of this channel. Check it out!",
    "thread_id": null,
    "timestamp": "2022-10-27T19:27:56.729Z",
    "mentioned_users": null,
    "date_extracted": "2025-04-03T19:33:34.137915"
  },
  {
    "platform": "Teams",
    "chat_id": "1666012091703",
    "chat_from": "Hannah Strack",
    "channel": "Marketing and Communications / General",
    "message": "Hi There! Melissa asked me to join this channel but she had it listed as \"Marketing Communications\" not \"Marketing and Communications\". Just making sure this is the right channel!",
    "thread_id": null,
    "timestamp": "2022-10-17T13:08:11.703Z",
    "mentioned_users": null,
    "date_extracted": "2025-04-03T19:33:34.138054"
  },
  {
    "platform": "Teams",
    "chat_id": "1665599026846",
    "chat_from": "Jake Pieczynski",
    "channel": "Marketing and Communications / General",
    "message": "I added a tab at the top of this channel. Check it out!",
    "thread_id": null,
    "timestamp": "2022-10-12T18:23:46.846Z",
    "mentioned_users": null,
    "date_extracted": "2025-04-03T19:33:34.138228"
  },
  {
    "platform": "Teams",
    "chat_id": "1657722647436",
    "chat_from": "Jake Pieczynski",
    "channel": "Marketing and Communications / General",
    "message": "I added a tab at the top of this channel. Check it out!",
    "thread_id": null,
    "timestamp": "2022-07-13T14:30:47.436Z",
    "mentioned_users": null,
    "date_extracted": "2025-04-03T19:33:34.138436"
  }
]