[
  {
    "platform": "Teams",
    "chat_id": "1723568834703",
    "chat_from": "Juri Mansour",
    "channel": "The Project Management Hub / Project Status",
    "message": "I added a tab at the top of this Channel. Check it out!",
    "thread_id": null,
    "timestamp": "2024-08-13T17:07:14.703Z",
    "mentioned_users": null,
    "date_extracted": "2025-04-05T21:09:07.196580"
  },
  {
    "platform": "Teams",
    "chat_id": "1723490032327",
    "chat_from": null,
    "channel": "The Project Management Hub / PMO Consultant Meeting",
    "message": "A brief meeting to review status of the consultants' projects for the week ahead and closeout pending statuses from the week prior.",
    "thread_id": null,
    "timestamp": "2024-08-12T19:13:52.327Z",
    "mentioned_users": null,
    "date_extracted": "2025-04-05T21:09:07.371523"
  },
  {
    "platform": "Teams",
    "chat_id": "1724691975592",
    "chat_from": "Alisa Kolodizner",
    "channel": "The Project Management Hub / PMO Consultant Meeting",
    "message": "Yesterdays triathlon. Started the day at 4 AM",
    "thread_id": null,
    "timestamp": "2024-08-26T17:06:15.592Z",
    "mentioned_users": null,
    "date_extracted": "2025-04-05T21:09:07.371919"
  },
  {
    "platform": "Teams",
    "chat_id": "1723568918176",
    "chat_from": "Juri Mansour",
    "channel": "The Project Management Hub / Solutions Development Status",
    "message": "I added a tab at the top of this Channel. Check it out!",
    "thread_id": null,
    "timestamp": "2024-08-13T17:08:38.176Z",
    "mentioned_users": null,
    "date_extracted": "2025-04-05T21:09:07.405894"
  },
  {
    "platform": "Teams",
    "chat_id": "1723483854189",
    "chat_from": "Juri Mansour",
    "channel": "The Project Management Hub / Solutions Development Status",
    "message": "I added a tab at the top of this Channel. Check it out!",
    "thread_id": null,
    "timestamp": "2024-08-12T17:30:54.189Z",
    "mentioned_users": null,
    "date_extracted": "2025-04-05T21:09:07.406126"
  },
  {
    "platform": "Teams",
    "chat_id": "1587675394651",
    "chat_from": "orgid:d6c49d74-6b74-4912-97d9-9ba564c9e783",
    "channel": "The Project Management Hub / 4. Resource Planning",
    "message": "Scheduled a meeting",
    "thread_id": null,
    "timestamp": "2020-04-23T20:56:34.651Z",
    "mentioned_users": null,
    "date_extracted": "2025-04-05T21:09:07.523133"
  },
  {
    "platform": "Teams",
    "chat_id": "1587672875670",
    "chat_from": "Lisa-Ann Barnes",
    "channel": "The Project Management Hub / 3. Project Inventory",
    "message": "Added a new tab at the top of this channel. Here's a link.",
    "thread_id": null,
    "timestamp": "2020-04-23T20:14:35.67Z",
    "mentioned_users": null,
    "date_extracted": "2025-04-05T21:09:08.356797"
  },
  {
    "platform": "Teams",
    "chat_id": "1590090038147",
    "chat_from": "orgid:d6c49d74-6b74-4912-97d9-9ba564c9e783",
    "channel": "The Project Management Hub / General",
    "message": "Scheduled a meeting",
    "thread_id": null,
    "timestamp": "2020-05-21T19:40:38.147Z",
    "mentioned_users": null,
    "date_extracted": "2025-04-05T21:09:28.360499"
  }
]