[
  {
    "platform": "Teams",
    "chat_id": "1631290886665",
    "chat_from": "Ada Vargas",
    "channel": "CSAA Equity Audit Team / General",
    "message": "Emani Richmond sorry about the delay in your prize! Without further a do:",
    "thread_id": null,
    "timestamp": "2021-09-10T16:21:26.665Z",
    "mentioned_users": null,
    "date_extracted": "2025-04-05T21:08:32.781827"
  },
  {
    "platform": "Teams",
    "chat_id": "1631034034780",
    "chat_from": "Emani Richmond",
    "channel": "CSAA Equity Audit Team / General",
    "message": "I have finished all of my document review and look forward to my 100% prize!!!",
    "thread_id": null,
    "timestamp": "2021-09-07T17:00:34.78Z",
    "mentioned_users": null,
    "date_extracted": "2025-04-05T21:08:32.782043"
  },
  {
    "platform": "Teams",
    "chat_id": "1631024038888",
    "chat_from": "Ada Vargas",
    "channel": "CSAA Equity Audit Team / General",
    "message": "",
    "thread_id": null,
    "timestamp": "2021-09-07T14:13:58.888Z",
    "mentioned_users": null,
    "date_extracted": "2025-04-05T21:08:32.782253"
  },
  {
    "platform": "Teams",
    "chat_id": "1631023962174",
    "chat_from": "Ada Vargas",
    "channel": "CSAA Equity Audit Team / General",
    "message": "Good morning! I'm kicking into some document review this morning and wanted to share a motivational Sprite photo. Also to celebrate that Emani Richmond is moving along and more than half way through her document review. Please share your milestones (finishing a document, a section, whatever!) and I'll post more Sprite in different outfits pictures.",
    "thread_id": null,
    "timestamp": "2021-09-07T14:12:42.174Z",
    "mentioned_users": null,
    "date_extracted": "2025-04-05T21:08:32.782581"
  }
]