[
  {
    "platform": "Teams",
    "chat_id": "1633097553778",
    "chat_from": "Melissa Neu",
    "channel": "OLD - Client / Business Development / Mailing List",
    "message": "LaQuanda Murray FYI - I've removed the translations, resumes, and conducted general cleanup",
    "thread_id": null,
    "timestamp": "2021-10-01T14:12:33.778Z",
    "mentioned_users": null,
    "date_extracted": "2025-04-05T21:06:33.286666"
  },
  {
    "platform": "Teams",
    "chat_id": "1632926662635",
    "chat_from": "LaQuanda Murray",
    "channel": "OLD - Client / Business Development / CALL NOTES",
    "message": "Melissa Neu Monica Marcel - Call Notes for Gusto Set-up - LQ",
    "thread_id": null,
    "timestamp": "2021-09-29T14:44:22.635Z",
    "mentioned_users": null,
    "date_extracted": "2025-04-05T21:06:48.716035"
  },
  {
    "platform": "Teams",
    "chat_id": "1632859814086",
    "chat_from": "LaQuanda Murray",
    "channel": "OLD - Client / Business Development / CALL NOTES",
    "message": "Monica Marcel - here are notes MN started",
    "thread_id": null,
    "timestamp": "2021-09-28T20:10:14.086Z",
    "mentioned_users": null,
    "date_extracted": "2025-04-05T21:06:48.716318"
  },
  {
    "platform": "Teams",
    "chat_id": "1631630512258",
    "chat_from": "LaQuanda Murray",
    "channel": "OLD - Client / Business Development / CALL NOTES",
    "message": "Chuck Adams , Melissa Neu - Hi Chuck & Melissa, set up notes for our call with Charles Bank today, just sent am email with background to move to top of inboxes",
    "thread_id": null,
    "timestamp": "2021-09-14T14:41:52.258Z",
    "mentioned_users": null,
    "date_extracted": "2025-04-05T21:06:48.716693"
  },
  {
    "platform": "Teams",
    "chat_id": "1622128103737",
    "chat_from": "LaQuanda Murray",
    "channel": "OLD - Client / Business Development / TRENDS BEING HEARD BY LQ AND MELISSA DURING SALES",
    "message": "Monica Marcel - testing this",
    "thread_id": null,
    "timestamp": "2021-05-27T15:08:23.737Z",
    "mentioned_users": null,
    "date_extracted": "2025-04-05T21:07:00.926733"
  },
  {
    "platform": "Teams",
    "chat_id": "1622127849508",
    "chat_from": "Monica Marcel",
    "channel": "OLD - Client / Business Development / TRENDS BEING HEARD BY LQ AND MELISSA DURING SALES",
    "message": "5/26/2021 -- WW asked what we have for senior leaders on bias/inclusion that is 1 hour",
    "thread_id": null,
    "timestamp": "2021-05-27T15:04:09.508Z",
    "mentioned_users": null,
    "date_extracted": "2025-04-05T21:07:00.926894"
  },
  {
    "platform": "Teams",
    "chat_id": "1639582603029",
    "chat_from": "Melissa Neu",
    "channel": "OLD - Client / Business Development / FAQs asked over emails and during sales",
    "message": "IDI QUESTIONS on group debriefs. If the debrief is built into the program, use the course session guidance regarding attendance. If the debrief is sold stand-alone, the ideal group size is 25. In some cases, this can be pushed up to 100 - but this would need to be evaluated on a case-by-case basis.",
    "thread_id": null,
    "timestamp": "2021-12-15T15:36:43.029Z",
    "mentioned_users": null,
    "date_extracted": "2025-04-05T21:07:08.204748"
  },
  {
    "platform": "Teams",
    "chat_id": "1633541213710",
    "chat_from": "LaQuanda Murray",
    "channel": "OLD - Client / Business Development / FAQs asked over emails and during sales",
    "message": "I have a couple questions for you regarding LCW\u2019s train-the trainer program. Would Voya need to pay for the site license and the training sessions? Yes, the Train-the-Trainer program consist of two components the site license and the TTT sessions. The site licenses are priced as follows: - Content for 1-2 hr courses \u200b- $35,000 per course - Content for 3-8 hr courses \u200b- $60,000 per course Then the cost of the TTT training session is additional. See below for details on 1 vs 2 day TTT training sessions. NOTE - Site licenses are not currently available for some courses including LCW Cultural Immersions and select Cultural Competence Workshops-but if you have great interest in those, we can talk about doing those if the total spend is large enough (i.e. over $1.5m) What is the difference between the one & two day sessions? Would that be a decision we make on which one we go with? Is there a maximum number of trainers we can have trained for the fee? The difference between the one & two day sessions is based on the length of the content. Details and investment amounts: - One Day TTT Program (for 1-2 hr courses) - $20,000 - INCLUDES: Live Course Delivery + Walkthrough of each piece of content + Teachbacks - Two Day TTT Program (for 3-8 hr courses) - $40,000 - INCLUDES: Day 1: Live Course Delivery + Walkthrough of each piece of content\u200b with Q&A and Day 2 : Teachbacks, practice, and Q&A - LCW can accom m odate up to 10 candidate trainers in each session. Did you provide me with a cost for our Unconscious Bias training (4 hour session)? An off-the-shelf 4-hour session with two facilitators delivering LCW\u2019s UB content is $15,000. Additional Workshop Customizations to adapt content to client\u2019s specific audience (e.g., industry, region, country, or global) or learning objectives are available. When being designed for a firm wide rollout, the typical cost is about $20k for the customization of a \u2018global\u2019 version. Additional customizations for specific world regions or parts of the business range are typically starting at $3,000",
    "thread_id": null,
    "timestamp": "2021-10-06T17:26:53.71Z",
    "mentioned_users": null,
    "date_extracted": "2025-04-05T21:07:08.211293"
  },
  {
    "platform": "Teams",
    "chat_id": "1633553429514",
    "chat_from": "LaQuanda Murray",
    "channel": "OLD - Client / Business Development / FAQs asked over emails and during sales",
    "message": "IDI Administrators",
    "thread_id": null,
    "timestamp": "2021-10-06T20:50:29.514Z",
    "mentioned_users": null,
    "date_extracted": "2025-04-05T21:07:08.211514"
  },
  {
    "platform": "Teams",
    "chat_id": "1630343127614",
    "chat_from": "LaQuanda Murray",
    "channel": "OLD - Client / Business Development / FAQs asked over emails and during sales",
    "message": "Chuck Adams - Clients have asked how do we evaluate our courses, on the weekly training call today (8/30) you talked about level 1 reaction, level 2 reaction for learning, level 3 your behavior changed and is measurable and observable and level 4 results - ROI - impact on the business, the Kirkpatrick's Model. Would love to develop a broad overview LCW slide similar to the Kirkpatrick one so we can provide a snapshot if needed in a deck, i have included some examples of level 1 in some decks, but would love to build out a few predesigned sales slides and have some cheat notes for pricing around the various levels. cc: Melissa Neu , Monica Marcel",
    "thread_id": null,
    "timestamp": "2021-08-30T17:05:27.614Z",
    "mentioned_users": null,
    "date_extracted": "2025-04-05T21:07:08.214265"
  },
  {
    "platform": "Teams",
    "chat_id": "1629999253210",
    "chat_from": "LaQuanda Murray",
    "channel": "OLD - Client / Business Development / FAQs asked over emails and during sales",
    "message": "Monica Marcel - During a Exploratory Call with Wiley on 8/25, the client asked if we were a certified women or minority owned business. I'd like to recommend that we get our https://www.wbenc.org/certification/ (https://www.wbenc.org/certification/) (Women Business Enterprise Certification) - LaQ & Melissa Neu",
    "thread_id": null,
    "timestamp": "2021-08-26T17:34:13.21Z",
    "mentioned_users": null,
    "date_extracted": "2025-04-05T21:07:08.214875"
  },
  {
    "platform": "Teams",
    "chat_id": "1629748754763",
    "chat_from": "Melissa Neu",
    "channel": "OLD - Client / Business Development / FAQs asked over emails and during sales",
    "message": "What is your ideal cohort size if delivered virtually vs. in person? LCW Response: Ideal cohort is 25 person, virtually or online.",
    "thread_id": null,
    "timestamp": "2021-08-23T19:59:14.763Z",
    "mentioned_users": null,
    "date_extracted": "2025-04-05T21:07:08.215371"
  },
  {
    "platform": "Teams",
    "chat_id": "1629748732242",
    "chat_from": "Melissa Neu",
    "channel": "OLD - Client / Business Development / FAQs asked over emails and during sales",
    "message": "Would like more information on \u2018boost\u2019 learning or how you support solidification of knowledge into long-term memory through targeted reminders or questions after the learning event. Do you have a support mechanism in place for boost learning? LCW Response: Depending on the budget, content and rollout strategy, we have a host of \u2018boost\u2019 learning support ranging from: - pre-scripted \u201cEveryday Inclusion Tips\u201d for leaders to push out via email, to self-discovery - 8 weeks of Behavior Boosts including Reminders and activities to reinforce and practice areas for development identified in previous learning. Received by email, text message, or other client digital channel, for a period of 8 weeks post-course. - Discovery & Practice Guide (for intact teams): Problem-solving and practice tool that will help teams work together to root out unconscious bias and develop concrete conscious inclusion solutions",
    "thread_id": null,
    "timestamp": "2021-08-23T19:58:52.242Z",
    "mentioned_users": null,
    "date_extracted": "2025-04-05T21:07:08.216426"
  },
  {
    "platform": "Teams",
    "chat_id": "1629748633225",
    "chat_from": "Melissa Neu",
    "channel": "OLD - Client / Business Development / FAQs asked over emails and during sales",
    "message": "Do you have other examples of learner engagement built into the design of the content other than polls and breakouts? Interested to learn more about the design concepts that foster retention in the sessions or see a high level DD to understand the content flow, Learning Objectives and learner motivation/engagement points. LCW Response: In the live facilitated sessions, we also use onscreen animation for example (see below), as well as videos and audio case studies as well as Slido word clouds, and more. Which specific levers we use depend on the course content, objectives, etc.",
    "thread_id": null,
    "timestamp": "2021-08-23T19:57:13.225Z",
    "mentioned_users": null,
    "date_extracted": "2025-04-05T21:07:08.216905"
  },
  {
    "platform": "Teams",
    "chat_id": "1629748577370",
    "chat_from": "Melissa Neu",
    "channel": "OLD - Client / Business Development / FAQs asked over emails and during sales",
    "message": "Since we\u2019re unsure of what our approach to the workplace will be in 2022, is it possible to provide a hybrid model for this? As in\u2026most cohorts would be virtual (we\u2019d imagine), but there may be a population who have returned to work in some way\u2026is it possible to do a cohort or two in-person or is it just one modality? LCW Response: Yes, this is possible. The pricing will just vary depending on the modality.",
    "thread_id": null,
    "timestamp": "2021-08-23T19:56:17.37Z",
    "mentioned_users": null,
    "date_extracted": "2025-04-05T21:07:08.217337"
  },
  {
    "platform": "Teams",
    "chat_id": "1629748561525",
    "chat_from": "Melissa Neu",
    "channel": "OLD - Client / Business Development / FAQs asked over emails and during sales",
    "message": "There was mention of breaking down the supporting material by level, one set for individual contributors and one for people leaders. Would the course content be approached that way or just the performance support content? LCW Response: Depending on the roll out strategy, if people leaders are trained separately from individual contributors, facilitated content is best when tailored for the specific level of the participant such as people leaders.",
    "thread_id": null,
    "timestamp": "2021-08-23T19:56:01.525Z",
    "mentioned_users": null,
    "date_extracted": "2025-04-05T21:07:08.217827"
  },
  {
    "platform": "Teams",
    "chat_id": "1629748542967",
    "chat_from": "Melissa Neu",
    "channel": "OLD - Client / Business Development / FAQs asked over emails and during sales",
    "message": "Can we get a sample IDI report output? I\u2019d be interested to see how in-depth it gets, as well as what is actionable from it. LCW Response - Here are three sample report outputs: 1) Individual Profile Report; 2) Individual\u2019s personal Intercultural Development Plan; 3) Group Profile Report",
    "thread_id": null,
    "timestamp": "2021-08-23T19:55:42.967Z",
    "mentioned_users": null,
    "date_extracted": "2025-04-05T21:07:08.218262"
  },
  {
    "platform": "Teams",
    "chat_id": "1629748520862",
    "chat_from": "Melissa Neu",
    "channel": "OLD - Client / Business Development / FAQs asked over emails and during sales",
    "message": "Are all of the performance support assets LCW proprietary content, or are these available in a marketplace like LiL? a. If proprietary \u2013 would they integrate into our LMS for tracking, or would the learner need to sign in to another external system for access? IF that is the case, need a larger discussion on learner experience and monitoring. LCW Response - Best option: site licenses allow you to host any of our modules on your own LMS",
    "thread_id": null,
    "timestamp": "2021-08-23T19:55:20.862Z",
    "mentioned_users": null,
    "date_extracted": "2025-04-05T21:07:08.218814"
  },
  {
    "platform": "Teams",
    "chat_id": "1628690356332",
    "chat_from": "LaQuanda Murray",
    "channel": "OLD - Client / Business Development / FAQs asked over emails and during sales",
    "message": "How does LCW prepare folks who are going to take the IDI, what is done in advance of the link being sent? Special communication (do we have a template) or a session?",
    "thread_id": null,
    "timestamp": "2021-08-11T13:59:16.332Z",
    "mentioned_users": null,
    "date_extracted": "2025-04-05T21:07:08.218977"
  },
  {
    "platform": "Teams",
    "chat_id": "1623294193871",
    "chat_from": "LaQuanda Murray",
    "channel": "OLD - Client / Business Development / FAQs asked over emails and during sales",
    "message": "Is there a cost difference between virtual and in-person training?",
    "thread_id": null,
    "timestamp": "2021-06-10T03:03:13.871Z",
    "mentioned_users": null,
    "date_extracted": "2025-04-05T21:07:08.219236"
  },
  {
    "platform": "Teams",
    "chat_id": "1623291938791",
    "chat_from": "LaQuanda Murray",
    "channel": "OLD - Client / Business Development / FAQs asked over emails and during sales",
    "message": "Will we have the ability to select trainers (all levels), can we interview? Are there different levels or titles of trainers, and are there different costs if so? How do you differentiate trainers who interact with executive level?",
    "thread_id": null,
    "timestamp": "2021-06-10T02:25:38.791Z",
    "mentioned_users": null,
    "date_extracted": "2025-04-05T21:07:08.220181"
  },
  {
    "platform": "Teams",
    "chat_id": "1623097216793",
    "chat_from": "Monica Marcel",
    "channel": "OLD - Client / Business Development / FAQs asked over emails and during sales",
    "message": "What is the fee for new course creation?",
    "thread_id": null,
    "timestamp": "2021-06-07T20:20:16.793Z",
    "mentioned_users": null,
    "date_extracted": "2025-04-05T21:07:08.220331"
  },
  {
    "platform": "Teams",
    "chat_id": "1622817817618",
    "chat_from": "Melissa Neu",
    "channel": "OLD - Client / Business Development / FAQs asked over emails and during sales",
    "message": "Will LCW provide updated content to all Enterprise license holders? - We will absolutely provide updates if there is an error in the content. If content is updated for other improvements, sharing this with enterprise license holders will be reviewed on a case-by-case basis.",
    "thread_id": null,
    "timestamp": "2021-06-04T14:43:37.618Z",
    "mentioned_users": null,
    "date_extracted": "2025-04-05T21:07:08.220904"
  },
  {
    "platform": "Teams",
    "chat_id": "1622817547111",
    "chat_from": "Melissa Neu",
    "channel": "OLD - Client / Business Development / FAQs asked over emails and during sales",
    "message": "What are the differences between these courses? - Managing Bias is the Workplace is for Individual Contributors - It assumes in the group that there is a chunk of non-managers. - Individual contributors and non-managers should not be in same succession because this creates a greater awareness of inherent organizational issues with hiring. - Leaders would only go through this program if goal were to have a common conversation \u2013 will only address things that everyone can touch. - Does not solve for any leadership issues. - Managing Bias in Talent Management - The general course that illumines bias and all the way that impacts people decisions. - Covers hiring, team meetings, performance reviews. - Managing Bias in Talent Review - Only for leaders doing succession planning and making more strategic hiring decisions. Ideally, put leaders through Managing Bias is the Workplace and Managing Bias in Talent Management . The opportunity for both allows leaders to understand what followers are learning and learn Managing Bias in Talent Management is best approach.",
    "thread_id": null,
    "timestamp": "2021-06-04T14:39:07.111Z",
    "mentioned_users": null,
    "date_extracted": "2025-04-05T21:07:08.223664"
  },
  {
    "platform": "Teams",
    "chat_id": "1626204697494",
    "chat_from": "Melissa Neu",
    "channel": "OLD - Client / Business Development / General",
    "message": "Added a new tab at the top of this channel. Here's a link.",
    "thread_id": null,
    "timestamp": "2021-07-13T19:31:37.494Z",
    "mentioned_users": null,
    "date_extracted": "2025-04-05T21:07:08.356870"
  },
  {
    "platform": "Teams",
    "chat_id": "1626204553671",
    "chat_from": "Melissa Neu",
    "channel": "OLD - Client / Business Development / General",
    "message": "Added a new tab at the top of this channel. Here's a link.",
    "thread_id": null,
    "timestamp": "2021-07-13T19:29:13.671Z",
    "mentioned_users": null,
    "date_extracted": "2025-04-05T21:07:08.357258"
  },
  {
    "platform": "Teams",
    "chat_id": "1578339913826",
    "chat_from": "Mallory Warner",
    "channel": "OLD - Business Development Team Channel / Social Media - Campaigns",
    "message": "https://blog.hubspot.com/marketing/instagram-best-time-post (https://blog.hubspot.com/marketing/instagram-best-time-post)",
    "thread_id": null,
    "timestamp": "2020-01-06T19:45:13.826Z",
    "mentioned_users": null,
    "date_extracted": "2025-04-05T21:06:34.861204"
  },
  {
    "platform": "Teams",
    "chat_id": "1578338027583",
    "chat_from": "Mallory Warner",
    "channel": "OLD - Business Development Team Channel / Social Media - Campaigns",
    "message": "https://blog.hubspot.com/marketing/social-media-calendar-tools (https://blog.hubspot.com/marketing/social-media-calendar-tools)",
    "thread_id": null,
    "timestamp": "2020-01-06T19:13:47.583Z",
    "mentioned_users": null,
    "date_extracted": "2025-04-05T21:06:34.861518"
  },
  {
    "platform": "Teams",
    "chat_id": "1577985498911",
    "chat_from": "Mallory Warner",
    "channel": "OLD - Business Development Team Channel / Social Media - Campaigns",
    "message": "Quick Notes from our call on 1/2/20: Who is the target audience? What content are we hoping to deliver? We were planning on having trailers, would this be what we want to include? Exposure, ad, what are we using this for? Next steps: Bring back to Monica \u2013 which content and why? What did you envision? \u201cOverheard at LCW\u201d Quotes, compelling questions, comments from our trainings LCW 20 th year \u2013 20 interviews with past and current clients",
    "thread_id": null,
    "timestamp": "2020-01-02T17:18:18.911Z",
    "mentioned_users": null,
    "date_extracted": "2025-04-05T21:06:34.863255"
  },
  {
    "platform": "Teams",
    "chat_id": "1604352371831",
    "chat_from": "LaQuanda Murray",
    "channel": "OLD - Business Development Team Channel / General",
    "message": "Added a new tab at the top of this channel. Here's a link.",
    "thread_id": null,
    "timestamp": "2020-11-02T21:26:11.831Z",
    "mentioned_users": null,
    "date_extracted": "2025-04-05T21:07:09.040194"
  },
  {
    "platform": "Teams",
    "chat_id": "1604350894118",
    "chat_from": "LaQuanda Murray",
    "channel": "OLD - Business Development Team Channel / General",
    "message": "Added a new tab at the top of this channel. Here's a link.",
    "thread_id": null,
    "timestamp": "2020-11-02T21:01:34.118Z",
    "mentioned_users": null,
    "date_extracted": "2025-04-05T21:07:09.040425"
  },
  {
    "platform": "Teams",
    "chat_id": "1595273156394",
    "chat_from": "Tanya Stanfield",
    "channel": "OLD - Business Development Team Channel / General",
    "message": "Added a new tab at the top of this channel. Here's a link.",
    "thread_id": null,
    "timestamp": "2020-07-20T19:25:56.394Z",
    "mentioned_users": null,
    "date_extracted": "2025-04-05T21:07:09.040644"
  },
  {
    "platform": "Teams",
    "chat_id": "1577480997854",
    "chat_from": "Mallory Warner",
    "channel": "OLD - Business Development Team Channel / General",
    "message": "Added a new tab at the top of this channel. Here's a link.",
    "thread_id": null,
    "timestamp": "2019-12-27T21:09:57.854Z",
    "mentioned_users": null,
    "date_extracted": "2025-04-05T21:07:09.040864"
  },
  {
    "platform": "Teams",
    "chat_id": "1574448969647",
    "chat_from": "Mallory Warner",
    "channel": "OLD - Business Development Team Channel / General",
    "message": "Added a new tab at the top of this channel. Here's a link.",
    "thread_id": null,
    "timestamp": "2019-11-22T18:56:09.647Z",
    "mentioned_users": null,
    "date_extracted": "2025-04-05T21:07:09.041068"
  }
]