[
  {
    "platform": "Teams",
    "chat_id": "1656606764029",
    "chat_from": "Grace Vottero",
    "channel": "Innovation and Products / General",
    "message": "I added a tab at the top of this chat. Check it out!",
    "thread_id": null,
    "timestamp": "2022-06-30T16:32:44.029Z",
    "mentioned_users": null,
    "date_extracted": "2025-04-05T21:09:25.841460"
  },
  {
    "platform": "Teams",
    "chat_id": "1654187663433",
    "chat_from": "Grace Vottero",
    "channel": "Innovation and Products / General",
    "message": "Kelly Salek Melissa Neu the updated draft of our deck is here!!",
    "thread_id": null,
    "timestamp": "2022-06-02T16:34:23.433Z",
    "mentioned_users": null,
    "date_extracted": "2025-04-05T21:09:25.841796"
  },
  {
    "platform": "Teams",
    "chat_id": "1661554083730",
    "chat_from": "Melissa Neu",
    "channel": "Dormant Account Project - 2022 / General",
    "message": "Conner Williams Grace Vottero Hi Friends! In the files section of this channel, I have uploaded a spreadsheet of clients not listed as \"Active.\" When you are able, can you please review the list and add your name to any clients that you would LOVE to work with or that you already have a relationship with. Also, if you could please, alert me if you know other consultants are working on anything here. No need to dive deep on looking at who is doing what with these; just looking for your gut reactions on the names. Let me know when you're finished. I'll assign the remainders and share instructions on next steps. HAPPY FRIDAY!",
    "thread_id": null,
    "timestamp": "2022-08-26T22:48:03.73Z",
    "mentioned_users": null,
    "date_extracted": "2025-04-05T21:09:28.942319"
  },
  {
    "platform": "Teams",
    "chat_id": "1645024377549",
    "chat_from": "",
    "channel": "Processes / General",
    "message": "",
    "thread_id": null,
    "timestamp": "2022-02-16T15:12:57.549Z",
    "mentioned_users": null,
    "date_extracted": "2025-04-05T21:09:29.643444"
  },
  {
    "platform": "Teams",
    "chat_id": "1644512167716",
    "chat_from": "Nicole Barile",
    "channel": "Processes / General",
    "message": "",
    "thread_id": null,
    "timestamp": "2022-02-10T16:56:07.716Z",
    "mentioned_users": null,
    "date_extracted": "2025-04-05T21:09:29.643460"
  },
  {
    "platform": "Teams",
    "chat_id": "1666898876729",
    "chat_from": "Jake Pieczynski",
    "channel": "Marketing and Communications / General",
    "message": "I added a tab at the top of this channel. Check it out!",
    "thread_id": null,
    "timestamp": "2022-10-27T19:27:56.729Z",
    "mentioned_users": null,
    "date_extracted": "2025-04-05T21:09:31.555806"
  },
  {
    "platform": "Teams",
    "chat_id": "1666012091703",
    "chat_from": "Hannah Strack",
    "channel": "Marketing and Communications / General",
    "message": "Hi There! Melissa asked me to join this channel but she had it listed as \"Marketing Communications\" not \"Marketing and Communications\". Just making sure this is the right channel!",
    "thread_id": null,
    "timestamp": "2022-10-17T13:08:11.703Z",
    "mentioned_users": null,
    "date_extracted": "2025-04-05T21:09:31.555931"
  },
  {
    "platform": "Teams",
    "chat_id": "1665599026846",
    "chat_from": "Jake Pieczynski",
    "channel": "Marketing and Communications / General",
    "message": "I added a tab at the top of this channel. Check it out!",
    "thread_id": null,
    "timestamp": "2022-10-12T18:23:46.846Z",
    "mentioned_users": null,
    "date_extracted": "2025-04-05T21:09:31.556083"
  },
  {
    "platform": "Teams",
    "chat_id": "1657722647436",
    "chat_from": "Jake Pieczynski",
    "channel": "Marketing and Communications / General",
    "message": "I added a tab at the top of this channel. Check it out!",
    "thread_id": null,
    "timestamp": "2022-07-13T14:30:47.436Z",
    "mentioned_users": null,
    "date_extracted": "2025-04-05T21:09:31.557243"
  },
  {
    "platform": "Teams",
    "chat_id": "1656090159313",
    "chat_from": "Tamara Thorpe",
    "channel": "June LCW Retreat / General",
    "message": "I added a tab at the top of this channel. Check it out!",
    "thread_id": null,
    "timestamp": "2022-06-24T17:02:39.313Z",
    "mentioned_users": null,
    "date_extracted": "2025-04-05T21:09:32.387192"
  },
  {
    "platform": "Teams",
    "chat_id": "1654804439690",
    "chat_from": "Jake Pieczynski",
    "channel": "June LCW Retreat / General",
    "message": "I'll be sharing a recap post of our retreat for #FeatureFriday tomorrow! There's already been some great pictures shared here and I have many of my own, but I wanted to put out a last call! If you have any pictures (especially of groups) please share them here! Thank you!",
    "thread_id": null,
    "timestamp": "2022-06-09T19:53:59.69Z",
    "mentioned_users": null,
    "date_extracted": "2025-04-05T21:09:32.387383"
  },
  {
    "platform": "Teams",
    "chat_id": "1654737291385",
    "chat_from": "Monica Marcel",
    "channel": "June LCW Retreat / General",
    "message": "",
    "thread_id": null,
    "timestamp": "2022-06-09T01:14:51.385Z",
    "mentioned_users": null,
    "date_extracted": "2025-04-05T21:09:32.388517"
  },
  {
    "platform": "Teams",
    "chat_id": "1654726123442",
    "chat_from": "Briza Cardenas",
    "channel": "June LCW Retreat / General",
    "message": "Thank you for attending our 2022 June LCW Retreat! Please fill out this quick survey to help us make the next one even better https://www.surveymonkey.com/r/HYZ6QYR (https://www.surveymonkey.com/r/HYZ6QYR)",
    "thread_id": null,
    "timestamp": "2022-06-08T22:08:43.442Z",
    "mentioned_users": null,
    "date_extracted": "2025-04-05T21:09:32.388917"
  },
  {
    "platform": "Teams",
    "chat_id": "1654724795071",
    "chat_from": "Alisa Kolodizner",
    "channel": "June LCW Retreat / General",
    "message": "",
    "thread_id": null,
    "timestamp": "2022-06-08T21:46:35.071Z",
    "mentioned_users": null,
    "date_extracted": "2025-04-05T21:09:32.389192"
  },
  {
    "platform": "Teams",
    "chat_id": "1654616885779",
    "chat_from": "Nicole Barile",
    "channel": "June LCW Retreat / General",
    "message": "Pilsen art tour",
    "thread_id": null,
    "timestamp": "2022-06-07T15:48:05.779Z",
    "mentioned_users": null,
    "date_extracted": "2025-04-05T21:09:32.389331"
  },
  {
    "platform": "Teams",
    "chat_id": "1654712126166",
    "chat_from": "Nicole Barile",
    "channel": "June LCW Retreat / General",
    "message": "",
    "thread_id": null,
    "timestamp": "2022-06-08T18:15:26.166Z",
    "mentioned_users": null,
    "date_extracted": "2025-04-05T21:09:32.389503"
  },
  {
    "platform": "Teams",
    "chat_id": "1654628542829",
    "chat_from": "Nicole Barile",
    "channel": "June LCW Retreat / General",
    "message": "Hey all! We are a tiny bit behind schedule. We are starting the meditation at 2:35 CST.",
    "thread_id": null,
    "timestamp": "2022-06-07T19:02:22.829Z",
    "mentioned_users": null,
    "date_extracted": "2025-04-05T21:09:32.389656"
  },
  {
    "platform": "Teams",
    "chat_id": "1654616884091",
    "chat_from": "Nicole Barile",
    "channel": "June LCW Retreat / General",
    "message": "",
    "thread_id": null,
    "timestamp": "2022-06-07T15:48:04.091Z",
    "mentioned_users": null,
    "date_extracted": "2025-04-05T21:09:32.390154"
  },
  {
    "platform": "Teams",
    "chat_id": "1654615982767",
    "chat_from": "Tahitia Timmons",
    "channel": "June LCW Retreat / General",
    "message": "Hi Virtual Peeps, - Gonna walk the dogs real quick so that I won't be bugged by them during our lunch and movie together. See you all then",
    "thread_id": null,
    "timestamp": "2022-06-07T15:33:02.767Z",
    "mentioned_users": null,
    "date_extracted": "2025-04-05T21:09:32.390439"
  },
  {
    "platform": "Teams",
    "chat_id": "1654612567568",
    "chat_from": "Alisa Kolodizner",
    "channel": "June LCW Retreat / General",
    "message": "Please find the Mission and Values that were presented earlier today in the files attached.",
    "thread_id": null,
    "timestamp": "2022-06-07T14:36:07.568Z",
    "mentioned_users": null,
    "date_extracted": "2025-04-05T21:09:32.390599"
  },
  {
    "platform": "Teams",
    "chat_id": "1654608943936",
    "chat_from": "Nicole Barile",
    "channel": "June LCW Retreat / General",
    "message": "Getting ready for the day \ud83d\ude0a",
    "thread_id": null,
    "timestamp": "2022-06-07T13:35:43.936Z",
    "mentioned_users": null,
    "date_extracted": "2025-04-05T21:09:32.390748"
  },
  {
    "platform": "Teams",
    "chat_id": "1654608933581",
    "chat_from": "Nicole Barile",
    "channel": "June LCW Retreat / General",
    "message": "We",
    "thread_id": null,
    "timestamp": "2022-06-07T13:35:33.581Z",
    "mentioned_users": null,
    "date_extracted": "2025-04-05T21:09:32.391144"
  },
  {
    "platform": "Teams",
    "chat_id": "1652200887398",
    "chat_from": "Jake Pieczynski",
    "channel": "Crisis Communications Channel / FL Stop Woke Act",
    "message": "What responses, questions, or new problems are you encountering in your conversations with clients? (please respond in this thread)",
    "thread_id": null,
    "timestamp": "2022-05-10T16:41:27.398Z",
    "mentioned_users": null,
    "date_extracted": "2025-04-05T21:09:27.674488"
  },
  {
    "platform": "Teams",
    "chat_id": "1653404423964",
    "chat_from": "Tahitia Timmons",
    "channel": "Crisis Communications Channel / General",
    "message": "I am going to post this here - The American College of Obstetricians and Gynecologists (ACOG) the leading resource for maternal child health has issued a statement regarding Abortion - Understanding ACOG\u2019s Policy on Abortion. It can be found here https://www.acog.org/news/news-articles/2022/05/understanding-acog-policy-on-abortion (https://www.acog.org/news/news-articles/2022/05/understanding-acog-policy-on-abortion)",
    "thread_id": null,
    "timestamp": "2022-05-24T15:00:23.964Z",
    "mentioned_users": null,
    "date_extracted": "2025-04-05T21:09:33.928390"
  },
  {
    "platform": "Teams",
    "chat_id": "1650302118465",
    "chat_from": "Jake Pieczynski",
    "channel": "Crisis Communications Channel / General",
    "message": "Checking back in two weeks removed - what reactions or feedback have you received in response to LCW's leadership transition announcement? We know that this will be an ongoing process. Please share the responses you've received in this thread so we can use them to inform our future communications. Thanks!",
    "thread_id": null,
    "timestamp": "2022-04-18T17:15:18.465Z",
    "mentioned_users": null,
    "date_extracted": "2025-04-05T21:09:33.928921"
  },
  {
    "platform": "Teams",
    "chat_id": "1649261828348",
    "chat_from": "Jake Pieczynski",
    "channel": "Crisis Communications Channel / General",
    "message": "What reactions or feedback have you received in response to yesterday's announcement? Please share the responses you've received in this thread so we can use them to inform our future communications. Thanks!",
    "thread_id": null,
    "timestamp": "2022-04-06T16:17:08.348Z",
    "mentioned_users": null,
    "date_extracted": "2025-04-05T21:09:33.929268"
  },
  {
    "platform": "Teams",
    "chat_id": "1649106180628",
    "chat_from": "Jake Pieczynski",
    "channel": "Crisis Communications Channel / General",
    "message": "What new questions are coming up? Post any responses that have were not covered in the FAQ guide in this thread.",
    "thread_id": null,
    "timestamp": "2022-04-04T21:03:00.628Z",
    "mentioned_users": null,
    "date_extracted": "2025-04-05T21:09:33.929621"
  },
  {
    "platform": "Teams",
    "chat_id": "1649187641535",
    "chat_from": "Jake Pieczynski",
    "channel": "Crisis Communications Channel / General",
    "message": "The \"LCW Staff FAQ Guide\" is now available in the files section of this channel. Please take a moment to review and post any additional questions you think other may benefit from seeing the response to in this thread. Thanks!",
    "thread_id": null,
    "timestamp": "2022-04-05T19:40:41.535Z",
    "mentioned_users": null,
    "date_extracted": "2025-04-05T21:09:33.930131"
  },
  {
    "platform": "Teams",
    "chat_id": "1649106143312",
    "chat_from": "Jake Pieczynski",
    "channel": "Crisis Communications Channel / General",
    "message": "What have your clients' reactions been to the email? Post any responses you've heard that others might benefit from in this thread.",
    "thread_id": null,
    "timestamp": "2022-04-04T21:02:23.312Z",
    "mentioned_users": null,
    "date_extracted": "2025-04-05T21:09:33.930615"
  },
  {
    "platform": "Teams",
    "chat_id": "1649175324196",
    "chat_from": "Jake Pieczynski",
    "channel": "Crisis Communications Channel / General",
    "message": "Hi team - a quick heads up that we are targeting a 1:30pm release of our official announcement on the website, Facebook, LinkedIn, and Twitter. Please be on the look out. I will update you when it is live.",
    "thread_id": null,
    "timestamp": "2022-04-05T16:15:24.196Z",
    "mentioned_users": null,
    "date_extracted": "2025-04-05T21:09:33.930829"
  },
  {
    "platform": "Teams",
    "chat_id": "1650485154388",
    "chat_from": "orgid:10b8563d-7d5e-4fbd-bdfa-3f2e63cb076e",
    "channel": "Gates Foundation / DEI Case Studies",
    "message": "Scheduled a meeting",
    "thread_id": null,
    "timestamp": "2022-04-20T20:05:54.388Z",
    "mentioned_users": null,
    "date_extracted": "2025-04-05T21:09:25.984151"
  },
  {
    "platform": "Teams",
    "chat_id": "1650040524702",
    "chat_from": "orgid:10b8563d-7d5e-4fbd-bdfa-3f2e63cb076e",
    "channel": "Gates Foundation / DEI Case Studies",
    "message": "Scheduled a meeting",
    "thread_id": null,
    "timestamp": "2022-04-15T16:35:24.702Z",
    "mentioned_users": null,
    "date_extracted": "2025-04-05T21:09:25.984365"
  },
  {
    "platform": "Teams",
    "chat_id": "1650315053187",
    "chat_from": "orgid:10b8563d-7d5e-4fbd-bdfa-3f2e63cb076e",
    "channel": "Gates Foundation / DEI Case Studies",
    "message": "Scheduled a meeting",
    "thread_id": null,
    "timestamp": "2022-04-18T20:50:53.187Z",
    "mentioned_users": null,
    "date_extracted": "2025-04-05T21:09:25.984555"
  },
  {
    "platform": "Teams",
    "chat_id": "1650393552211",
    "chat_from": "orgid:10b8563d-7d5e-4fbd-bdfa-3f2e63cb076e",
    "channel": "Gates Foundation / General",
    "message": "Hey JC, Next week on 4/26 we have a meeting scheduled with Jesse Raney Bridges from the Gates foundation to level set on the support that she will provide during your first IDI group debrief on May 5th. Prior to that call Grace and I wanted to ensure that you were set up for success with our first Gates IDI engagement. Please send any questions our way and we will try to have them answered during this meeting. Emani",
    "thread_id": null,
    "timestamp": "2022-04-19T18:39:12.211Z",
    "mentioned_users": null,
    "date_extracted": "2025-04-05T21:09:34.072135"
  },
  {
    "platform": "Teams",
    "chat_id": "1645642883096",
    "chat_from": "Grace Vottero",
    "channel": "Gates Foundation / General",
    "message": "Added a new tab at the top of this channel. Here's a link.",
    "thread_id": null,
    "timestamp": "2022-02-23T19:01:23.096Z",
    "mentioned_users": null,
    "date_extracted": "2025-04-05T21:09:34.072411"
  },
  {
    "platform": "Teams",
    "chat_id": "1645640374152",
    "chat_from": "Grace Vottero",
    "channel": "Gates Foundation / General",
    "message": "Overview of the Foundation's structure",
    "thread_id": null,
    "timestamp": "2022-02-23T18:19:34.152Z",
    "mentioned_users": null,
    "date_extracted": "2025-04-05T21:09:34.072638"
  },
  {
    "platform": "Teams",
    "chat_id": "1638994725301",
    "chat_from": "Grace Vottero",
    "channel": "Gates Foundation / General",
    "message": "Added a new tab at the top of this channel. Here's a link.",
    "thread_id": null,
    "timestamp": "2021-12-08T20:18:45.301Z",
    "mentioned_users": null,
    "date_extracted": "2025-04-05T21:09:34.072887"
  },
  {
    "platform": "Teams",
    "chat_id": "1649275611764",
    "chat_from": "Emani Richmond",
    "channel": "Northwestern W.E.L.L/ LCW / General",
    "message": "Added a new tab at the top of this channel. Here's a link.",
    "thread_id": null,
    "timestamp": "2022-04-06T20:06:51.764Z",
    "mentioned_users": null,
    "date_extracted": "2025-04-05T21:09:36.541141"
  },
  {
    "platform": "Teams",
    "chat_id": "1643317123257",
    "chat_from": "Emani Richmond",
    "channel": "Northwestern W.E.L.L/ LCW / General",
    "message": "- Save an individual copy of the content map (with your name indicated) - Locate the content - Please notify LCW once your individual content map is updated and added to Box - Place links to content in the content map document you created - Place the necessary files into our shared Teams site (in a clearly labeled folder)",
    "thread_id": null,
    "timestamp": "2022-01-27T20:58:43.257Z",
    "mentioned_users": null,
    "date_extracted": "2025-04-05T21:09:36.541952"
  },
  {
    "platform": "Teams",
    "chat_id": "1629746379006",
    "chat_from": "Emani Richmond",
    "channel": "Northwestern W.E.L.L/ LCW / General",
    "message": "Welcome to the Northwestern W.E.L.L. E-Learning Project Team. LCW is so thrilled to begin working with you all. Use this space to share resources, files and other materials related to the project.",
    "thread_id": null,
    "timestamp": "2021-08-23T19:19:39.006Z",
    "mentioned_users": null,
    "date_extracted": "2025-04-05T21:09:36.542092"
  },
  {
    "platform": "Teams",
    "chat_id": "1624909409313",
    "chat_from": "Monica Marcel",
    "channel": "LCW Buddy Program for Cross-Cultural Learning / Week 3",
    "message": "What do you mean by \"getting in line with the senior leaders\"? Jeffrey Cookson LaQuanda Briza Cardenas Tamara Thorpe Dustin Puehler Melissa Neu",
    "thread_id": null,
    "timestamp": "2021-06-28T19:43:29.313Z",
    "mentioned_users": null,
    "date_extracted": "2025-04-05T21:09:28.628281"
  },
  {
    "platform": "Teams",
    "chat_id": "1624909351638",
    "chat_from": "Monica Marcel",
    "channel": "LCW Buddy Program for Cross-Cultural Learning / Week 3",
    "message": "",
    "thread_id": null,
    "timestamp": "2021-06-28T19:42:31.638Z",
    "mentioned_users": null,
    "date_extracted": "2025-04-05T21:09:28.628297"
  },
  {
    "platform": "Teams",
    "chat_id": "1622574351329",
    "chat_from": "Monica Marcel",
    "channel": "LCW Buddy Program for Cross-Cultural Learning / Week 3",
    "message": "For convenience, here also are the links to the 4 videos (also appearing in the Lesson 3 File under \"Files\") - Formal Reviews (https://cloud.scorm.com/sc/InvitationConfirmEmail?publicInvitationId=0e66025a-e78c-4a83-b083-9c22dff9cc83) (2.5 mins) - Leading Meetings (https://cloud.scorm.com/sc/InvitationConfirmEmail?publicInvitationId=6d8d52a0-59df-4d52-b868-16117668c8a9) (3 mins) - Informal Feedback (https://cloud.scorm.com/sc/InvitationConfirmEmail?publicInvitationId=8fa270f2-b82f-4622-99c8-c4039d88e2ef) (2.5 mins) - Mentoring and Sponsoring (https://cloud.scorm.com/sc/InvitationConfirmEmail?publicInvitationId=557441cb-70ba-4f87-a00e-fda0ef36a724) (3 mins)",
    "thread_id": null,
    "timestamp": "2021-06-01T19:05:51.329Z",
    "mentioned_users": null,
    "date_extracted": "2025-04-05T21:09:28.630279"
  },
  {
    "platform": "Teams",
    "chat_id": "1622574242100",
    "chat_from": "Monica Marcel",
    "channel": "LCW Buddy Program for Cross-Cultural Learning / Week 3",
    "message": "Lesson 3 is also now posted in the \"Files\" tab. Special notes: Critical Background for the LCW Team: The 4 mini-videos leveraged in this lesson are brand new, and have just recently been added to the LCW solutions deck. For almost everyone at LCW, this lesson is their first opportunity to view these videos. T he idea for them came in the early days of COVID-19 and before the murder of George Floyd, when LCW was faced with a dramatic drop in contracts and revenue. As organizations responded to the epidemic by scaling back their training and spending, LCW looked inward at that moment to seize the new found \u2018down time\u2019 to innovate new product ideas, among them the \u201cmini-video rapid design\u201d concept of: (a) building bite-sized videos quickly and relatively cheaply by putting to work the operation team\u2019s skillsets for video production alongside the consulting team\u2019s content knowledge, (b) developing the content in a collaborative process where several LCW consultants would work together on script-writing and iterations to bring the videos to life in the best way for our clients. Shortly after this plan was hatched, the murder of George Floyd led to such a dramatic spike in everyone\u2019s workload that no one had time to fully execute on the multi-person, collaborative nature of these initial plans. Instead, a new \u2018proof of concept\u2019 plan emerged; these 4 mini-videos would be produced as a side project in whatever moments a couple of LCW staff members could carve out. Now that LCW\u2019s staff has grown and the team once again has sufficient bandwidth to innovate, a parallel goal of Lesson 3 is to provide a fresh look at the opportunity these 4 proof of concept mini-videos present. What can/should/will LCW do next? How can LCW build on this proof of concept with new products? What products in this category would most \u2018wow\u2019 LCW clients and deliver on LCW\u2019s value proposition? NOTE: This lesson is also designed with the shorter 4-day work week in mind, and should take you half as much time to complete as previous lessons.",
    "thread_id": null,
    "timestamp": "2021-06-01T19:04:02.1Z",
    "mentioned_users": null,
    "date_extracted": "2025-04-05T21:09:28.631990"
  },
  {
    "platform": "Teams",
    "chat_id": "1622572432161",
    "chat_from": "Briza Cardenas",
    "channel": "LCW Buddy Program for Cross-Cultural Learning / Week 3",
    "message": "Hello Everyone! Below are the (4) Surveymonkey links for this week\u2019s videos. https://www.surveymonkey.com/r/Week_3_Formal_Reviews (https://www.surveymonkey.com/r/Week_3_Formal_Reviews) https://www.surveymonkey.com/r/Week_3_Leading_Meetings (https://www.surveymonkey.com/r/Week_3_Leading_Meetings) https://www.surveymonkey.com/r/Week_3_Informal_Feedback (https://www.surveymonkey.com/r/Week_3_Informal_Feedback) https://www.surveymonkey.com/r/Week_3_Mentoring_and_Sponsoring (https://www.surveymonkey.com/r/Week_3_Mentoring_and_Sponsoring)",
    "thread_id": null,
    "timestamp": "2021-06-01T18:33:52.161Z",
    "mentioned_users": null,
    "date_extracted": "2025-04-05T21:09:28.633389"
  },
  {
    "platform": "Teams",
    "chat_id": "1650654119928",
    "chat_from": "Monica Marcel",
    "channel": "LCW Buddy Program for Cross-Cultural Learning / Week 1 - Culture and Identity",
    "message": "Thanks for capturing these notes. I think based on this early feedback, it will be exciting to see what you take away from modules such as \"Fostering Collaboration\".",
    "thread_id": null,
    "timestamp": "2022-04-22T19:01:59.928Z",
    "mentioned_users": null,
    "date_extracted": "2025-04-05T21:09:29.347313"
  },
  {
    "platform": "Teams",
    "chat_id": "1650311888242",
    "chat_from": "Tahitia Timmons",
    "channel": "LCW Buddy Program for Cross-Cultural Learning / Week 1 - Culture and Identity",
    "message": "Kelly Salek Grace Vottero Jake Pieczynski Is this week too soon to schedule the discussion for Culture & Identity? I scheduled the first one this Thursday per the slide calendar - hopefully this gives everyone enough time. I am also open to Friday too.",
    "thread_id": null,
    "timestamp": "2022-04-18T19:58:08.242Z",
    "mentioned_users": null,
    "date_extracted": "2025-04-05T21:09:29.347780"
  },
  {
    "platform": "Teams",
    "chat_id": "1650042380912",
    "chat_from": "Monica Marcel",
    "channel": "LCW Buddy Program for Cross-Cultural Learning / Week 1 - Culture and Identity",
    "message": "Hello Spring 2022 Cohort! Here is the link to your eLearning for this week: https://cloud.scorm.com/sc/InvitationConfirmEmail?publicInvitationId=a30008f9-a4cd-4601-b9a5-7a77c3f88d8d (https://cloud.scorm.com/sc/InvitationConfirmEmail?publicInvitationId=a30008f9-a4cd-4601-b9a5-7a77c3f88d8d)",
    "thread_id": null,
    "timestamp": "2022-04-15T17:06:20.912Z",
    "mentioned_users": null,
    "date_extracted": "2025-04-05T21:09:29.348105"
  },
  {
    "platform": "Teams",
    "chat_id": "1621432264671",
    "chat_from": "Briza Cardenas",
    "channel": "LCW Buddy Program for Cross-Cultural Learning / Week 1 - Culture and Identity",
    "message": "Happy Wednesday! By now your captain should have scheduled your debrief for this week. Once you have completed the eLearning make sure to use the questions in the Reflect section to help you think through and prepare for your debrief. We ask you to complete the survey below after completing the eLearning and before attending your group debrief. https://www.surveymonkey.com/r/week1_buddy_program (https://www.surveymonkey.com/r/week1_buddy_program) This survey is designed to let us know from a product point of view what if anything needs to be updated or removed. If you have any questions feel free to reach out.",
    "thread_id": null,
    "timestamp": "2021-05-19T13:51:04.671Z",
    "mentioned_users": null,
    "date_extracted": "2025-04-05T21:09:29.349186"
  },
  {
    "platform": "Teams",
    "chat_id": "1620933097922",
    "chat_from": "Monica Marcel",
    "channel": "LCW Buddy Program for Cross-Cultural Learning / Week 1 - Culture and Identity",
    "message": "After you and your team have your first meeting to discuss \"Culture & Identity\" -- click on the \"WIKI\" tab above, to share your insights or a summary of them.",
    "thread_id": null,
    "timestamp": "2021-05-13T19:11:37.922Z",
    "mentioned_users": null,
    "date_extracted": "2025-04-05T21:09:29.349351"
  },
  {
    "platform": "Teams",
    "chat_id": "1626128625113",
    "chat_from": "Monica Marcel",
    "channel": "LCW Buddy Program for Cross-Cultural Learning / Wrap-Up Weeks",
    "message": "Hello everyone! Thank you for your sharing your ideas! We have narrowed them down into 4 New Product Teams for Innovation Lab 2021.",
    "thread_id": null,
    "timestamp": "2021-07-12T22:23:45.113Z",
    "mentioned_users": null,
    "date_extracted": "2025-04-05T21:09:29.652052"
  },
  {
    "platform": "Teams",
    "chat_id": "1626122136297",
    "chat_from": "Monica Marcel",
    "channel": "LCW Buddy Program for Cross-Cultural Learning / Wrap-Up Weeks",
    "message": "Ideas for how this could be leveraged -- a) we hearing about the need for psychological safety from clients, and this seems to align nicely in that direction; b) we have yet to build out the eLearning for J&J that is to accompany the \"Conscious Inclusion\" workshop and get rolled out to all audiences--perhaps elements of this can be packaged toward that purpose?",
    "thread_id": null,
    "timestamp": "2021-07-12T20:35:36.297Z",
    "mentioned_users": null,
    "date_extracted": "2025-04-05T21:09:29.652337"
  },
  {
    "platform": "Teams",
    "chat_id": "1625586515115",
    "chat_from": "Monica Marcel",
    "channel": "LCW Buddy Program for Cross-Cultural Learning / Wrap-Up Weeks",
    "message": "Hello Buddy Program Team Captains! Please check out the file shared here Innovation Lab 2021 - New Products .pptx (https://lcwmail.sharepoint.com/sites/LCWBuddyProgramforCross-CulturalLearning/Shared Documents/Wrap-Up Week July 6-9/Innovation Lab 2021 - New Products .pptx) for instructions for you and your team, between now and July 23rd. Please email me with any questions! Your first step is to meet in your buddy teams THIS WEEK to discuss what you all think are the greatest opportunity for new LCW products in the form of eLearning, microLearning or videos. Be sure to submit your top 1-3 ideas using the NEW PRODUCT IDEA TEMPLATE (slide 5 in the larger deck.) Tagging the captains here to make sure they share the news and expectations with their teams Ada Vargas Melissa Neu Briza Cardenas Kendall Washington Conner Williams Vince Bongiovanni Emani Richmond Amir Ghazaleh",
    "thread_id": null,
    "timestamp": "2021-07-06T15:48:35.115Z",
    "mentioned_users": null,
    "date_extracted": "2025-04-05T21:09:29.653181"
  },
  {
    "platform": "Teams",
    "chat_id": "1625574887945",
    "chat_from": "Monica Marcel",
    "channel": "LCW Buddy Program for Cross-Cultural Learning / Wrap-Up Weeks",
    "message": "Hey everyone. Before July 9 , we ask you to meet in your original small group and come up with 2-3 possible ideas to submit for new LCW eLearning, microlearning or videos (e.g. using Rise and/or Storyline). You will submit those 2-3 ideas using a template provided. Those ideas will then be reconciled/consolidated down into FOUR ideas by July 12th; your group will then be assigned one of those four ideas to collaborate on with another group as part of an innovation lab, in the week leading up to and also during the All-Staff Retreat in Chicago.",
    "thread_id": null,
    "timestamp": "2021-07-06T12:34:47.945Z",
    "mentioned_users": null,
    "date_extracted": "2025-04-05T21:09:29.653605"
  },
  {
    "platform": "Teams",
    "chat_id": "1624909669089",
    "chat_from": "Monica Marcel",
    "channel": "LCW Buddy Program for Cross-Cultural Learning / Week 2 - Practicing Inclusion",
    "message": "Conner Williams Keri Luo Larry Baker - can you please elaborate what is meant in your 3rd bullet by \"and just some general cleaning\"?",
    "thread_id": null,
    "timestamp": "2021-06-28T19:47:49.089Z",
    "mentioned_users": null,
    "date_extracted": "2025-04-05T21:09:29.683411"
  },
  {
    "platform": "Teams",
    "chat_id": "1624910403155",
    "chat_from": "Monica Marcel",
    "channel": "LCW Buddy Program for Cross-Cultural Learning / Week 2 - Practicing Inclusion",
    "message": "Jeffrey Cookson LaQuanda Murray Melissa Neu Dustin Puehler Tamara Thorpe Briza Cardenas - I left you a coupe of notes in orange.",
    "thread_id": null,
    "timestamp": "2021-06-28T20:00:03.155Z",
    "mentioned_users": null,
    "date_extracted": "2025-04-05T21:09:29.683838"
  },
  {
    "platform": "Teams",
    "chat_id": "1624910203452",
    "chat_from": "Monica Marcel",
    "channel": "LCW Buddy Program for Cross-Cultural Learning / Week 2 - Practicing Inclusion",
    "message": "Nicole Barile Jose Guardado Kendall Washington - I left a quick note for you in orange .",
    "thread_id": null,
    "timestamp": "2021-06-28T19:56:43.452Z",
    "mentioned_users": null,
    "date_extracted": "2025-04-05T21:09:29.684199"
  },
  {
    "platform": "Teams",
    "chat_id": "1624910136658",
    "chat_from": "Monica Marcel",
    "channel": "LCW Buddy Program for Cross-Cultural Learning / Week 2 - Practicing Inclusion",
    "message": "Vince Bongiovanni Chuck Adams Randy Pringle Daniel Gough Alsu Schondelmayer Ada Vargas - I left a few notes for you in orange. Thank you!",
    "thread_id": null,
    "timestamp": "2021-06-28T19:55:36.658Z",
    "mentioned_users": null,
    "date_extracted": "2025-04-05T21:09:29.684583"
  },
  {
    "platform": "Teams",
    "chat_id": "1621868994647",
    "chat_from": "Monica Marcel",
    "channel": "LCW Buddy Program for Cross-Cultural Learning / Week 2 - Practicing Inclusion",
    "message": "Hello all! Hopefully you have completed your Week 1 discussions with your team and captured some notes in the Week 1 summary section. Lesson 2 is posted in the \"Files\" section of this channel, and also are included for convenience below. Note that the Qs in the the \u201capply\u201d section will be used to center your Team dialogue. Also, the correct links to the eLearning modules are contained on page 1 in the lesson. We will also share a Surveymonkey link soon where people can register their comments on the modules with a view towards updates. Intro to Managing Unconscious Bias : https://cloud.scorm.com/sc/InvitationConfirmEmail?publicInvitationId=af636ae1-2ed6-436a-859c-43a36992f756 (https://cloud.scorm.com/sc/InvitationConfirmEmail?publicInvitationId=af636ae1-2ed6-436a-859c-43a36992f756) UPDATED - Practicing Inclusion: https://cloud.scorm.com/sc/InvitationConfirmEmail?publicInvitationId=6e5ef4e4-1ee5-463d-8eb8-8691df03128a (https://cloud.scorm.com/sc/InvitationConfirmEmail?publicInvitationId=6e5ef4e4-1ee5-463d-8eb8-8691df03128a)",
    "thread_id": null,
    "timestamp": "2021-05-24T15:09:54.647Z",
    "mentioned_users": null,
    "date_extracted": "2025-04-05T21:09:29.685656"
  },
  {
    "platform": "Teams",
    "chat_id": "1621961946858",
    "chat_from": "Briza Cardenas",
    "channel": "LCW Buddy Program for Cross-Cultural Learning / Week 2 - Practicing Inclusion",
    "message": "",
    "thread_id": null,
    "timestamp": "2021-05-25T16:59:06.858Z",
    "mentioned_users": null,
    "date_extracted": "2025-04-05T21:09:29.685664"
  },
  {
    "platform": "Teams",
    "chat_id": "1624908164848",
    "chat_from": "Monica Marcel",
    "channel": "LCW Buddy Program for Cross-Cultural Learning / Week 5- Evaluating, Hiring, Promoting Top Talent",
    "message": "Jeffrey Cookson LaQuanda Murray Briza Cardenas Tamara Thorpe Dustin Puehler Melissa Neu -- can you elaborate on these bullets: \" In general, we would love to see more voices in all eLearning\u2019s, which will help make changes easier.\" and also the last bullet on \"Content\" and the subbullets that follow -- unclear and seems a nonsequitur given the bullet above it...",
    "thread_id": null,
    "timestamp": "2021-06-28T19:22:44.848Z",
    "mentioned_users": null,
    "date_extracted": "2025-04-05T21:09:30.360391"
  },
  {
    "platform": "Teams",
    "chat_id": "1623801550373",
    "chat_from": "Monica Marcel",
    "channel": "LCW Buddy Program for Cross-Cultural Learning / Week 5- Evaluating, Hiring, Promoting Top Talent",
    "message": "Hello again! Your week 5 Lesson has been posted in the \"FILES\" section. Tagging Captains to push the lesson out to their teams. Ada Vargas Amir Ghazaleh Vince Bongiovanni Kendall Washington Conner Williams Briza Cardenas Melissa Neu Emani Richmond",
    "thread_id": null,
    "timestamp": "2021-06-15T23:59:10.373Z",
    "mentioned_users": null,
    "date_extracted": "2025-04-05T21:09:30.361056"
  },
  {
    "platform": "Teams",
    "chat_id": "1623780837593",
    "chat_from": "Briza Cardenas",
    "channel": "LCW Buddy Program for Cross-Cultural Learning / Week 5- Evaluating, Hiring, Promoting Top Talent",
    "message": "Hello Everyone! Below are the (2) Surveymonkey links for this week\u2019s modules. https://www.surveymonkey.com/r/Week_5_Evaluating_Talent_Inclusively (https://www.surveymonkey.com/r/Week_5_Evaluating_Talent_Inclusively) https://www.surveymonkey.com/r/Week_5_Hiring_and_Promoting_Top_Talent (https://www.surveymonkey.com/r/Week_5_Hiring_and_Promoting_Top_Talent)",
    "thread_id": null,
    "timestamp": "2021-06-15T18:13:57.593Z",
    "mentioned_users": null,
    "date_extracted": "2025-04-05T21:09:30.362095"
  },
  {
    "platform": "Teams",
    "chat_id": "1623705094760",
    "chat_from": "Monica Marcel",
    "channel": "LCW Buddy Program for Cross-Cultural Learning / Week 5- Evaluating, Hiring, Promoting Top Talent",
    "message": "Hello there! Here are the links (for your convenience) to this week's eLearnings. Evaluating Talent Inclusively (https://cloud.scorm.com/sc/InvitationConfirmEmail?publicInvitationId=2879d99a-28fd-47ed-a6c4-e181029c1d2b) Hiring & Promoting Top Talent (https://cloud.scorm.com/sc/InvitationConfirmEmail?publicInvitationId=90e3609d-2847-4949-ab30-5da21a28ebf4)",
    "thread_id": null,
    "timestamp": "2021-06-14T21:11:34.76Z",
    "mentioned_users": null,
    "date_extracted": "2025-04-05T21:09:30.362655"
  },
  {
    "platform": "Teams",
    "chat_id": "1624908372877",
    "chat_from": "Monica Marcel",
    "channel": "LCW Buddy Program for Cross-Cultural Learning / Week 4 - Fostering Collaboration and Embedding Inc",
    "message": "Hello Nicole Barile Jose Guardado Kendall Washington ! Can you elaborate on your last bullett under Embedding Inclusion. Are you saying you are all 3 in agreement that the module is a \"boring session\" -- or was there one piece of it that was? And is the idea that your 4 bullets above would make it less boring? Any elaboration would be much appreciated. Thank you!",
    "thread_id": null,
    "timestamp": "2021-06-28T19:26:12.877Z",
    "mentioned_users": null,
    "date_extracted": "2025-04-05T21:09:30.999349"
  },
  {
    "platform": "Teams",
    "chat_id": "1624908992868",
    "chat_from": "Monica Marcel",
    "channel": "LCW Buddy Program for Cross-Cultural Learning / Week 4 - Fostering Collaboration and Embedding Inc",
    "message": "Jeffrey Cookson LaQuanda Murray Briza Cardenas Tamara Thorpe Dustin Puehler Melissa Neu - can you please elaborate as to what is meant when you ask \"Is there an opportunity for both courses to bring in different voices?\" and how specifically you recommend doing that -- are you saying different voice overs? or different images on screen? or or or or??? thank you!",
    "thread_id": null,
    "timestamp": "2021-06-28T19:36:32.868Z",
    "mentioned_users": null,
    "date_extracted": "2025-04-05T21:09:31.000006"
  },
  {
    "platform": "Teams",
    "chat_id": "1624908707935",
    "chat_from": "Monica Marcel",
    "channel": "LCW Buddy Program for Cross-Cultural Learning / Week 4 - Fostering Collaboration and Embedding Inc",
    "message": "Emani Richmond Sarah Nodarse Maria Fagrelius -- can you elaborate on the point under your first bullet where you said LCW has \"no culture\". I realize you then went on to talk about it as individualistic in the past and that the culture is emerging -- but would love to better understand your first idea that there seems to be no culture. Thank you!",
    "thread_id": null,
    "timestamp": "2021-06-28T19:31:47.935Z",
    "mentioned_users": null,
    "date_extracted": "2025-04-05T21:09:31.000345"
  },
  {
    "platform": "Teams",
    "chat_id": "1623281582707",
    "chat_from": "Monica Marcel",
    "channel": "LCW Buddy Program for Cross-Cultural Learning / Week 4 - Fostering Collaboration and Embedding Inc",
    "message": "Hello all! This week's Lesson is now available in the \"Files\" section on teams. Tagging the Captains to help push this file out to their teams -- Ada Vargas Briza Cardenas Vince Bongiovanni Amir Ghazaleh Kendall Washington Conner Williams Emani Richmond Melissa Neu",
    "thread_id": null,
    "timestamp": "2021-06-09T23:33:02.707Z",
    "mentioned_users": null,
    "date_extracted": "2025-04-05T21:09:31.000854"
  },
  {
    "platform": "Teams",
    "chat_id": "1623169583515",
    "chat_from": "Briza Cardenas",
    "channel": "LCW Buddy Program for Cross-Cultural Learning / Week 4 - Fostering Collaboration and Embedding Inc",
    "message": "For your convenience, here are the links to the 2 modules for this week: Fostering Collaboration (https://cloud.scorm.com/sc/InvitationConfirmEmail?publicInvitationId=787bc9d3-9a47-4367-996a-76ff8905e93a) Embedding Inclusion (https://cloud.scorm.com/sc/InvitationConfirmEmail?publicInvitationId=9114bd0f-9538-41d4-8078-d2cd1cf95194)",
    "thread_id": null,
    "timestamp": "2021-06-08T16:26:23.515Z",
    "mentioned_users": null,
    "date_extracted": "2025-04-05T21:09:31.001414"
  },
  {
    "platform": "Teams",
    "chat_id": "1623165948667",
    "chat_from": "Briza Cardenas",
    "channel": "LCW Buddy Program for Cross-Cultural Learning / Week 4 - Fostering Collaboration and Embedding Inc",
    "message": "Hello Everyone! Below are the (2) Surveymonkey links for this week\u2019s modules. https://www.surveymonkey.com/r/Week4_Fostering_Collaboration (https://www.surveymonkey.com/r/Week4_Fostering_Collaboration) https://www.surveymonkey.com/r/Week_4_Embedding_Inclusion (https://www.surveymonkey.com/r/Week_4_Embedding_Inclusion)",
    "thread_id": null,
    "timestamp": "2021-06-08T15:25:48.667Z",
    "mentioned_users": null,
    "date_extracted": "2025-04-05T21:09:31.002103"
  },
  {
    "platform": "Teams",
    "chat_id": "1650042664097",
    "chat_from": "Monica Marcel",
    "channel": "LCW Buddy Program for Cross-Cultural Learning / General",
    "message": "Check out the \"Wiki\" in the toolbar above, for more info on this channel.",
    "thread_id": null,
    "timestamp": "2022-04-15T17:11:04.097Z",
    "mentioned_users": null,
    "date_extracted": "2025-04-05T21:09:37.779557"
  },
  {
    "platform": "Teams",
    "chat_id": "1631195824911",
    "chat_from": "Monica Marcel",
    "channel": "LCW Buddy Program for Cross-Cultural Learning / General",
    "message": "Hello all! I wanted to share with you this great resource on \"Creating Accessible Content\". https://web.augsburg.edu/classprogram/Creating%20Accessible%20Content.pdf (https://web.augsburg.edu/classprogram/Creating%20Accessible%20Content.pdf)",
    "thread_id": null,
    "timestamp": "2021-09-09T13:57:04.911Z",
    "mentioned_users": null,
    "date_extracted": "2025-04-05T21:09:37.779820"
  },
  {
    "platform": "Teams",
    "chat_id": "1647443903601",
    "chat_from": "Andrea Wicks Bowles",
    "channel": "Scoro/Compass / Your Scoro Ideas",
    "message": "Thank you for the Pricing chart. Going forward, we might want to add\"last updated\" date, onto forms we use. That way we will know what is current... And can replace the old version we have saved. Cheers~",
    "thread_id": null,
    "timestamp": "2022-03-16T15:18:23.601Z",
    "mentioned_users": null,
    "date_extracted": "2025-04-05T21:09:28.431757"
  },
  {
    "platform": "Teams",
    "chat_id": "1644961132793",
    "chat_from": "Nicole Barile",
    "channel": "Scoro/Compass / Your Scoro Ideas",
    "message": "Added a new tab at the top of this channel. Here's a link.",
    "thread_id": null,
    "timestamp": "2022-02-15T21:38:52.793Z",
    "mentioned_users": null,
    "date_extracted": "2025-04-05T21:09:28.432059"
  },
  {
    "platform": "Teams",
    "chat_id": "1643057894559",
    "chat_from": "Nicole Barile",
    "channel": "Scoro/Compass / Your Scoro Ideas",
    "message": "Add your suggestions and ideas to the TASKS tab (in suggestions/ideas ). Your Scoro squad will review twice a month to prioritize and implement as needed.",
    "thread_id": null,
    "timestamp": "2022-01-24T20:58:14.559Z",
    "mentioned_users": null,
    "date_extracted": "2025-04-05T21:09:28.432358"
  },
  {
    "platform": "Teams",
    "chat_id": "1671553264626",
    "chat_from": "orgid:9a3f4a4c-09ba-4ae3-8296-3a09315bd369",
    "channel": "Scoro/Compass / General",
    "message": "To discuss how to use standard quotes in Compass to sell marketing campaigns (and then in the future perhaps other product bundles).",
    "thread_id": null,
    "timestamp": "2022-12-20T16:21:04.626Z",
    "mentioned_users": null,
    "date_extracted": "2025-04-05T21:09:52.267188"
  },
  {
    "platform": "Teams",
    "chat_id": "1669228895434",
    "chat_from": "orgid:9a3f4a4c-09ba-4ae3-8296-3a09315bd369",
    "channel": "Scoro/Compass / General",
    "message": "30-min weekly calls on various topics: (these calls will be recorded) - Invoicing Hello all, I have been asked by a few folks to do a Compass refresher on invoicing. We will set that up shortly; however, in the meantime, I have updated the below 2 process docs: Invoices in Compass WIP & Prepayment Invoices in Compass_v2 . If you prefer to learn by reading, these should outline the processes in detail for you. If you prefer to learn by doing/watching, then please join the refresher session if you can make it. Thank you! - Nicole",
    "thread_id": null,
    "timestamp": "2022-11-23T18:41:35.434Z",
    "mentioned_users": null,
    "date_extracted": "2025-04-05T21:09:52.268686"
  },
  {
    "platform": "Teams",
    "chat_id": "1662062795355",
    "chat_from": "orgid:9a3f4a4c-09ba-4ae3-8296-3a09315bd369",
    "channel": "Scoro/Compass / General",
    "message": "30-min weekly calls on various topics: (these calls will be recorded) - Working with Multimedia & Translation",
    "thread_id": null,
    "timestamp": "2022-09-01T20:06:35.355Z",
    "mentioned_users": null,
    "date_extracted": "2025-04-05T21:09:52.269156"
  },
  {
    "platform": "Teams",
    "chat_id": "1659974904261",
    "chat_from": "orgid:9a3f4a4c-09ba-4ae3-8296-3a09315bd369",
    "channel": "Scoro/Compass / General",
    "message": "30-min weekly calls on various topics: (these calls will be recorded) - People in Compass",
    "thread_id": null,
    "timestamp": "2022-08-08T16:08:24.261Z",
    "mentioned_users": null,
    "date_extracted": "2025-04-05T21:09:52.269768"
  },
  {
    "platform": "Teams",
    "chat_id": "1659974462487",
    "chat_from": "orgid:9a3f4a4c-09ba-4ae3-8296-3a09315bd369",
    "channel": "Scoro/Compass / General",
    "message": "30-min weekly calls on various topics: (these calls will be recorded) - Companies in Compass",
    "thread_id": null,
    "timestamp": "2022-08-08T16:01:02.487Z",
    "mentioned_users": null,
    "date_extracted": "2025-04-05T21:09:52.270360"
  },
  {
    "platform": "Teams",
    "chat_id": "1659974219695",
    "chat_from": "orgid:9a3f4a4c-09ba-4ae3-8296-3a09315bd369",
    "channel": "Scoro/Compass / General",
    "message": "30-min weekly calls on various topics: (these calls will be recorded) - COGS in Compass",
    "thread_id": null,
    "timestamp": "2022-08-08T15:56:59.695Z",
    "mentioned_users": null,
    "date_extracted": "2025-04-05T21:09:52.270883"
  },
  {
    "platform": "Teams",
    "chat_id": "1658422308496",
    "chat_from": "orgid:9a3f4a4c-09ba-4ae3-8296-3a09315bd369",
    "channel": "Scoro/Compass / General",
    "message": "30-min weekly calls on various topics: (these calls will be recorded) 1. BD to Con handoff",
    "thread_id": null,
    "timestamp": "2022-07-21T16:51:48.496Z",
    "mentioned_users": null,
    "date_extracted": "2025-04-05T21:09:52.271261"
  },
  {
    "platform": "Teams",
    "chat_id": "1658421992466",
    "chat_from": "orgid:9a3f4a4c-09ba-4ae3-8296-3a09315bd369",
    "channel": "Scoro/Compass / General",
    "message": "30-min weekly calls on various topics: (these calls will be recorded) 1. Setting up your dashboard - CLT only",
    "thread_id": null,
    "timestamp": "2022-07-21T16:46:32.466Z",
    "mentioned_users": null,
    "date_extracted": "2025-04-05T21:09:52.271629"
  },
  {
    "platform": "Teams",
    "chat_id": "1658421307350",
    "chat_from": "orgid:9a3f4a4c-09ba-4ae3-8296-3a09315bd369",
    "channel": "Scoro/Compass / General",
    "message": "30-min weekly calls on various topics: (these calls will be recorded) 1. Setting up your dashboard",
    "thread_id": null,
    "timestamp": "2022-07-21T16:35:07.35Z",
    "mentioned_users": null,
    "date_extracted": "2025-04-05T21:09:52.271966"
  },
  {
    "platform": "Teams",
    "chat_id": "1662579543320",
    "chat_from": "Tamara Thorpe",
    "channel": "Scoro/Compass / General",
    "message": "I thought this meeting was happening later. Did I miss the reschedule?",
    "thread_id": null,
    "timestamp": "2022-09-07T19:39:03.32Z",
    "mentioned_users": null,
    "date_extracted": "2025-04-05T21:09:52.272076"
  },
  {
    "platform": "Teams",
    "chat_id": "1657646369766",
    "chat_from": "orgid:9a3f4a4c-09ba-4ae3-8296-3a09315bd369",
    "channel": "Scoro/Compass / General",
    "message": "30-min weekly calls on various topics: (these calls will be recorded) - COGS in Compass",
    "thread_id": null,
    "timestamp": "2022-07-12T17:19:29.766Z",
    "mentioned_users": null,
    "date_extracted": "2025-04-05T21:09:52.272510"
  },
  {
    "platform": "Teams",
    "chat_id": "1657646115379",
    "chat_from": "orgid:9a3f4a4c-09ba-4ae3-8296-3a09315bd369",
    "channel": "Scoro/Compass / General",
    "message": "30-min weekly calls on various topics: (these calls will be recorded) - Customizing content in Compass",
    "thread_id": null,
    "timestamp": "2022-07-12T17:15:15.379Z",
    "mentioned_users": null,
    "date_extracted": "2025-04-05T21:09:52.272969"
  },
  {
    "platform": "Teams",
    "chat_id": "1657645906856",
    "chat_from": "orgid:9a3f4a4c-09ba-4ae3-8296-3a09315bd369",
    "channel": "Scoro/Compass / General",
    "message": "30-min weekly calls on various topics: (these calls will be recorded) - Compass \u2013 Scheduling essentials",
    "thread_id": null,
    "timestamp": "2022-07-12T17:11:46.856Z",
    "mentioned_users": null,
    "date_extracted": "2025-04-05T21:09:52.273421"
  },
  {
    "platform": "Teams",
    "chat_id": "1657645729074",
    "chat_from": "orgid:9a3f4a4c-09ba-4ae3-8296-3a09315bd369",
    "channel": "Scoro/Compass / General",
    "message": "30-min weekly calls on various topics: (these calls will be recorded) - Compass \u2013 Project essentials",
    "thread_id": null,
    "timestamp": "2022-07-12T17:08:49.074Z",
    "mentioned_users": null,
    "date_extracted": "2025-04-05T21:09:52.273835"
  },
  {
    "platform": "Teams",
    "chat_id": "1657645562043",
    "chat_from": "orgid:9a3f4a4c-09ba-4ae3-8296-3a09315bd369",
    "channel": "Scoro/Compass / General",
    "message": "30-min weekly calls on various topics: (these calls will be recorded) - Compass \u2013 SOW essentials",
    "thread_id": null,
    "timestamp": "2022-07-12T17:06:02.043Z",
    "mentioned_users": null,
    "date_extracted": "2025-04-05T21:09:52.274323"
  },
  {
    "platform": "Teams",
    "chat_id": "1657645233694",
    "chat_from": "orgid:9a3f4a4c-09ba-4ae3-8296-3a09315bd369",
    "channel": "Scoro/Compass / General",
    "message": "30-minute Mandatory Compass refresher session for consultants on: - invoicing - where we review basic steps - how to create a prepayment invoice",
    "thread_id": null,
    "timestamp": "2022-07-12T17:00:33.694Z",
    "mentioned_users": null,
    "date_extracted": "2025-04-05T21:09:52.274884"
  },
  {
    "platform": "Teams",
    "chat_id": "1658781566035",
    "chat_from": "Nicole Barile",
    "channel": "Scoro/Compass / General",
    "message": "The process is located in the PROCESSES LIBRARY. Will get back to you all on some of your questions about applying the monies. Thank you!",
    "thread_id": null,
    "timestamp": "2022-07-25T20:39:26.035Z",
    "mentioned_users": null,
    "date_extracted": "2025-04-05T21:09:52.275650"
  },
  {
    "platform": "Teams",
    "chat_id": "1658781527960",
    "chat_from": "Andrea Wicks Bowles",
    "channel": "Scoro/Compass / General",
    "message": "well i caanot get back in",
    "thread_id": null,
    "timestamp": "2022-07-25T20:38:47.96Z",
    "mentioned_users": null,
    "date_extracted": "2025-04-05T21:09:52.275768"
  },
  {
    "platform": "Teams",
    "chat_id": "1658781405084",
    "chat_from": "Tamara Thorpe",
    "channel": "Scoro/Compass / General",
    "message": "",
    "thread_id": null,
    "timestamp": "2022-07-25T20:36:45.084Z",
    "mentioned_users": null,
    "date_extracted": "2025-04-05T21:09:52.276183"
  },
  {
    "platform": "Teams",
    "chat_id": "1647548904702",
    "chat_from": "orgid:9a3f4a4c-09ba-4ae3-8296-3a09315bd369",
    "channel": "Scoro/Compass / General",
    "message": "Hi Team, Please make sure to attend one of the two meeting options that will cover Compass Invoicing OPTION #1: Monday, March 21st at 10a CST OPTION #2: Wednesday, March 23rd at 11a CST Some of you have asked for info on what deliverables should/should not be added to Compass. Here are some guidelines to assist you: - If your open/active SOWs contain deliverables that HAVE been both delivered AND invoiced in prior years (prior to 2022) = You DO NOT need to add those deliverables to Compass - However, IF you choose to add deliverables that have been both delivered and invoiced in prior years, you must create an Invoice in Compass & mark the Accounting Status as \u201cLegacy Invoice\u201d - To create the invoice, from the Quote page select \u201cUse data on quote to Create Invoice.\u201d From here, you will choose \u201cSelect lines for partial invoicing.\u201d This will allow you to select only the deliverables that you need to invoice for. A box will pop up where you will check the deliverables you wish to add to your invoice. After selecting your deliverables, select \u201cProceed\u201d. An Invoice is then created. Since this is a \u201cdummy\u201d invoice, there is no need to edit any information. However, you must select \u201cLegacy Invoice\u201d from the Accounting Status and hit Save. Once you return to your Quote, you will see your invoice under \u201cInvoices.\u201d - For already invoiced items, you can group them all into 1 deliverable if easier (EX: put 100 IDIs on one line or 5 UTBEs on one line) - If your open/active SOWs contain deliverables that HAVE been invoiced but HAVE NOT been delivered = You MUST add deliverables to Compass - You must also create a \u201cPrepayment Invoice\u201d in Compass & mark the Accounting Status as \u201cLegacy Invoice\u201d - To create the prepayment invoice, from the Quote page select \u201cUse date on quote to Create Prepayment Invoice.\u201d From here, you will choose \u201cSelect lines for partial invoicing.\u201d This will allow you to select on the deliverables that you have pre-invoiced for. You can also choose to pre-invoice a percentage of all deliverables. After making your selection, select \u201cProceed.\u201d An Invoice is then created. Since this is a \u201cdummy\u201d invoice, there is no need to edit any information. However, you must select \u201cLegacy Invoice\u201d from the Accounting Status and hit Save. Once you return to your Quote, you will see your invoice under \u201cPrepayment Invoices.\u201d - For already invoiced items, you can group them all into 1 deliverable if easier - If your open/active SOWs contain deliverables that HAVE NOT been invoiced but HAVE been delivered = You MUST add deliverables to Compass",
    "thread_id": null,
    "timestamp": "2022-03-17T20:28:24.702Z",
    "mentioned_users": null,
    "date_extracted": "2025-04-05T21:09:52.278592"
  },
  {
    "platform": "Teams",
    "chat_id": "1647548756905",
    "chat_from": "orgid:9a3f4a4c-09ba-4ae3-8296-3a09315bd369",
    "channel": "Scoro/Compass / General",
    "message": "Hi Team, Please make sure to attend one of the two meeting options that will cover Compass Invoicing OPTION #1: Monday, March 21st at 10a CST OPTION #2: Wednesday, March 23rd at 11a CST Some of you have asked for info on what deliverables should/should not be added to Compass. Here are some guidelines to assist you: - If your open/active SOWs contain deliverables that HAVE been both delivered AND invoiced in prior years (prior to 2022) = You DO NOT need to add those deliverables to Compass - However, IF you choose to add deliverables that have been both delivered and invoiced in prior years, you must create an Invoice in Compass & mark the Accounting Status as \u201cLegacy Invoice\u201d - To create the invoice, from the Quote page select \u201cUse data on quote to Create Invoice.\u201d From here, you will choose \u201cSelect lines for partial invoicing.\u201d This will allow you to select only the deliverables that you need to invoice for. A box will pop up where you will check the deliverables you wish to add to your invoice. After selecting your deliverables, select \u201cProceed\u201d. An Invoice is then created. Since this is a \u201cdummy\u201d invoice, there is no need to edit any information. However, you must select \u201cLegacy Invoice\u201d from the Accounting Status and hit Save. Once you return to your Quote, you will see your invoice under \u201cInvoices.\u201d - For already invoiced items, you can group them all into 1 deliverable if easier (EX: put 100 IDIs on one line or 5 UTBEs on one line) - If your open/active SOWs contain deliverables that HAVE been invoiced but HAVE NOT been delivered = You MUST add deliverables to Compass - You must also create a \u201cPrepayment Invoice\u201d in Compass & mark the Accounting Status as \u201cLegacy Invoice\u201d - To create the prepayment invoice, from the Quote page select \u201cUse date on quote to Create Prepayment Invoice.\u201d From here, you will choose \u201cSelect lines for partial invoicing.\u201d This will allow you to select on the deliverables that you have pre-invoiced for. You can also choose to pre-invoice a percentage of all deliverables. After making your selection, select \u201cProceed.\u201d An Invoice is then created. Since this is a \u201cdummy\u201d invoice, there is no need to edit any information. However, you must select \u201cLegacy Invoice\u201d from the Accounting Status and hit Save. Once you return to your Quote, you will see your invoice under \u201cPrepayment Invoices.\u201d - For already invoiced items, you can group them all into 1 deliverable if easier - If your open/active SOWs contain deliverables that HAVE NOT been invoiced but HAVE been delivered = You MUST add deliverables to Compass",
    "thread_id": null,
    "timestamp": "2022-03-17T20:25:56.905Z",
    "mentioned_users": null,
    "date_extracted": "2025-04-05T21:09:52.280940"
  },
  {
    "platform": "Teams",
    "chat_id": "1647629039287",
    "chat_from": "Nicole Barile",
    "channel": "Scoro/Compass / General",
    "message": "",
    "thread_id": null,
    "timestamp": "2022-03-18T18:43:59.287Z",
    "mentioned_users": null,
    "date_extracted": "2025-04-05T21:09:52.280949"
  },
  {
    "platform": "Teams",
    "chat_id": "1643059231295",
    "chat_from": "orgid:9a3f4a4c-09ba-4ae3-8296-3a09315bd369",
    "channel": "Scoro/Compass / General",
    "message": "Training #7 \u2013 End-to-end workflow from Creating Quote to Invoicing (Consulting focus) Wednesday February 23 rd 11a-11:50a CST",
    "thread_id": null,
    "timestamp": "2022-01-24T21:20:31.295Z",
    "mentioned_users": null,
    "date_extracted": "2025-04-05T21:09:52.281336"
  },
  {
    "platform": "Teams",
    "chat_id": "1643058520511",
    "chat_from": "orgid:9a3f4a4c-09ba-4ae3-8296-3a09315bd369",
    "channel": "Scoro/Compass / General",
    "message": "Training #5 \u2013 External Consultants; Invoicing & Accounting Monday, February 14 th 1p-1:50p CST",
    "thread_id": null,
    "timestamp": "2022-01-24T21:08:40.511Z",
    "mentioned_users": null,
    "date_extracted": "2025-04-05T21:09:52.281758"
  },
  {
    "platform": "Teams",
    "chat_id": "1644602863866",
    "chat_from": "Jeffrey Cookson",
    "channel": "Scoro/Compass / General",
    "message": "",
    "thread_id": null,
    "timestamp": "2022-02-11T18:07:43.866Z",
    "mentioned_users": null,
    "date_extracted": "2025-04-05T21:09:52.281879"
  },
  {
    "platform": "Teams",
    "chat_id": "1644602862544",
    "chat_from": "Jeffrey Cookson",
    "channel": "Scoro/Compass / General",
    "message": "",
    "thread_id": null,
    "timestamp": "2022-02-11T18:07:42.544Z",
    "mentioned_users": null,
    "date_extracted": "2025-04-05T21:09:52.281994"
  },
  {
    "platform": "Teams",
    "chat_id": "1644602862052",
    "chat_from": "Jeffrey Cookson",
    "channel": "Scoro/Compass / General",
    "message": "",
    "thread_id": null,
    "timestamp": "2022-02-11T18:07:42.052Z",
    "mentioned_users": null,
    "date_extracted": "2025-04-05T21:09:52.282108"
  },
  {
    "platform": "Teams",
    "chat_id": "1643058219729",
    "chat_from": "orgid:9a3f4a4c-09ba-4ae3-8296-3a09315bd369",
    "channel": "Scoro/Compass / General",
    "message": "Training #4 \u2013 Creating a Project Wednesday, February 9 th 3p-3:50p CST",
    "thread_id": null,
    "timestamp": "2022-01-24T21:03:39.729Z",
    "mentioned_users": null,
    "date_extracted": "2025-04-05T21:09:52.282486"
  },
  {
    "platform": "Teams",
    "chat_id": "1643057972108",
    "chat_from": "orgid:9a3f4a4c-09ba-4ae3-8296-3a09315bd369",
    "channel": "Scoro/Compass / General",
    "message": "Training #3 \u2013Creating Quotes/SOWs, Handoff from BizDev to Consulting, Pipeline Tuesday, February 8 th 4p-4:50p CST",
    "thread_id": null,
    "timestamp": "2022-01-24T20:59:32.108Z",
    "mentioned_users": null,
    "date_extracted": "2025-04-05T21:09:52.282831"
  },
  {
    "platform": "Teams",
    "chat_id": "1644255724491",
    "chat_from": "Nicole Barile",
    "channel": "Scoro/Compass / General",
    "message": "Added a new tab at the top of this channel. Here's a link.",
    "thread_id": null,
    "timestamp": "2022-02-07T17:42:04.491Z",
    "mentioned_users": null,
    "date_extracted": "2025-04-05T21:09:52.282984"
  },
  {
    "platform": "Teams",
    "chat_id": "1643057487921",
    "chat_from": "orgid:9a3f4a4c-09ba-4ae3-8296-3a09315bd369",
    "channel": "Scoro/Compass / General",
    "message": "Training #2 \u2013 How to add People & Companies Tuesday, Feb. 1 st 4p-4:50p CST",
    "thread_id": null,
    "timestamp": "2022-01-24T20:51:27.921Z",
    "mentioned_users": null,
    "date_extracted": "2025-04-05T21:09:52.283356"
  },
  {
    "platform": "Teams",
    "chat_id": "1643057176678",
    "chat_from": "orgid:9a3f4a4c-09ba-4ae3-8296-3a09315bd369",
    "channel": "Scoro/Compass / General",
    "message": "Training #1 \u2013 Overview of Scoro, Benefits, What to expect over the next few weeks Monday, Jan. 31 st 9a-9:50a CST Agenda: - Chuck \u2013 kickoff - Ada \u2013 benefits of Scoro - Kendall \u2013 activating your account, linking Outlook calendar - Nicole \u2013 what to expect in the coming weeks",
    "thread_id": null,
    "timestamp": "2022-01-24T20:46:16.678Z",
    "mentioned_users": null,
    "date_extracted": "2025-04-05T21:09:52.284172"
  },
  {
    "platform": "Teams",
    "chat_id": "1643058968960",
    "chat_from": "orgid:9a3f4a4c-09ba-4ae3-8296-3a09315bd369",
    "channel": "Scoro/Compass / General",
    "message": "Training #6 \u2013 Customizing Scoro just for you Tuesday, February 15 th 12p-12:50p CST",
    "thread_id": null,
    "timestamp": "2022-01-24T21:16:08.96Z",
    "mentioned_users": null,
    "date_extracted": "2025-04-05T21:09:52.284549"
  }
]