[
  {
    "platform": "Teams",
    "chat_id": "1640112582346",
    "chat_from": "orgid:6ac07717-545d-4b3c-ad60-3fd2b1fcbe98",
    "channel": "LCW Learning Bundle Thinktank / General",
    "message": "Agenda Questions: - What are some things that are being done with one client that another client should know about? - What are some outstanding things that were built by LCW, that are now sitting underutilized? - What current trends are people wrestling with in their organizations, that we can shed light on? - With the above in mind, what bundle or learning map could we create \u2013 graphically and as something to market, so to help generate new sales with existing clients and with new prospects?",
    "thread_id": null,
    "timestamp": "2021-12-21T18:49:42.346Z",
    "mentioned_users": null,
    "date_extracted": "2025-04-05T21:06:18.687150"
  },
  {
    "platform": "Teams",
    "chat_id": "1649353021663",
    "chat_from": "Jake Pieczynski",
    "channel": "LCW Learning Bundle Thinktank / General",
    "message": "Moving this meeting so Alisa can join us. Please read below before our next meeting! Add questions or thought to consider before the meeting to the thread below. Stemming from a conversation with Alisa, I'd like to ask that before we talk through our standing questions for this meeting, we first work through how we can make the process we go through each month something that goes out each quarter in anticipation of clients' needs. I'm hoping we can discuss what it would look like for us to proactively assemble content (in a bundle or simply as it is relevant to upcoming events/heritage months/awareness months) that we can get in front of clients on a quarterly basis. This would build upon our current idea of \"bundling,\" but would create a standardized time to push out this content - every quarter we'd push out a communication with the items we want to highlight for the quarter after that (example: in Q3 we send out the content we want to highlight for Q4). We would curate this quarterly content to serve these purposes: - Highlight programs that are timely to the next quarter's needs (i.e. highlighting LGBTQ+ centered content in Q1, Holiday Module in Q3, etc.) - Bring attention to newly created programs or reimagined/underutilized programs we want clients to know about - Provide solutions that help address current trends or issues within a global context or specific to the DEI community This would require the following from the each of us (similar to how we currently operate): - RP: help curate the content and apply our library to upcoming needs & identify current trends we can curate content to address - JP: package the content together into a sharable piece of collateral and craft the message - LQ: get the collateral in front of clients each quarter with their respective SOW owner & get this content in front of prospective clients Potencial process for operationalizing this each quarter: - Topic of each meeting of the quarter: - 1st meeting of the quarter (Identifying What to Solve for Next): - What everyone will bring to the meeting: - JP comes with awareness months/heritage months we can program to - RP comes with industry trends/issues we can address - LQ comes with client feedback/trends/needs to solve for - Goal: leave the meeting having identified what we will solve for in next quarter's communication - 2nd meeting of the quarter (Content Selection): - What everyone will bring to the meeting: - JP comes with an idea of how to layout/structure the collateral - RP comes with suggested programing to fit what we are addressing in next quarter's communication - LQ comes with feedback on how the current quarter's outreach is going - Goal: leave the meeting having identified the specific LCW programs/content that will be highlighted in - 3rd meeting of the quarter (Collateral/Message Finalization): - What everyone will bring to the meeting: - JP comes with the collateral/communication that will be shared next quarter (sent to LQ and RP one week ahead of this meeting for review) - RP and LQ come ready with feedback/suggested edits to the collateral/communication that will be shared next quarter - Goal: leave the meeting having identified the final changes needed to complete the final communication Questions we can discuss together during next week\u2019s meeting: - Basically, this idea changes our current strategy by putting a quarterly outlook on what we highlight for clients. Is that realistic? Will it work to look one quarter ahead? - What's the best way to get this content in front of clients on a quarterly basis? - And how do we track that this outreach so we can document success (Compass)? - What is the collateral that is shared (Is it a template plain text email?, Is it a template HTML email? Is it a landing page on the website?, etc.) - Reviewing my suggested process for going about this each quarter... - Does this process seem realistic? - What would you change about this process? I know this was a lot - let me know if you'd like to talk this through before our group conversation next week. I'm looking forward to pressure testing this with you all and getting your feedback on how we can make this workable and worthwhile! Thanks! Jake I'm also putting this in our Teams channel so you can write questions there ahead of our meeting",
    "thread_id": null,
    "timestamp": "2022-04-07T17:37:01.663Z",
    "mentioned_users": null,
    "date_extracted": "2025-04-05T21:06:18.695418"
  },
  {
    "platform": "Teams",
    "chat_id": "1640112716806",
    "chat_from": "orgid:6ac07717-545d-4b3c-ad60-3fd2b1fcbe98",
    "channel": "LCW Learning Bundle Thinktank / General",
    "message": "Agenda Questions: - What are some things that are being done with one client that another client should know about? - What are some outstanding things that were built by LCW, that are now sitting underutilized? - What current trends are people wrestling with in their organizations, that we can shed light on? - With the above in mind, what bundle or learning map could we create \u2013 graphically and as something to market, so to help generate new sales with existing clients and with new prospects?",
    "thread_id": null,
    "timestamp": "2021-12-21T18:51:56.806Z",
    "mentioned_users": null,
    "date_extracted": "2025-04-05T21:06:18.750742"
  },
  {
    "platform": "Teams",
    "chat_id": "1643141377653",
    "chat_from": "Jake Pieczynski",
    "channel": "LCW Learning Bundle Thinktank / General",
    "message": "New meeting agenda tab started in the Wiki - Meeting Agenda's in Wiki (https://teams.microsoft.com/l/entity/com.microsoft.teamspace.tab.wiki/tab::8c77ed9d-a681-44f9-8794-b19734c78bca?context=%7B%22subEntityId%22%3A%22%7B%5C%22pageId%5C%22%3A2%2C%5C%22origin%5C%22%3A2%7D%22%2C%22channelId%22%3A%2219%3AWRbsTuwWZJFJr5rN472R9m0StgeAswAS1kdrucJ0u201%40thread.tacv2%22%7D&tenantId=3ca40a42-d72d-43c9-b92e-0740101d9dd3)",
    "thread_id": null,
    "timestamp": "2022-01-25T20:09:37.653Z",
    "mentioned_users": null,
    "date_extracted": "2025-04-05T21:06:18.751122"
  },
  {
    "platform": "Teams",
    "chat_id": "1638987988677",
    "chat_from": "orgid:9a3f4a4c-09ba-4ae3-8296-3a09315bd369",
    "channel": "LCW Learning Bundle Thinktank / General",
    "message": "Agenda Questions: - What are some things that are being done with one client that another client should know about? - What are some outstanding things that were built by LCW, that are now sitting underutilized? - What current trends are people wrestling with in their organizations, that we can shed light on? - With the above in mind, what bundle or learning map could we create \u2013 graphically and as something to market, so to help generate new sales with existing clients and with new prospects?",
    "thread_id": null,
    "timestamp": "2021-12-08T18:26:28.677Z",
    "mentioned_users": null,
    "date_extracted": "2025-04-05T21:06:18.752057"
  },
  {
    "platform": "Teams",
    "chat_id": "1639501345467",
    "chat_from": "orgid:6ac07717-545d-4b3c-ad60-3fd2b1fcbe98",
    "channel": "LCW Social Think Tank / General",
    "message": "Hi all, Thanks so much for agreeing to be a part of our LCW \u201csocial think tank\u201d. This will be a standing meeting once a month for us to gather feedback on social, get your input on social plans, and generate new ideas for content throughout the year. I will create an agenda for our time together each month and share it in the teams group before the meeting. I'm looking forward to 2022! Thanks, Jake",
    "thread_id": null,
    "timestamp": "2021-12-14T17:02:25.467Z",
    "mentioned_users": null,
    "date_extracted": "2025-04-05T21:06:20.025521"
  },
  {
    "platform": "Teams",
    "chat_id": "1639501210704",
    "chat_from": "orgid:6ac07717-545d-4b3c-ad60-3fd2b1fcbe98",
    "channel": "LCW Social Think Tank / General",
    "message": "Hi all, Thanks so much for agreeing to be a part of our LCW \u201csocial thinktank\u201d. This will be a standing meeting once a month for us to gather feedback on social, get your input on social plans, and generate new ideas for content throughout the year. I will create an agenda for our time together each month. This first meeting will be used to introduce the goals of this group, show you what is planned for social in 2022, and gather your feedback on the 2022 thematic content calendar. I'm looking forward to meeting with you all soon! Thanks, Jake",
    "thread_id": null,
    "timestamp": "2021-12-14T17:00:10.704Z",
    "mentioned_users": null,
    "date_extracted": "2025-04-05T21:06:20.026552"
  },
  {
    "platform": "Teams",
    "chat_id": "1666898876729",
    "chat_from": "Jake Pieczynski",
    "channel": "Marketing and Communications / General",
    "message": "I added a tab at the top of this channel. Check it out!",
    "thread_id": null,
    "timestamp": "2022-10-27T19:27:56.729Z",
    "mentioned_users": null,
    "date_extracted": "2025-04-05T21:06:28.862918"
  },
  {
    "platform": "Teams",
    "chat_id": "1666012091703",
    "chat_from": "Hannah Strack",
    "channel": "Marketing and Communications / General",
    "message": "Hi There! Melissa asked me to join this channel but she had it listed as \"Marketing Communications\" not \"Marketing and Communications\". Just making sure this is the right channel!",
    "thread_id": null,
    "timestamp": "2022-10-17T13:08:11.703Z",
    "mentioned_users": null,
    "date_extracted": "2025-04-05T21:06:28.863086"
  },
  {
    "platform": "Teams",
    "chat_id": "1665599026846",
    "chat_from": "Jake Pieczynski",
    "channel": "Marketing and Communications / General",
    "message": "I added a tab at the top of this channel. Check it out!",
    "thread_id": null,
    "timestamp": "2022-10-12T18:23:46.846Z",
    "mentioned_users": null,
    "date_extracted": "2025-04-05T21:06:28.863295"
  },
  {
    "platform": "Teams",
    "chat_id": "1657722647436",
    "chat_from": "Jake Pieczynski",
    "channel": "Marketing and Communications / General",
    "message": "I added a tab at the top of this channel. Check it out!",
    "thread_id": null,
    "timestamp": "2022-07-13T14:30:47.436Z",
    "mentioned_users": null,
    "date_extracted": "2025-04-05T21:06:28.863494"
  },
  {
    "platform": "Teams",
    "chat_id": "1652200887398",
    "chat_from": "Jake Pieczynski",
    "channel": "Crisis Communications Channel / FL Stop Woke Act",
    "message": "What responses, questions, or new problems are you encountering in your conversations with clients? (please respond in this thread)",
    "thread_id": null,
    "timestamp": "2022-05-10T16:41:27.398Z",
    "mentioned_users": null,
    "date_extracted": "2025-04-05T21:06:21.292612"
  },
  {
    "platform": "Teams",
    "chat_id": "1653404423964",
    "chat_from": "Tahitia Timmons",
    "channel": "Crisis Communications Channel / General",
    "message": "I am going to post this here - The American College of Obstetricians and Gynecologists (ACOG) the leading resource for maternal child health has issued a statement regarding Abortion - Understanding ACOG\u2019s Policy on Abortion. It can be found here https://www.acog.org/news/news-articles/2022/05/understanding-acog-policy-on-abortion (https://www.acog.org/news/news-articles/2022/05/understanding-acog-policy-on-abortion)",
    "thread_id": null,
    "timestamp": "2022-05-24T15:00:23.964Z",
    "mentioned_users": null,
    "date_extracted": "2025-04-05T21:06:31.876539"
  },
  {
    "platform": "Teams",
    "chat_id": "1650302118465",
    "chat_from": "Jake Pieczynski",
    "channel": "Crisis Communications Channel / General",
    "message": "Checking back in two weeks removed - what reactions or feedback have you received in response to LCW's leadership transition announcement? We know that this will be an ongoing process. Please share the responses you've received in this thread so we can use them to inform our future communications. Thanks!",
    "thread_id": null,
    "timestamp": "2022-04-18T17:15:18.465Z",
    "mentioned_users": null,
    "date_extracted": "2025-04-05T21:06:31.876955"
  },
  {
    "platform": "Teams",
    "chat_id": "1649261828348",
    "chat_from": "Jake Pieczynski",
    "channel": "Crisis Communications Channel / General",
    "message": "What reactions or feedback have you received in response to yesterday's announcement? Please share the responses you've received in this thread so we can use them to inform our future communications. Thanks!",
    "thread_id": null,
    "timestamp": "2022-04-06T16:17:08.348Z",
    "mentioned_users": null,
    "date_extracted": "2025-04-05T21:06:31.877239"
  },
  {
    "platform": "Teams",
    "chat_id": "1649106180628",
    "chat_from": "Jake Pieczynski",
    "channel": "Crisis Communications Channel / General",
    "message": "What new questions are coming up? Post any responses that have were not covered in the FAQ guide in this thread.",
    "thread_id": null,
    "timestamp": "2022-04-04T21:03:00.628Z",
    "mentioned_users": null,
    "date_extracted": "2025-04-05T21:06:31.877541"
  },
  {
    "platform": "Teams",
    "chat_id": "1649187641535",
    "chat_from": "Jake Pieczynski",
    "channel": "Crisis Communications Channel / General",
    "message": "The \"LCW Staff FAQ Guide\" is now available in the files section of this channel. Please take a moment to review and post any additional questions you think other may benefit from seeing the response to in this thread. Thanks!",
    "thread_id": null,
    "timestamp": "2022-04-05T19:40:41.535Z",
    "mentioned_users": null,
    "date_extracted": "2025-04-05T21:06:31.877916"
  },
  {
    "platform": "Teams",
    "chat_id": "1649106143312",
    "chat_from": "Jake Pieczynski",
    "channel": "Crisis Communications Channel / General",
    "message": "What have your clients' reactions been to the email? Post any responses you've heard that others might benefit from in this thread.",
    "thread_id": null,
    "timestamp": "2022-04-04T21:02:23.312Z",
    "mentioned_users": null,
    "date_extracted": "2025-04-05T21:06:31.878258"
  },
  {
    "platform": "Teams",
    "chat_id": "1649175324196",
    "chat_from": "Jake Pieczynski",
    "channel": "Crisis Communications Channel / General",
    "message": "Hi team - a quick heads up that we are targeting a 1:30pm release of our official announcement on the website, Facebook, LinkedIn, and Twitter. Please be on the look out. I will update you when it is live.",
    "thread_id": null,
    "timestamp": "2022-04-05T16:15:24.196Z",
    "mentioned_users": null,
    "date_extracted": "2025-04-05T21:06:31.878420"
  },
  {
    "platform": "Teams",
    "chat_id": "1666898660573",
    "chat_from": "Jake Pieczynski",
    "channel": "2022 Website Redesign / General",
    "message": "I added a tab at the top of this channel. Check it out!",
    "thread_id": null,
    "timestamp": "2022-10-27T19:24:20.573Z",
    "mentioned_users": null,
    "date_extracted": "2025-04-05T21:06:31.163019"
  },
  {
    "platform": "Teams",
    "chat_id": "1656712354344",
    "chat_from": "Jake Pieczynski",
    "channel": "2022 Website Redesign / Announcements \ud83d\udce2",
    "message": "I added a new tab to the tracker with the website's current indexed pages... this should be a list of every page we have. I did not have time to clean it up yet - sorry. If you want to work with this before I'm back on Wednesday, I'd filter the \"Index\" column (highlighted yellow) and only look at the pages marked \"yes\" -- this should eliminate most of the pages that are logins or pdf file/media uploads. If you want to, we can start marking them as \"keep, revise, or eliminate\" and use this tab to start our own list of needed pages.",
    "thread_id": null,
    "timestamp": "2022-07-01T21:52:34.344Z",
    "mentioned_users": null,
    "date_extracted": "2025-04-05T21:06:32.493247"
  },
  {
    "platform": "Teams",
    "chat_id": "1656079474564",
    "chat_from": "bansberg.james (Guest)",
    "channel": "2022 Website Redesign / Announcements \ud83d\udce2",
    "message": "Jake Pieczynski Just testing how the conversation app works. I'll let you know if I receive access to the files.",
    "thread_id": null,
    "timestamp": "2022-06-24T14:04:34.564Z",
    "mentioned_users": null,
    "date_extracted": "2025-04-05T21:06:32.493908"
  }
]