[
  {
    "platform": "Teams",
    "chat_id": "1672927365733",
    "chat_from": "Hannah Strack",
    "channel": "Business Development Team / Ideation and Current Trends\ud83d\udce2",
    "message": "https://teambookapp.com/blog/new-clients-consulting-agency/ (https://teambookapp.com/blog/new-clients-consulting-agency/)",
    "thread_id": null,
    "timestamp": "2023-01-05T14:02:45.733Z",
    "mentioned_users": null,
    "date_extracted": "2025-04-05T21:09:09.246965"
  },
  {
    "platform": "Teams",
    "chat_id": "1672927348247",
    "chat_from": "Hannah Strack",
    "channel": "Business Development Team / Ideation and Current Trends\ud83d\udce2",
    "message": "I'm just sticking a few articles here about converting leads and finding prospects that might or might not be useful. https://www.pipedrive.com/en/blog/find-right-prospects#does-the-prospect-look-like-your-best-customers (https://www.pipedrive.com/en/blog/find-right-prospects#does-the-prospect-look-like-your-best-customers)",
    "thread_id": null,
    "timestamp": "2023-01-05T14:02:28.247Z",
    "mentioned_users": null,
    "date_extracted": "2025-04-05T21:09:09.247311"
  },
  {
    "platform": "Teams",
    "chat_id": "1647443903601",
    "chat_from": "Andrea Wicks Bowles",
    "channel": "Scoro/Compass / Your Scoro Ideas",
    "message": "Thank you for the Pricing chart. Going forward, we might want to add\"last updated\" date, onto forms we use. That way we will know what is current... And can replace the old version we have saved. Cheers~",
    "thread_id": null,
    "timestamp": "2022-03-16T15:18:23.601Z",
    "mentioned_users": null,
    "date_extracted": "2025-04-05T21:09:07.432887"
  },
  {
    "platform": "Teams",
    "chat_id": "1644961132793",
    "chat_from": "Nicole Barile",
    "channel": "Scoro/Compass / Your Scoro Ideas",
    "message": "Added a new tab at the top of this channel. Here's a link.",
    "thread_id": null,
    "timestamp": "2022-02-15T21:38:52.793Z",
    "mentioned_users": null,
    "date_extracted": "2025-04-05T21:09:07.433214"
  },
  {
    "platform": "Teams",
    "chat_id": "1643057894559",
    "chat_from": "Nicole Barile",
    "channel": "Scoro/Compass / Your Scoro Ideas",
    "message": "Add your suggestions and ideas to the TASKS tab (in suggestions/ideas ). Your Scoro squad will review twice a month to prioritize and implement as needed.",
    "thread_id": null,
    "timestamp": "2022-01-24T20:58:14.559Z",
    "mentioned_users": null,
    "date_extracted": "2025-04-05T21:09:07.433520"
  },
  {
    "platform": "Teams",
    "chat_id": "1671553264626",
    "chat_from": "orgid:9a3f4a4c-09ba-4ae3-8296-3a09315bd369",
    "channel": "Scoro/Compass / General",
    "message": "To discuss how to use standard quotes in Compass to sell marketing campaigns (and then in the future perhaps other product bundles).",
    "thread_id": null,
    "timestamp": "2022-12-20T16:21:04.626Z",
    "mentioned_users": null,
    "date_extracted": "2025-04-05T21:09:34.454147"
  },
  {
    "platform": "Teams",
    "chat_id": "1669228895434",
    "chat_from": "orgid:9a3f4a4c-09ba-4ae3-8296-3a09315bd369",
    "channel": "Scoro/Compass / General",
    "message": "30-min weekly calls on various topics: (these calls will be recorded) - Invoicing Hello all, I have been asked by a few folks to do a Compass refresher on invoicing. We will set that up shortly; however, in the meantime, I have updated the below 2 process docs: Invoices in Compass WIP & Prepayment Invoices in Compass_v2 . If you prefer to learn by reading, these should outline the processes in detail for you. If you prefer to learn by doing/watching, then please join the refresher session if you can make it. Thank you! - Nicole",
    "thread_id": null,
    "timestamp": "2022-11-23T18:41:35.434Z",
    "mentioned_users": null,
    "date_extracted": "2025-04-05T21:09:34.456185"
  },
  {
    "platform": "Teams",
    "chat_id": "1662062795355",
    "chat_from": "orgid:9a3f4a4c-09ba-4ae3-8296-3a09315bd369",
    "channel": "Scoro/Compass / General",
    "message": "30-min weekly calls on various topics: (these calls will be recorded) - Working with Multimedia & Translation",
    "thread_id": null,
    "timestamp": "2022-09-01T20:06:35.355Z",
    "mentioned_users": null,
    "date_extracted": "2025-04-05T21:09:34.456916"
  },
  {
    "platform": "Teams",
    "chat_id": "1659974904261",
    "chat_from": "orgid:9a3f4a4c-09ba-4ae3-8296-3a09315bd369",
    "channel": "Scoro/Compass / General",
    "message": "30-min weekly calls on various topics: (these calls will be recorded) - People in Compass",
    "thread_id": null,
    "timestamp": "2022-08-08T16:08:24.261Z",
    "mentioned_users": null,
    "date_extracted": "2025-04-05T21:09:34.457842"
  },
  {
    "platform": "Teams",
    "chat_id": "1659974462487",
    "chat_from": "orgid:9a3f4a4c-09ba-4ae3-8296-3a09315bd369",
    "channel": "Scoro/Compass / General",
    "message": "30-min weekly calls on various topics: (these calls will be recorded) - Companies in Compass",
    "thread_id": null,
    "timestamp": "2022-08-08T16:01:02.487Z",
    "mentioned_users": null,
    "date_extracted": "2025-04-05T21:09:34.458701"
  },
  {
    "platform": "Teams",
    "chat_id": "1659974219695",
    "chat_from": "orgid:9a3f4a4c-09ba-4ae3-8296-3a09315bd369",
    "channel": "Scoro/Compass / General",
    "message": "30-min weekly calls on various topics: (these calls will be recorded) - COGS in Compass",
    "thread_id": null,
    "timestamp": "2022-08-08T15:56:59.695Z",
    "mentioned_users": null,
    "date_extracted": "2025-04-05T21:09:34.459538"
  },
  {
    "platform": "Teams",
    "chat_id": "1658422308496",
    "chat_from": "orgid:9a3f4a4c-09ba-4ae3-8296-3a09315bd369",
    "channel": "Scoro/Compass / General",
    "message": "30-min weekly calls on various topics: (these calls will be recorded) 1. BD to Con handoff",
    "thread_id": null,
    "timestamp": "2022-07-21T16:51:48.496Z",
    "mentioned_users": null,
    "date_extracted": "2025-04-05T21:09:34.460018"
  },
  {
    "platform": "Teams",
    "chat_id": "1658421992466",
    "chat_from": "orgid:9a3f4a4c-09ba-4ae3-8296-3a09315bd369",
    "channel": "Scoro/Compass / General",
    "message": "30-min weekly calls on various topics: (these calls will be recorded) 1. Setting up your dashboard - CLT only",
    "thread_id": null,
    "timestamp": "2022-07-21T16:46:32.466Z",
    "mentioned_users": null,
    "date_extracted": "2025-04-05T21:09:34.460535"
  },
  {
    "platform": "Teams",
    "chat_id": "1658421307350",
    "chat_from": "orgid:9a3f4a4c-09ba-4ae3-8296-3a09315bd369",
    "channel": "Scoro/Compass / General",
    "message": "30-min weekly calls on various topics: (these calls will be recorded) 1. Setting up your dashboard",
    "thread_id": null,
    "timestamp": "2022-07-21T16:35:07.35Z",
    "mentioned_users": null,
    "date_extracted": "2025-04-05T21:09:34.461035"
  },
  {
    "platform": "Teams",
    "chat_id": "1662579543320",
    "chat_from": "Tamara Thorpe",
    "channel": "Scoro/Compass / General",
    "message": "I thought this meeting was happening later. Did I miss the reschedule?",
    "thread_id": null,
    "timestamp": "2022-09-07T19:39:03.32Z",
    "mentioned_users": null,
    "date_extracted": "2025-04-05T21:09:34.461200"
  },
  {
    "platform": "Teams",
    "chat_id": "1657646369766",
    "chat_from": "orgid:9a3f4a4c-09ba-4ae3-8296-3a09315bd369",
    "channel": "Scoro/Compass / General",
    "message": "30-min weekly calls on various topics: (these calls will be recorded) - COGS in Compass",
    "thread_id": null,
    "timestamp": "2022-07-12T17:19:29.766Z",
    "mentioned_users": null,
    "date_extracted": "2025-04-05T21:09:34.461961"
  },
  {
    "platform": "Teams",
    "chat_id": "1657646115379",
    "chat_from": "orgid:9a3f4a4c-09ba-4ae3-8296-3a09315bd369",
    "channel": "Scoro/Compass / General",
    "message": "30-min weekly calls on various topics: (these calls will be recorded) - Customizing content in Compass",
    "thread_id": null,
    "timestamp": "2022-07-12T17:15:15.379Z",
    "mentioned_users": null,
    "date_extracted": "2025-04-05T21:09:34.462775"
  },
  {
    "platform": "Teams",
    "chat_id": "1657645906856",
    "chat_from": "orgid:9a3f4a4c-09ba-4ae3-8296-3a09315bd369",
    "channel": "Scoro/Compass / General",
    "message": "30-min weekly calls on various topics: (these calls will be recorded) - Compass \u2013 Scheduling essentials",
    "thread_id": null,
    "timestamp": "2022-07-12T17:11:46.856Z",
    "mentioned_users": null,
    "date_extracted": "2025-04-05T21:09:34.463433"
  },
  {
    "platform": "Teams",
    "chat_id": "1657645729074",
    "chat_from": "orgid:9a3f4a4c-09ba-4ae3-8296-3a09315bd369",
    "channel": "Scoro/Compass / General",
    "message": "30-min weekly calls on various topics: (these calls will be recorded) - Compass \u2013 Project essentials",
    "thread_id": null,
    "timestamp": "2022-07-12T17:08:49.074Z",
    "mentioned_users": null,
    "date_extracted": "2025-04-05T21:09:34.463976"
  },
  {
    "platform": "Teams",
    "chat_id": "1657645562043",
    "chat_from": "orgid:9a3f4a4c-09ba-4ae3-8296-3a09315bd369",
    "channel": "Scoro/Compass / General",
    "message": "30-min weekly calls on various topics: (these calls will be recorded) - Compass \u2013 SOW essentials",
    "thread_id": null,
    "timestamp": "2022-07-12T17:06:02.043Z",
    "mentioned_users": null,
    "date_extracted": "2025-04-05T21:09:34.464616"
  },
  {
    "platform": "Teams",
    "chat_id": "1657645233694",
    "chat_from": "orgid:9a3f4a4c-09ba-4ae3-8296-3a09315bd369",
    "channel": "Scoro/Compass / General",
    "message": "30-minute Mandatory Compass refresher session for consultants on: - invoicing - where we review basic steps - how to create a prepayment invoice",
    "thread_id": null,
    "timestamp": "2022-07-12T17:00:33.694Z",
    "mentioned_users": null,
    "date_extracted": "2025-04-05T21:09:34.465231"
  },
  {
    "platform": "Teams",
    "chat_id": "1658781566035",
    "chat_from": "Nicole Barile",
    "channel": "Scoro/Compass / General",
    "message": "The process is located in the PROCESSES LIBRARY. Will get back to you all on some of your questions about applying the monies. Thank you!",
    "thread_id": null,
    "timestamp": "2022-07-25T20:39:26.035Z",
    "mentioned_users": null,
    "date_extracted": "2025-04-05T21:09:34.465466"
  },
  {
    "platform": "Teams",
    "chat_id": "1658781527960",
    "chat_from": "Andrea Wicks Bowles",
    "channel": "Scoro/Compass / General",
    "message": "well i caanot get back in",
    "thread_id": null,
    "timestamp": "2022-07-25T20:38:47.96Z",
    "mentioned_users": null,
    "date_extracted": "2025-04-05T21:09:34.465579"
  },
  {
    "platform": "Teams",
    "chat_id": "1658781405084",
    "chat_from": "Tamara Thorpe",
    "channel": "Scoro/Compass / General",
    "message": "",
    "thread_id": null,
    "timestamp": "2022-07-25T20:36:45.084Z",
    "mentioned_users": null,
    "date_extracted": "2025-04-05T21:09:34.465791"
  },
  {
    "platform": "Teams",
    "chat_id": "1647548904702",
    "chat_from": "orgid:9a3f4a4c-09ba-4ae3-8296-3a09315bd369",
    "channel": "Scoro/Compass / General",
    "message": "Hi Team, Please make sure to attend one of the two meeting options that will cover Compass Invoicing OPTION #1: Monday, March 21st at 10a CST OPTION #2: Wednesday, March 23rd at 11a CST Some of you have asked for info on what deliverables should/should not be added to Compass. Here are some guidelines to assist you: - If your open/active SOWs contain deliverables that HAVE been both delivered AND invoiced in prior years (prior to 2022) = You DO NOT need to add those deliverables to Compass - However, IF you choose to add deliverables that have been both delivered and invoiced in prior years, you must create an Invoice in Compass & mark the Accounting Status as \u201cLegacy Invoice\u201d - To create the invoice, from the Quote page select \u201cUse data on quote to Create Invoice.\u201d From here, you will choose \u201cSelect lines for partial invoicing.\u201d This will allow you to select only the deliverables that you need to invoice for. A box will pop up where you will check the deliverables you wish to add to your invoice. After selecting your deliverables, select \u201cProceed\u201d. An Invoice is then created. Since this is a \u201cdummy\u201d invoice, there is no need to edit any information. However, you must select \u201cLegacy Invoice\u201d from the Accounting Status and hit Save. Once you return to your Quote, you will see your invoice under \u201cInvoices.\u201d - For already invoiced items, you can group them all into 1 deliverable if easier (EX: put 100 IDIs on one line or 5 UTBEs on one line) - If your open/active SOWs contain deliverables that HAVE been invoiced but HAVE NOT been delivered = You MUST add deliverables to Compass - You must also create a \u201cPrepayment Invoice\u201d in Compass & mark the Accounting Status as \u201cLegacy Invoice\u201d - To create the prepayment invoice, from the Quote page select \u201cUse date on quote to Create Prepayment Invoice.\u201d From here, you will choose \u201cSelect lines for partial invoicing.\u201d This will allow you to select on the deliverables that you have pre-invoiced for. You can also choose to pre-invoice a percentage of all deliverables. After making your selection, select \u201cProceed.\u201d An Invoice is then created. Since this is a \u201cdummy\u201d invoice, there is no need to edit any information. However, you must select \u201cLegacy Invoice\u201d from the Accounting Status and hit Save. Once you return to your Quote, you will see your invoice under \u201cPrepayment Invoices.\u201d - For already invoiced items, you can group them all into 1 deliverable if easier - If your open/active SOWs contain deliverables that HAVE NOT been invoiced but HAVE been delivered = You MUST add deliverables to Compass",
    "thread_id": null,
    "timestamp": "2022-03-17T20:28:24.702Z",
    "mentioned_users": null,
    "date_extracted": "2025-04-05T21:09:34.469285"
  },
  {
    "platform": "Teams",
    "chat_id": "1647548756905",
    "chat_from": "orgid:9a3f4a4c-09ba-4ae3-8296-3a09315bd369",
    "channel": "Scoro/Compass / General",
    "message": "Hi Team, Please make sure to attend one of the two meeting options that will cover Compass Invoicing OPTION #1: Monday, March 21st at 10a CST OPTION #2: Wednesday, March 23rd at 11a CST Some of you have asked for info on what deliverables should/should not be added to Compass. Here are some guidelines to assist you: - If your open/active SOWs contain deliverables that HAVE been both delivered AND invoiced in prior years (prior to 2022) = You DO NOT need to add those deliverables to Compass - However, IF you choose to add deliverables that have been both delivered and invoiced in prior years, you must create an Invoice in Compass & mark the Accounting Status as \u201cLegacy Invoice\u201d - To create the invoice, from the Quote page select \u201cUse data on quote to Create Invoice.\u201d From here, you will choose \u201cSelect lines for partial invoicing.\u201d This will allow you to select only the deliverables that you need to invoice for. A box will pop up where you will check the deliverables you wish to add to your invoice. After selecting your deliverables, select \u201cProceed\u201d. An Invoice is then created. Since this is a \u201cdummy\u201d invoice, there is no need to edit any information. However, you must select \u201cLegacy Invoice\u201d from the Accounting Status and hit Save. Once you return to your Quote, you will see your invoice under \u201cInvoices.\u201d - For already invoiced items, you can group them all into 1 deliverable if easier (EX: put 100 IDIs on one line or 5 UTBEs on one line) - If your open/active SOWs contain deliverables that HAVE been invoiced but HAVE NOT been delivered = You MUST add deliverables to Compass - You must also create a \u201cPrepayment Invoice\u201d in Compass & mark the Accounting Status as \u201cLegacy Invoice\u201d - To create the prepayment invoice, from the Quote page select \u201cUse date on quote to Create Prepayment Invoice.\u201d From here, you will choose \u201cSelect lines for partial invoicing.\u201d This will allow you to select on the deliverables that you have pre-invoiced for. You can also choose to pre-invoice a percentage of all deliverables. After making your selection, select \u201cProceed.\u201d An Invoice is then created. Since this is a \u201cdummy\u201d invoice, there is no need to edit any information. However, you must select \u201cLegacy Invoice\u201d from the Accounting Status and hit Save. Once you return to your Quote, you will see your invoice under \u201cPrepayment Invoices.\u201d - For already invoiced items, you can group them all into 1 deliverable if easier - If your open/active SOWs contain deliverables that HAVE NOT been invoiced but HAVE been delivered = You MUST add deliverables to Compass",
    "thread_id": null,
    "timestamp": "2022-03-17T20:25:56.905Z",
    "mentioned_users": null,
    "date_extracted": "2025-04-05T21:09:34.471454"
  },
  {
    "platform": "Teams",
    "chat_id": "1647629039287",
    "chat_from": "Nicole Barile",
    "channel": "Scoro/Compass / General",
    "message": "",
    "thread_id": null,
    "timestamp": "2022-03-18T18:43:59.287Z",
    "mentioned_users": null,
    "date_extracted": "2025-04-05T21:09:34.471463"
  },
  {
    "platform": "Teams",
    "chat_id": "1643059231295",
    "chat_from": "orgid:9a3f4a4c-09ba-4ae3-8296-3a09315bd369",
    "channel": "Scoro/Compass / General",
    "message": "Training #7 \u2013 End-to-end workflow from Creating Quote to Invoicing (Consulting focus) Wednesday February 23 rd 11a-11:50a CST",
    "thread_id": null,
    "timestamp": "2022-01-24T21:20:31.295Z",
    "mentioned_users": null,
    "date_extracted": "2025-04-05T21:09:34.471806"
  },
  {
    "platform": "Teams",
    "chat_id": "1643058520511",
    "chat_from": "orgid:9a3f4a4c-09ba-4ae3-8296-3a09315bd369",
    "channel": "Scoro/Compass / General",
    "message": "Training #5 \u2013 External Consultants; Invoicing & Accounting Monday, February 14 th 1p-1:50p CST",
    "thread_id": null,
    "timestamp": "2022-01-24T21:08:40.511Z",
    "mentioned_users": null,
    "date_extracted": "2025-04-05T21:09:34.472466"
  },
  {
    "platform": "Teams",
    "chat_id": "1644602863866",
    "chat_from": "Jeffrey Cookson",
    "channel": "Scoro/Compass / General",
    "message": "",
    "thread_id": null,
    "timestamp": "2022-02-11T18:07:43.866Z",
    "mentioned_users": null,
    "date_extracted": "2025-04-05T21:09:34.472598"
  },
  {
    "platform": "Teams",
    "chat_id": "1644602862544",
    "chat_from": "Jeffrey Cookson",
    "channel": "Scoro/Compass / General",
    "message": "",
    "thread_id": null,
    "timestamp": "2022-02-11T18:07:42.544Z",
    "mentioned_users": null,
    "date_extracted": "2025-04-05T21:09:34.472717"
  },
  {
    "platform": "Teams",
    "chat_id": "1644602862052",
    "chat_from": "Jeffrey Cookson",
    "channel": "Scoro/Compass / General",
    "message": "",
    "thread_id": null,
    "timestamp": "2022-02-11T18:07:42.052Z",
    "mentioned_users": null,
    "date_extracted": "2025-04-05T21:09:34.472831"
  },
  {
    "platform": "Teams",
    "chat_id": "1643058219729",
    "chat_from": "orgid:9a3f4a4c-09ba-4ae3-8296-3a09315bd369",
    "channel": "Scoro/Compass / General",
    "message": "Training #4 \u2013 Creating a Project Wednesday, February 9 th 3p-3:50p CST",
    "thread_id": null,
    "timestamp": "2022-01-24T21:03:39.729Z",
    "mentioned_users": null,
    "date_extracted": "2025-04-05T21:09:34.473202"
  },
  {
    "platform": "Teams",
    "chat_id": "1643057972108",
    "chat_from": "orgid:9a3f4a4c-09ba-4ae3-8296-3a09315bd369",
    "channel": "Scoro/Compass / General",
    "message": "Training #3 \u2013Creating Quotes/SOWs, Handoff from BizDev to Consulting, Pipeline Tuesday, February 8 th 4p-4:50p CST",
    "thread_id": null,
    "timestamp": "2022-01-24T20:59:32.108Z",
    "mentioned_users": null,
    "date_extracted": "2025-04-05T21:09:34.473541"
  },
  {
    "platform": "Teams",
    "chat_id": "1644255724491",
    "chat_from": "Nicole Barile",
    "channel": "Scoro/Compass / General",
    "message": "Added a new tab at the top of this channel. Here's a link.",
    "thread_id": null,
    "timestamp": "2022-02-07T17:42:04.491Z",
    "mentioned_users": null,
    "date_extracted": "2025-04-05T21:09:34.473683"
  },
  {
    "platform": "Teams",
    "chat_id": "1643057487921",
    "chat_from": "orgid:9a3f4a4c-09ba-4ae3-8296-3a09315bd369",
    "channel": "Scoro/Compass / General",
    "message": "Training #2 \u2013 How to add People & Companies Tuesday, Feb. 1 st 4p-4:50p CST",
    "thread_id": null,
    "timestamp": "2022-01-24T20:51:27.921Z",
    "mentioned_users": null,
    "date_extracted": "2025-04-05T21:09:34.474037"
  },
  {
    "platform": "Teams",
    "chat_id": "1643057176678",
    "chat_from": "orgid:9a3f4a4c-09ba-4ae3-8296-3a09315bd369",
    "channel": "Scoro/Compass / General",
    "message": "Training #1 \u2013 Overview of Scoro, Benefits, What to expect over the next few weeks Monday, Jan. 31 st 9a-9:50a CST Agenda: - Chuck \u2013 kickoff - Ada \u2013 benefits of Scoro - Kendall \u2013 activating your account, linking Outlook calendar - Nicole \u2013 what to expect in the coming weeks",
    "thread_id": null,
    "timestamp": "2022-01-24T20:46:16.678Z",
    "mentioned_users": null,
    "date_extracted": "2025-04-05T21:09:34.475543"
  },
  {
    "platform": "Teams",
    "chat_id": "1643058968960",
    "chat_from": "orgid:9a3f4a4c-09ba-4ae3-8296-3a09315bd369",
    "channel": "Scoro/Compass / General",
    "message": "Training #6 \u2013 Customizing Scoro just for you Tuesday, February 15 th 12p-12:50p CST",
    "thread_id": null,
    "timestamp": "2022-01-24T21:16:08.96Z",
    "mentioned_users": null,
    "date_extracted": "2025-04-05T21:09:34.476007"
  }
]