[
  {
    "platform": "Teams",
    "chat_id": "1625761047271",
    "chat_from": "Melissa Neu",
    "channel": "Buddy Program - Yellow Team 2 / General",
    "message": "Hello Tamara Thorpe & Dustin Puehler ! I've drafted our product idea template and it is now ready for your review, changes and insights. You will find the file in our shared Teams space.",
    "thread_id": null,
    "timestamp": "2021-07-08T16:17:27.271Z",
    "mentioned_users": null,
    "date_extracted": "2025-04-05T21:06:37.516567"
  },
  {
    "platform": "Teams",
    "chat_id": "1626883569892",
    "chat_from": "Maria Fagrelius",
    "channel": "Innovation Lab  - Group Project / General",
    "message": "Another thought: Introducing Digital Accessibility and Other Best Practices for Remote Work: https://disabilityin.org/resources2/covid-19-response-accessible-tools-and-content/ (https://disabilityin.org/resources2/covid-19-response-accessible-tools-and-content/)",
    "thread_id": null,
    "timestamp": "2021-07-21T16:06:09.892Z",
    "mentioned_users": null,
    "date_extracted": "2025-04-05T21:06:45.426791"
  },
  {
    "platform": "Teams",
    "chat_id": "1626796787120",
    "chat_from": "Maria Fagrelius",
    "channel": "Innovation Lab  - Group Project / General",
    "message": "Morning team! I'd like to start a conversation here so we're ready for Friday's lab.",
    "thread_id": null,
    "timestamp": "2021-07-20T15:59:47.12Z",
    "mentioned_users": null,
    "date_extracted": "2025-04-05T21:06:45.426976"
  },
  {
    "platform": "Teams",
    "chat_id": "1626456104964",
    "chat_from": "Melissa Neu",
    "channel": "Innovation Lab  - Group Project / General",
    "message": "Added a new tab at the top of this channel. Here's a link.",
    "thread_id": null,
    "timestamp": "2021-07-16T17:21:44.964Z",
    "mentioned_users": null,
    "date_extracted": "2025-04-05T21:06:45.427201"
  },
  {
    "platform": "Teams",
    "chat_id": "1661554083730",
    "chat_from": "Melissa Neu",
    "channel": "Dormant Account Project - 2022 / General",
    "message": "Conner Williams Grace Vottero Hi Friends! In the files section of this channel, I have uploaded a spreadsheet of clients not listed as \"Active.\" When you are able, can you please review the list and add your name to any clients that you would LOVE to work with or that you already have a relationship with. Also, if you could please, alert me if you know other consultants are working on anything here. No need to dive deep on looking at who is doing what with these; just looking for your gut reactions on the names. Let me know when you're finished. I'll assign the remainders and share instructions on next steps. HAPPY FRIDAY!",
    "thread_id": null,
    "timestamp": "2022-08-26T22:48:03.73Z",
    "mentioned_users": null,
    "date_extracted": "2025-04-05T21:07:01.983114"
  },
  {
    "platform": "Teams",
    "chat_id": "1654184074536",
    "chat_from": "Melissa Neu",
    "channel": "Clariant Presentation Prep / General",
    "message": "Fantastic job my friends! You're all AMAZING!! I apologize for the glitches with the PPT - there was an animation that kept throwing the deck forward. Note to self - I'll be sure to check on that next time. Thank you so much for all that you've done to make this happen.",
    "thread_id": null,
    "timestamp": "2022-06-02T15:34:34.536Z",
    "mentioned_users": null,
    "date_extracted": "2025-04-05T21:07:08.649090"
  },
  {
    "platform": "Teams",
    "chat_id": "1676920707915",
    "chat_from": "Melissa Neu",
    "channel": "Integrated Sales & Marketing Shared Space / General",
    "message": "The conversation about New Contact Form in HubSpot Questions has begun.",
    "thread_id": null,
    "timestamp": "2023-02-20T19:18:27.915Z",
    "mentioned_users": null,
    "date_extracted": "2025-04-05T21:07:15.813008"
  },
  {
    "platform": "Teams",
    "chat_id": "1676915831505",
    "chat_from": "Melissa Neu",
    "channel": "Integrated Sales & Marketing Shared Space / General",
    "message": "The conversation about Web Form Updates in HubSpot Questions has begun.",
    "thread_id": null,
    "timestamp": "2023-02-20T17:57:11.505Z",
    "mentioned_users": null,
    "date_extracted": "2025-04-05T21:07:15.813266"
  },
  {
    "platform": "Teams",
    "chat_id": "1676664631854",
    "chat_from": "Melissa Neu",
    "channel": "Integrated Sales & Marketing Shared Space / General",
    "message": "The conversation about Signature Presets in HubSpot Questions has begun.",
    "thread_id": null,
    "timestamp": "2023-02-17T20:10:31.854Z",
    "mentioned_users": null,
    "date_extracted": "2025-04-05T21:07:15.813505"
  },
  {
    "platform": "Teams",
    "chat_id": "1676664454503",
    "chat_from": "Melissa Neu",
    "channel": "Integrated Sales & Marketing Shared Space / General",
    "message": "The conversation about Branding in HubSpot Questions has begun.",
    "thread_id": null,
    "timestamp": "2023-02-17T20:07:34.503Z",
    "mentioned_users": null,
    "date_extracted": "2025-04-05T21:07:15.813736"
  },
  {
    "platform": "Teams",
    "chat_id": "1676646804870",
    "chat_from": "Melissa Neu",
    "channel": "Integrated Sales & Marketing Shared Space / General",
    "message": "The conversation about Channels in HubSpot Questions has begun.",
    "thread_id": null,
    "timestamp": "2023-02-17T15:13:24.87Z",
    "mentioned_users": null,
    "date_extracted": "2025-04-05T21:07:15.813959"
  },
  {
    "platform": "Teams",
    "chat_id": "1675783983906",
    "chat_from": "Melissa Neu",
    "channel": "Integrated Sales & Marketing Shared Space / General",
    "message": "The conversation about Integrations in HubSpot Questions has begun.",
    "thread_id": null,
    "timestamp": "2023-02-07T15:33:03.906Z",
    "mentioned_users": null,
    "date_extracted": "2025-04-05T21:07:15.814171"
  },
  {
    "platform": "Teams",
    "chat_id": "1635304708107",
    "chat_from": "Jake Pieczynski",
    "channel": "Integrated Sales & Marketing Shared Space / General",
    "message": "I need to add some more and clean it up in the morning, but here's the presentation so far Melissa Neu Customer Archetype Presentation.pptx (https://lcwmail.sharepoint.com/sites/IntegratedSalesMarketingPlan/Shared Documents/General/Ideal Customer Profile/Customer Archetype Presentation.pptx)",
    "thread_id": null,
    "timestamp": "2021-10-27T03:18:28.107Z",
    "mentioned_users": null,
    "date_extracted": "2025-04-05T21:07:15.814617"
  },
  {
    "platform": "Teams",
    "chat_id": "1634746730061",
    "chat_from": "Melissa Neu",
    "channel": "Integrated Sales & Marketing Shared Space / General",
    "message": "Jake Pieczynski I've updated my notes in the Project Tracker with the exception of \"top 5 products\" - perhaps we can revisit this after our call with Rebecca.",
    "thread_id": null,
    "timestamp": "2021-10-20T16:18:50.061Z",
    "mentioned_users": null,
    "date_extracted": "2025-04-05T21:07:15.814889"
  },
  {
    "platform": "Teams",
    "chat_id": "1633624911489",
    "chat_from": "Melissa Neu",
    "channel": "Integrated Sales & Marketing Shared Space / General",
    "message": "Jake Pieczynski - I've uploaded a version of the SOW tracker that I've been adding notes to. So far, I've added two columns - Industry & Domestic vs. Global. I don't want us to duplicate efforts and think it might be better if we work out of this shared space. What do you think?",
    "thread_id": null,
    "timestamp": "2021-10-07T16:41:51.489Z",
    "mentioned_users": null,
    "date_extracted": "2025-04-05T21:07:15.815192"
  },
  {
    "platform": "Teams",
    "chat_id": "1681399790433",
    "chat_from": "Rebecca Parrilla",
    "channel": "USOPC Presentation Team / General",
    "message": "For the dress rehearsal let's use the same link as yesterday - https://languageandculture.zoom.us/my/rebparrillazoom (https://languageandculture.zoom.us/my/rebparrillazoom)",
    "thread_id": null,
    "timestamp": "2023-04-13T15:29:50.433Z",
    "mentioned_users": null,
    "date_extracted": "2025-04-05T21:07:16.905882"
  },
  {
    "platform": "Teams",
    "chat_id": "1681392810128",
    "chat_from": "Rebecca Parrilla",
    "channel": "USOPC Presentation Team / General",
    "message": "Tamara Thorpe I am looking at your Learning Journey Overview and am loving it! To be consistent, I'm copying the 'focus' and 'expected outcomes' language to each of the detailed learning journey slides so they match exactly.",
    "thread_id": null,
    "timestamp": "2023-04-13T13:33:30.128Z",
    "mentioned_users": null,
    "date_extracted": "2025-04-05T21:07:16.906190"
  },
  {
    "platform": "Teams",
    "chat_id": "1681355099597",
    "chat_from": "Kelly Salek",
    "channel": "USOPC Presentation Team / General",
    "message": "USOPC Presentation Team The deck has been updated. Please look through your section to ensure all edits were made...and please clear all comments that no longer apply.",
    "thread_id": null,
    "timestamp": "2023-04-13T03:04:59.597Z",
    "mentioned_users": null,
    "date_extracted": "2025-04-05T21:07:16.906748"
  },
  {
    "platform": "Teams",
    "chat_id": "1681332845626",
    "chat_from": "Rebecca Parrilla",
    "channel": "USOPC Presentation Team / General",
    "message": "I changed our previously pretty bland PPT prez title to: \"Co-Creating a Sustainable DE&I Ecosystem with the USOPC\"",
    "thread_id": null,
    "timestamp": "2023-04-12T20:54:05.626Z",
    "mentioned_users": null,
    "date_extracted": "2025-04-05T21:07:16.906933"
  },
  {
    "platform": "Teams",
    "chat_id": "1681311458487",
    "chat_from": "Rebecca Parrilla",
    "channel": "USOPC Presentation Team / General",
    "message": "Hi, I created a Wiki (above) where we can add our questions for USOPC as we think of them. I added the first one.",
    "thread_id": null,
    "timestamp": "2023-04-12T14:57:38.487Z",
    "mentioned_users": null,
    "date_extracted": "2025-04-05T21:07:16.907082"
  },
  {
    "platform": "Teams",
    "chat_id": "1681302071215",
    "chat_from": "Rebecca Parrilla",
    "channel": "USOPC Presentation Team / General",
    "message": "Kelly Salek and Melissa Neu how can we make the journey screenshots on slides 18-27 sharper and clearer? Can we copy and paste from the original PPT? The images are a bit fuzzy and become fuzzier when you display in slideshow mode. Thank you!",
    "thread_id": null,
    "timestamp": "2023-04-12T12:21:11.215Z",
    "mentioned_users": null,
    "date_extracted": "2025-04-05T21:07:16.907423"
  },
  {
    "platform": "Teams",
    "chat_id": "1681241822349",
    "chat_from": "Melissa Neu",
    "channel": "USOPC Presentation Team / General",
    "message": "Rebecca Parrilla Tamara Thorpe Chuck Adams If you are curious as to how the pricing breaks out year over year, it is laid out in Compass here: https://lcw.scoro.com/quotes/view/934 (https://lcw.scoro.com/quotes/view/934)",
    "thread_id": null,
    "timestamp": "2023-04-11T19:37:02.349Z",
    "mentioned_users": null,
    "date_extracted": "2025-04-05T21:07:16.908194"
  },
  {
    "platform": "Teams",
    "chat_id": "1681221130183",
    "chat_from": "Kelly Salek",
    "channel": "USOPC Presentation Team / General",
    "message": "Rebecca Parrilla Melissa Neu Any thoughts on what elearning to demo? Elearning and microlearning demo? Was thinking about IMUB the new version (uses more iconography) but I really love Culture & Identity (has more visuals)...Thoughts?",
    "thread_id": null,
    "timestamp": "2023-04-11T13:52:10.183Z",
    "mentioned_users": null,
    "date_extracted": "2025-04-05T21:07:16.908486"
  },
  {
    "platform": "Teams",
    "chat_id": "1681232268299",
    "chat_from": "Tamara Thorpe",
    "channel": "USOPC Presentation Team / General",
    "message": "Please note that I've added to the files the Team USA Council on Racial and Social Justice Recommendations for Antiracism and Acts of Discrimination",
    "thread_id": null,
    "timestamp": "2023-04-11T16:57:48.299Z",
    "mentioned_users": null,
    "date_extracted": "2025-04-05T21:07:16.908672"
  },
  {
    "platform": "Teams",
    "chat_id": "1681153411755",
    "chat_from": "Rebecca Parrilla",
    "channel": "USOPC Presentation Team / General",
    "message": "I can collaborate with the \"High level overview of proposed solutions\" slides (Chuck) and the \"Detail of Curriculum/Learning Paths\" slides (Tamara). Will look at these slides and insert any comments directly into the presentation on Teams.....",
    "thread_id": null,
    "timestamp": "2023-04-10T19:03:31.755Z",
    "mentioned_users": null,
    "date_extracted": "2025-04-05T21:07:16.908798"
  },
  {
    "platform": "Teams",
    "chat_id": "1681152547151",
    "chat_from": "Rebecca Parrilla",
    "channel": "USOPC Presentation Team / General",
    "message": "Hi, all. I uploaded my thoughts in the Files section of this team.",
    "thread_id": null,
    "timestamp": "2023-04-10T18:49:07.151Z",
    "mentioned_users": null,
    "date_extracted": "2025-04-05T21:07:16.908962"
  },
  {
    "platform": "Teams",
    "chat_id": "1681149635348",
    "chat_from": "Melissa Neu",
    "channel": "USOPC Presentation Team / General",
    "message": "Alisa Kolodizner Kelly Salek Chuck Adams Tamara Thorpe - we weren't able to discuss who is taking what sections. Let's use this chat to coordinate. I'll be kicking off the call and passing it to you... who's on first?",
    "thread_id": null,
    "timestamp": "2023-04-10T18:00:35.348Z",
    "mentioned_users": null,
    "date_extracted": "2025-04-05T21:07:16.909453"
  },
  {
    "platform": "Teams",
    "chat_id": "1681152419330",
    "chat_from": "Melissa Neu",
    "channel": "USOPC Presentation Team / General",
    "message": "Olympic Host Cities Winter 2026 - Milan\u2013Cortina d'Ampezzo, Italy Summer 2024 \u2013 Paris France 2028 - Los Angeles, California Paralympic Host Cities 2024 \u2013 Paris France 2026 - Milan\u2013Cortina d'Ampezzo, Italy 2028 - Los Angeles, California Pan Am Host Cities 2023 \u2013 Santiago, Chile 2027 \u2013 Barranquilla, Colombia Parapan AM Host Cities 2023 \u2013 Santiago, Chile 2027 \u2013 Barranquilla, Colombia Youth Olympic Host Cities 2024 \u2013 Gangwon, South Korea 2026 \u2013 Dakar, Senegal",
    "thread_id": null,
    "timestamp": "2023-04-10T18:46:59.33Z",
    "mentioned_users": null,
    "date_extracted": "2025-04-05T21:07:16.912773"
  },
  {
    "platform": "Teams",
    "chat_id": "1681149551415",
    "chat_from": "Melissa Neu",
    "channel": "USOPC Presentation Team / General",
    "message": "Alisa Kolodizner Rebecca Parrilla Tamara Thorpe Chuck Adams Kelly Salek - The draft deck is in the files section of this shared working space. Ideally, we can work in parallel using Teams. Remember, the deck as it exists is essentially a placeholder, and I'm looking to each of you to either provide me with guidance on changes or to take ownership of your assigned sections.",
    "thread_id": null,
    "timestamp": "2023-04-10T17:59:11.415Z",
    "mentioned_users": null,
    "date_extracted": "2025-04-05T21:07:16.913275"
  },
  {
    "platform": "Teams",
    "chat_id": "1672927365733",
    "chat_from": "Hannah Strack",
    "channel": "Business Development Team / Ideation and Current Trends\ud83d\udce2",
    "message": "https://teambookapp.com/blog/new-clients-consulting-agency/ (https://teambookapp.com/blog/new-clients-consulting-agency/)",
    "thread_id": null,
    "timestamp": "2023-01-05T14:02:45.733Z",
    "mentioned_users": null,
    "date_extracted": "2025-04-05T21:07:20.424321"
  },
  {
    "platform": "Teams",
    "chat_id": "1672927348247",
    "chat_from": "Hannah Strack",
    "channel": "Business Development Team / Ideation and Current Trends\ud83d\udce2",
    "message": "I'm just sticking a few articles here about converting leads and finding prospects that might or might not be useful. https://www.pipedrive.com/en/blog/find-right-prospects#does-the-prospect-look-like-your-best-customers (https://www.pipedrive.com/en/blog/find-right-prospects#does-the-prospect-look-like-your-best-customers)",
    "thread_id": null,
    "timestamp": "2023-01-05T14:02:28.247Z",
    "mentioned_users": null,
    "date_extracted": "2025-04-05T21:07:20.424666"
  },
  {
    "platform": "Teams",
    "chat_id": "1666900121289",
    "chat_from": "Melissa Neu",
    "channel": "Test / General",
    "message": "I added a tab at the top of this channel. Check it out!",
    "thread_id": null,
    "timestamp": "2022-10-27T19:48:41.289Z",
    "mentioned_users": null,
    "date_extracted": "2025-04-05T21:07:29.759909"
  },
  {
    "platform": "Teams",
    "chat_id": "1632926662635",
    "chat_from": "LaQuanda Murray",
    "channel": "OLD - Client / Business Development / CALL NOTES",
    "message": "Melissa Neu Monica Marcel - Call Notes for Gusto Set-up - LQ",
    "thread_id": null,
    "timestamp": "2021-09-29T14:44:22.635Z",
    "mentioned_users": null,
    "date_extracted": "2025-04-05T21:07:24.620815"
  },
  {
    "platform": "Teams",
    "chat_id": "1632859814086",
    "chat_from": "LaQuanda Murray",
    "channel": "OLD - Client / Business Development / CALL NOTES",
    "message": "Monica Marcel - here are notes MN started",
    "thread_id": null,
    "timestamp": "2021-09-28T20:10:14.086Z",
    "mentioned_users": null,
    "date_extracted": "2025-04-05T21:07:24.621169"
  },
  {
    "platform": "Teams",
    "chat_id": "1631630512258",
    "chat_from": "LaQuanda Murray",
    "channel": "OLD - Client / Business Development / CALL NOTES",
    "message": "Chuck Adams , Melissa Neu - Hi Chuck & Melissa, set up notes for our call with Charles Bank today, just sent am email with background to move to top of inboxes",
    "thread_id": null,
    "timestamp": "2021-09-14T14:41:52.258Z",
    "mentioned_users": null,
    "date_extracted": "2025-04-05T21:07:24.621646"
  },
  {
    "platform": "Teams",
    "chat_id": "1633097553778",
    "chat_from": "Melissa Neu",
    "channel": "OLD - Client / Business Development / Mailing List",
    "message": "LaQuanda Murray FYI - I've removed the translations, resumes, and conducted general cleanup",
    "thread_id": null,
    "timestamp": "2021-10-01T14:12:33.778Z",
    "mentioned_users": null,
    "date_extracted": "2025-04-05T21:07:18.029041"
  },
  {
    "platform": "Teams",
    "chat_id": "1622128103737",
    "chat_from": "LaQuanda Murray",
    "channel": "OLD - Client / Business Development / TRENDS BEING HEARD BY LQ AND MELISSA DURING SALES",
    "message": "Monica Marcel - testing this",
    "thread_id": null,
    "timestamp": "2021-05-27T15:08:23.737Z",
    "mentioned_users": null,
    "date_extracted": "2025-04-05T21:07:30.285602"
  },
  {
    "platform": "Teams",
    "chat_id": "1622127849508",
    "chat_from": "Monica Marcel",
    "channel": "OLD - Client / Business Development / TRENDS BEING HEARD BY LQ AND MELISSA DURING SALES",
    "message": "5/26/2021 -- WW asked what we have for senior leaders on bias/inclusion that is 1 hour",
    "thread_id": null,
    "timestamp": "2021-05-27T15:04:09.508Z",
    "mentioned_users": null,
    "date_extracted": "2025-04-05T21:07:30.285773"
  },
  {
    "platform": "Teams",
    "chat_id": "1639582603029",
    "chat_from": "Melissa Neu",
    "channel": "OLD - Client / Business Development / FAQs asked over emails and during sales",
    "message": "IDI QUESTIONS on group debriefs. If the debrief is built into the program, use the course session guidance regarding attendance. If the debrief is sold stand-alone, the ideal group size is 25. In some cases, this can be pushed up to 100 - but this would need to be evaluated on a case-by-case basis.",
    "thread_id": null,
    "timestamp": "2021-12-15T15:36:43.029Z",
    "mentioned_users": null,
    "date_extracted": "2025-04-05T21:07:36.150410"
  },
  {
    "platform": "Teams",
    "chat_id": "1633541213710",
    "chat_from": "LaQuanda Murray",
    "channel": "OLD - Client / Business Development / FAQs asked over emails and during sales",
    "message": "I have a couple questions for you regarding LCW\u2019s train-the trainer program. Would Voya need to pay for the site license and the training sessions? Yes, the Train-the-Trainer program consist of two components the site license and the TTT sessions. The site licenses are priced as follows: - Content for 1-2 hr courses \u200b- $35,000 per course - Content for 3-8 hr courses \u200b- $60,000 per course Then the cost of the TTT training session is additional. See below for details on 1 vs 2 day TTT training sessions. NOTE - Site licenses are not currently available for some courses including LCW Cultural Immersions and select Cultural Competence Workshops-but if you have great interest in those, we can talk about doing those if the total spend is large enough (i.e. over $1.5m) What is the difference between the one & two day sessions? Would that be a decision we make on which one we go with? Is there a maximum number of trainers we can have trained for the fee? The difference between the one & two day sessions is based on the length of the content. Details and investment amounts: - One Day TTT Program (for 1-2 hr courses) - $20,000 - INCLUDES: Live Course Delivery + Walkthrough of each piece of content + Teachbacks - Two Day TTT Program (for 3-8 hr courses) - $40,000 - INCLUDES: Day 1: Live Course Delivery + Walkthrough of each piece of content\u200b with Q&A and Day 2 : Teachbacks, practice, and Q&A - LCW can accom m odate up to 10 candidate trainers in each session. Did you provide me with a cost for our Unconscious Bias training (4 hour session)? An off-the-shelf 4-hour session with two facilitators delivering LCW\u2019s UB content is $15,000. Additional Workshop Customizations to adapt content to client\u2019s specific audience (e.g., industry, region, country, or global) or learning objectives are available. When being designed for a firm wide rollout, the typical cost is about $20k for the customization of a \u2018global\u2019 version. Additional customizations for specific world regions or parts of the business range are typically starting at $3,000",
    "thread_id": null,
    "timestamp": "2021-10-06T17:26:53.71Z",
    "mentioned_users": null,
    "date_extracted": "2025-04-05T21:07:36.209285"
  },
  {
    "platform": "Teams",
    "chat_id": "1633553429514",
    "chat_from": "LaQuanda Murray",
    "channel": "OLD - Client / Business Development / FAQs asked over emails and during sales",
    "message": "IDI Administrators",
    "thread_id": null,
    "timestamp": "2021-10-06T20:50:29.514Z",
    "mentioned_users": null,
    "date_extracted": "2025-04-05T21:07:36.209478"
  },
  {
    "platform": "Teams",
    "chat_id": "1630343127614",
    "chat_from": "LaQuanda Murray",
    "channel": "OLD - Client / Business Development / FAQs asked over emails and during sales",
    "message": "Chuck Adams - Clients have asked how do we evaluate our courses, on the weekly training call today (8/30) you talked about level 1 reaction, level 2 reaction for learning, level 3 your behavior changed and is measurable and observable and level 4 results - ROI - impact on the business, the Kirkpatrick's Model. Would love to develop a broad overview LCW slide similar to the Kirkpatrick one so we can provide a snapshot if needed in a deck, i have included some examples of level 1 in some decks, but would love to build out a few predesigned sales slides and have some cheat notes for pricing around the various levels. cc: Melissa Neu , Monica Marcel",
    "thread_id": null,
    "timestamp": "2021-08-30T17:05:27.614Z",
    "mentioned_users": null,
    "date_extracted": "2025-04-05T21:07:36.210038"
  },
  {
    "platform": "Teams",
    "chat_id": "1629999253210",
    "chat_from": "LaQuanda Murray",
    "channel": "OLD - Client / Business Development / FAQs asked over emails and during sales",
    "message": "Monica Marcel - During a Exploratory Call with Wiley on 8/25, the client asked if we were a certified women or minority owned business. I'd like to recommend that we get our https://www.wbenc.org/certification/ (https://www.wbenc.org/certification/) (Women Business Enterprise Certification) - LaQ & Melissa Neu",
    "thread_id": null,
    "timestamp": "2021-08-26T17:34:13.21Z",
    "mentioned_users": null,
    "date_extracted": "2025-04-05T21:07:36.210603"
  },
  {
    "platform": "Teams",
    "chat_id": "1629748754763",
    "chat_from": "Melissa Neu",
    "channel": "OLD - Client / Business Development / FAQs asked over emails and during sales",
    "message": "What is your ideal cohort size if delivered virtually vs. in person? LCW Response: Ideal cohort is 25 person, virtually or online.",
    "thread_id": null,
    "timestamp": "2021-08-23T19:59:14.763Z",
    "mentioned_users": null,
    "date_extracted": "2025-04-05T21:07:36.212162"
  },
  {
    "platform": "Teams",
    "chat_id": "1629748732242",
    "chat_from": "Melissa Neu",
    "channel": "OLD - Client / Business Development / FAQs asked over emails and during sales",
    "message": "Would like more information on \u2018boost\u2019 learning or how you support solidification of knowledge into long-term memory through targeted reminders or questions after the learning event. Do you have a support mechanism in place for boost learning? LCW Response: Depending on the budget, content and rollout strategy, we have a host of \u2018boost\u2019 learning support ranging from: - pre-scripted \u201cEveryday Inclusion Tips\u201d for leaders to push out via email, to self-discovery - 8 weeks of Behavior Boosts including Reminders and activities to reinforce and practice areas for development identified in previous learning. Received by email, text message, or other client digital channel, for a period of 8 weeks post-course. - Discovery & Practice Guide (for intact teams): Problem-solving and practice tool that will help teams work together to root out unconscious bias and develop concrete conscious inclusion solutions",
    "thread_id": null,
    "timestamp": "2021-08-23T19:58:52.242Z",
    "mentioned_users": null,
    "date_extracted": "2025-04-05T21:07:36.213213"
  },
  {
    "platform": "Teams",
    "chat_id": "1629748633225",
    "chat_from": "Melissa Neu",
    "channel": "OLD - Client / Business Development / FAQs asked over emails and during sales",
    "message": "Do you have other examples of learner engagement built into the design of the content other than polls and breakouts? Interested to learn more about the design concepts that foster retention in the sessions or see a high level DD to understand the content flow, Learning Objectives and learner motivation/engagement points. LCW Response: In the live facilitated sessions, we also use onscreen animation for example (see below), as well as videos and audio case studies as well as Slido word clouds, and more. Which specific levers we use depend on the course content, objectives, etc.",
    "thread_id": null,
    "timestamp": "2021-08-23T19:57:13.225Z",
    "mentioned_users": null,
    "date_extracted": "2025-04-05T21:07:36.213705"
  },
  {
    "platform": "Teams",
    "chat_id": "1629748577370",
    "chat_from": "Melissa Neu",
    "channel": "OLD - Client / Business Development / FAQs asked over emails and during sales",
    "message": "Since we\u2019re unsure of what our approach to the workplace will be in 2022, is it possible to provide a hybrid model for this? As in\u2026most cohorts would be virtual (we\u2019d imagine), but there may be a population who have returned to work in some way\u2026is it possible to do a cohort or two in-person or is it just one modality? LCW Response: Yes, this is possible. The pricing will just vary depending on the modality.",
    "thread_id": null,
    "timestamp": "2021-08-23T19:56:17.37Z",
    "mentioned_users": null,
    "date_extracted": "2025-04-05T21:07:36.214136"
  },
  {
    "platform": "Teams",
    "chat_id": "1629748561525",
    "chat_from": "Melissa Neu",
    "channel": "OLD - Client / Business Development / FAQs asked over emails and during sales",
    "message": "There was mention of breaking down the supporting material by level, one set for individual contributors and one for people leaders. Would the course content be approached that way or just the performance support content? LCW Response: Depending on the roll out strategy, if people leaders are trained separately from individual contributors, facilitated content is best when tailored for the specific level of the participant such as people leaders.",
    "thread_id": null,
    "timestamp": "2021-08-23T19:56:01.525Z",
    "mentioned_users": null,
    "date_extracted": "2025-04-05T21:07:36.214603"
  },
  {
    "platform": "Teams",
    "chat_id": "1629748542967",
    "chat_from": "Melissa Neu",
    "channel": "OLD - Client / Business Development / FAQs asked over emails and during sales",
    "message": "Can we get a sample IDI report output? I\u2019d be interested to see how in-depth it gets, as well as what is actionable from it. LCW Response - Here are three sample report outputs: 1) Individual Profile Report; 2) Individual\u2019s personal Intercultural Development Plan; 3) Group Profile Report",
    "thread_id": null,
    "timestamp": "2021-08-23T19:55:42.967Z",
    "mentioned_users": null,
    "date_extracted": "2025-04-05T21:07:36.215033"
  },
  {
    "platform": "Teams",
    "chat_id": "1629748520862",
    "chat_from": "Melissa Neu",
    "channel": "OLD - Client / Business Development / FAQs asked over emails and during sales",
    "message": "Are all of the performance support assets LCW proprietary content, or are these available in a marketplace like LiL? a. If proprietary \u2013 would they integrate into our LMS for tracking, or would the learner need to sign in to another external system for access? IF that is the case, need a larger discussion on learner experience and monitoring. LCW Response - Best option: site licenses allow you to host any of our modules on your own LMS",
    "thread_id": null,
    "timestamp": "2021-08-23T19:55:20.862Z",
    "mentioned_users": null,
    "date_extracted": "2025-04-05T21:07:36.215629"
  },
  {
    "platform": "Teams",
    "chat_id": "1628690356332",
    "chat_from": "LaQuanda Murray",
    "channel": "OLD - Client / Business Development / FAQs asked over emails and during sales",
    "message": "How does LCW prepare folks who are going to take the IDI, what is done in advance of the link being sent? Special communication (do we have a template) or a session?",
    "thread_id": null,
    "timestamp": "2021-08-11T13:59:16.332Z",
    "mentioned_users": null,
    "date_extracted": "2025-04-05T21:07:36.215788"
  },
  {
    "platform": "Teams",
    "chat_id": "1623294193871",
    "chat_from": "LaQuanda Murray",
    "channel": "OLD - Client / Business Development / FAQs asked over emails and during sales",
    "message": "Is there a cost difference between virtual and in-person training?",
    "thread_id": null,
    "timestamp": "2021-06-10T03:03:13.871Z",
    "mentioned_users": null,
    "date_extracted": "2025-04-05T21:07:36.216065"
  },
  {
    "platform": "Teams",
    "chat_id": "1623291938791",
    "chat_from": "LaQuanda Murray",
    "channel": "OLD - Client / Business Development / FAQs asked over emails and during sales",
    "message": "Will we have the ability to select trainers (all levels), can we interview? Are there different levels or titles of trainers, and are there different costs if so? How do you differentiate trainers who interact with executive level?",
    "thread_id": null,
    "timestamp": "2021-06-10T02:25:38.791Z",
    "mentioned_users": null,
    "date_extracted": "2025-04-05T21:07:36.217012"
  },
  {
    "platform": "Teams",
    "chat_id": "1623097216793",
    "chat_from": "Monica Marcel",
    "channel": "OLD - Client / Business Development / FAQs asked over emails and during sales",
    "message": "What is the fee for new course creation?",
    "thread_id": null,
    "timestamp": "2021-06-07T20:20:16.793Z",
    "mentioned_users": null,
    "date_extracted": "2025-04-05T21:07:36.217160"
  },
  {
    "platform": "Teams",
    "chat_id": "1622817817618",
    "chat_from": "Melissa Neu",
    "channel": "OLD - Client / Business Development / FAQs asked over emails and during sales",
    "message": "Will LCW provide updated content to all Enterprise license holders? - We will absolutely provide updates if there is an error in the content. If content is updated for other improvements, sharing this with enterprise license holders will be reviewed on a case-by-case basis.",
    "thread_id": null,
    "timestamp": "2021-06-04T14:43:37.618Z",
    "mentioned_users": null,
    "date_extracted": "2025-04-05T21:07:36.217742"
  },
  {
    "platform": "Teams",
    "chat_id": "1622817547111",
    "chat_from": "Melissa Neu",
    "channel": "OLD - Client / Business Development / FAQs asked over emails and during sales",
    "message": "What are the differences between these courses? - Managing Bias is the Workplace is for Individual Contributors - It assumes in the group that there is a chunk of non-managers. - Individual contributors and non-managers should not be in same succession because this creates a greater awareness of inherent organizational issues with hiring. - Leaders would only go through this program if goal were to have a common conversation \u2013 will only address things that everyone can touch. - Does not solve for any leadership issues. - Managing Bias in Talent Management - The general course that illumines bias and all the way that impacts people decisions. - Covers hiring, team meetings, performance reviews. - Managing Bias in Talent Review - Only for leaders doing succession planning and making more strategic hiring decisions. Ideally, put leaders through Managing Bias is the Workplace and Managing Bias in Talent Management . The opportunity for both allows leaders to understand what followers are learning and learn Managing Bias in Talent Management is best approach.",
    "thread_id": null,
    "timestamp": "2021-06-04T14:39:07.111Z",
    "mentioned_users": null,
    "date_extracted": "2025-04-05T21:07:36.220221"
  },
  {
    "platform": "Teams",
    "chat_id": "1626204697494",
    "chat_from": "Melissa Neu",
    "channel": "OLD - Client / Business Development / General",
    "message": "Added a new tab at the top of this channel. Here's a link.",
    "thread_id": null,
    "timestamp": "2021-07-13T19:31:37.494Z",
    "mentioned_users": null,
    "date_extracted": "2025-04-05T21:07:41.277430"
  },
  {
    "platform": "Teams",
    "chat_id": "1626204553671",
    "chat_from": "Melissa Neu",
    "channel": "OLD - Client / Business Development / General",
    "message": "Added a new tab at the top of this channel. Here's a link.",
    "thread_id": null,
    "timestamp": "2021-07-13T19:29:13.671Z",
    "mentioned_users": null,
    "date_extracted": "2025-04-05T21:07:41.277717"
  }
]