[
  {
    "platform": "Teams",
    "chat_id": "1683733582139",
    "chat_from": "Kelly Salek",
    "channel": "LCW Leadership Team (LT) / General",
    "message": "LCW Leadership Team (LT) Here is the sample template that Chuck and I are working off of...this is not the final Design Ideas slide...feel free to use.",
    "thread_id": null,
    "timestamp": "2023-05-10T15:46:22.139Z",
    "mentioned_users": null,
    "date_extracted": "2025-04-05T21:09:35.927722"
  },
  {
    "platform": "Teams",
    "chat_id": "1669756698630",
    "chat_from": "Briza Cardenas",
    "channel": "LCW Leadership Team (LT) / General",
    "message": "Hi LT! If you wanted to look over the deck Jennifer shared last week on the Financial Review of Profit Sharing, you can find it in this channel under Files.",
    "thread_id": null,
    "timestamp": "2022-11-29T21:18:18.63Z",
    "mentioned_users": null,
    "date_extracted": "2025-04-05T21:09:35.927859"
  },
  {
    "platform": "Teams",
    "chat_id": "1669649272203",
    "chat_from": "Briza Cardenas",
    "channel": "LCW Leadership Team (LT) / General",
    "message": "Morning! If you can think of any potential topics LCW can speak on at the 2023 Forum Workplace Inclusion conference before 11am CST on today please email me directly . Alisa is meeting with Steven Humerickhouse today at 12:30pm CST.",
    "thread_id": null,
    "timestamp": "2022-11-28T15:27:52.203Z",
    "mentioned_users": null,
    "date_extracted": "2025-04-05T21:09:35.928198"
  },
  {
    "platform": "Teams",
    "chat_id": "1669228020667",
    "chat_from": "Briza Cardenas",
    "channel": "LCW Leadership Team (LT) / General",
    "message": "In addition to the two asks that came from yesterday's meeting, please email me directly any potential topics LCW can speak on at the 2023 Forum Workplace Inclusion conference before 10am CST on Monday morning. Alisa is meeting with Steven Humerickhouse on Monday 11/28. 2 asks came from yesterday's LT meeting. - Please review the 2DAYSMOOD survey results deck and provide any feedback/recommendations, specifically to sections #3 & #5 by Tuesday, November 29 th (we can work off this email chain) The Culture team plans to share this with the whole staff at our next All Staff meeting on December 5 th . - Please reach out to your direct reports and collect the two folks they would like to get reviewed by (one person inside their department, one person outside their department) and email Chuck directly with those names by Tuesday, November 29 th . Zenefits will automatically email everyone their performance reviews on November 30 th . Things to look forward to: The due date for folks to complete the performance reviews is Thursday, December 15 th . I will schedule the Step 2 to the performance review process for the week of December 19 th .",
    "thread_id": null,
    "timestamp": "2022-11-23T18:27:00.667Z",
    "mentioned_users": null,
    "date_extracted": "2025-04-05T21:09:35.929324"
  },
  {
    "platform": "Teams",
    "chat_id": "1669227614293",
    "chat_from": "Briza Cardenas",
    "channel": "LCW Leadership Team (LT) / General",
    "message": "Hello LT! I realized there wasn't an LT space set up in Teams so here we are. I've uploaded the recording from yesterday's meeting in the files section up above.",
    "thread_id": null,
    "timestamp": "2022-11-23T18:20:14.293Z",
    "mentioned_users": null,
    "date_extracted": "2025-04-05T21:09:35.929433"
  },
  {
    "platform": "Teams",
    "chat_id": "1670437731889",
    "chat_from": "Chuck Adams",
    "channel": "Strategic Goals and KPIs / General",
    "message": "Strategy defines where we start 2022 - Improve systems and standards - Maintain or exceed 2021 sales - Recurring revenue products - Client journey map - Further develop teams cultural competence Strategic Priorities - Deepen existing client relationships - QBRs or end of year client reviews for consultants (once a month maybe) - Sending out regular invitations to public sessions and product bundles - Is there a measure of increased revenue YOY, QOQ per client? - - Number of internal client contacts? We don't track this now. - Number of products sold to clients? - Create recurring revenue streams - Drive new sales - Achieving wellness - Achieve operation excellence",
    "thread_id": null,
    "timestamp": "2022-12-07T18:28:51.889Z",
    "mentioned_users": null,
    "date_extracted": "2025-04-05T21:09:36.266124"
  },
  {
    "platform": "Teams",
    "chat_id": "1664584158572",
    "chat_from": "Jennifer Barbieri",
    "channel": "Finances LCW Old/New / Old LCW 2022",
    "message": "Review Profit sharing on prepaid invoices",
    "thread_id": null,
    "timestamp": "2022-10-01T00:29:18.572Z",
    "mentioned_users": null,
    "date_extracted": "2025-04-05T21:09:36.331756"
  },
  {
    "platform": "Teams",
    "chat_id": "1664576907106",
    "chat_from": "Alisa Kolodizner",
    "channel": "Finances LCW Old/New / Old LCW 2022",
    "message": "Reconciliation and Closing entries for Randy/Monica",
    "thread_id": null,
    "timestamp": "2022-09-30T22:28:27.106Z",
    "mentioned_users": null,
    "date_extracted": "2025-04-05T21:09:36.331971"
  },
  {
    "platform": "Teams",
    "chat_id": "1664576287374",
    "chat_from": "Alisa Kolodizner",
    "channel": "Finances LCW Old/New / New LCW",
    "message": "I added a tab at the top of this channel. Check it out!",
    "thread_id": null,
    "timestamp": "2022-09-30T22:18:07.374Z",
    "mentioned_users": null,
    "date_extracted": "2025-04-05T21:09:36.511744"
  },
  {
    "platform": "Teams",
    "chat_id": "1666898876729",
    "chat_from": "Jake Pieczynski",
    "channel": "Marketing and Communications / General",
    "message": "I added a tab at the top of this channel. Check it out!",
    "thread_id": null,
    "timestamp": "2022-10-27T19:27:56.729Z",
    "mentioned_users": null,
    "date_extracted": "2025-04-05T21:09:36.817013"
  },
  {
    "platform": "Teams",
    "chat_id": "1666012091703",
    "chat_from": "Hannah Strack",
    "channel": "Marketing and Communications / General",
    "message": "Hi There! Melissa asked me to join this channel but she had it listed as \"Marketing Communications\" not \"Marketing and Communications\". Just making sure this is the right channel!",
    "thread_id": null,
    "timestamp": "2022-10-17T13:08:11.703Z",
    "mentioned_users": null,
    "date_extracted": "2025-04-05T21:09:36.817152"
  },
  {
    "platform": "Teams",
    "chat_id": "1665599026846",
    "chat_from": "Jake Pieczynski",
    "channel": "Marketing and Communications / General",
    "message": "I added a tab at the top of this channel. Check it out!",
    "thread_id": null,
    "timestamp": "2022-10-12T18:23:46.846Z",
    "mentioned_users": null,
    "date_extracted": "2025-04-05T21:09:36.817302"
  },
  {
    "platform": "Teams",
    "chat_id": "1657722647436",
    "chat_from": "Jake Pieczynski",
    "channel": "Marketing and Communications / General",
    "message": "I added a tab at the top of this channel. Check it out!",
    "thread_id": null,
    "timestamp": "2022-07-13T14:30:47.436Z",
    "mentioned_users": null,
    "date_extracted": "2025-04-05T21:09:36.817447"
  },
  {
    "platform": "Teams",
    "chat_id": "1671207977934",
    "chat_from": "Briza Cardenas",
    "channel": "LCW Executive Leadership Team (XLT) / General",
    "message": "Morning XLT. On Tuesday you should've received an email from Goody, the gifting platform we will be using in 2023. I created department groups to track and have data to look back on as you start sending gifts to your teams throughout the year. Once you accept my invitation and create your account I'll make you a manager to give you access to send folks gifts through that platform. Before this year ends, I'll send a note to the whole team letting them know a little more about the Goody site and how it works.",
    "thread_id": null,
    "timestamp": "2022-12-16T16:26:17.934Z",
    "mentioned_users": null,
    "date_extracted": "2025-04-05T21:09:37.743549"
  },
  {
    "platform": "Teams",
    "chat_id": "1663085380611",
    "chat_from": "Briza Cardenas",
    "channel": "LCW Executive Leadership Team (XLT) / General",
    "message": "XLT Agenda 9/13/2022 - Schedule meetings with teams to go over Handbook changes - Discussing speaking engagements - Hiring, onboarding, offboarding updates - Leadership Training \u2013 External training on pause. Chapter 1-3 book discussion coming in September. - PTO Policy: Current PTO usage? Options: - No buy out - force people use it or leave it - Unlimited - but no more than 2 weeks in a row, manager approval needed - https://www.shrm.org/resourcesandtools/hr-topics/benefits/pages/4-lessons-about-unlimited-vacation.aspx (https://www.shrm.org/resourcesandtools/hr-topics/benefits/pages/4-lessons-about-unlimited-vacation.aspx) - https://www.indeed.com/hire/c/info/unlimited-vacation-policy?gclid=CjwKCAjwiJqWBhBdEiwAtESPaJDxZxzcofesGlmx70HbZ7wvO6eLTDvKHak3m8vTepAfSky6J2wlzxoCZRgQAvD_BwE&aceid= (https://www.indeed.com/hire/c/info/unlimited-vacation-policy?gclid=CjwKCAjwiJqWBhBdEiwAtESPaJDxZxzcofesGlmx70HbZ7wvO6eLTDvKHak3m8vTepAfSky6J2wlzxoCZRgQAvD_BwE&aceid=) - Giving Back Establishing a foundation to give back to the community - HBCU/PBI - Minority/Women entrepreneurial orgs - Trevor Project - Innocence Project",
    "thread_id": null,
    "timestamp": "2022-09-13T16:09:40.611Z",
    "mentioned_users": null,
    "date_extracted": "2025-04-05T21:09:37.746329"
  },
  {
    "platform": "Teams",
    "chat_id": "1662487186899",
    "chat_from": "Briza Cardenas",
    "channel": "LCW Executive Leadership Team (XLT) / General",
    "message": "XLT Agenda 9/6/2022: - Q3 Townhall debrief - Discussing retirement updates (401K from Simple IRA) - Forming Department KPI's (Chuck can share what he is building in with CLT team) - Overarching 2023 goals",
    "thread_id": null,
    "timestamp": "2022-09-06T17:59:46.899Z",
    "mentioned_users": null,
    "date_extracted": "2025-04-05T21:09:37.746809"
  },
  {
    "platform": "Teams",
    "chat_id": "1661277872731",
    "chat_from": "Briza Cardenas",
    "channel": "LCW Executive Leadership Team (XLT) / General",
    "message": "XLT Agenda 8/23/2022 - Deck for Upcoming All Staff (state of the Company) - eLearning sales to close out the year - Status on Hiring and proactive engagement for incoming business to LCW \u2013 Sales associates in October of Q4 - In-Person Training Premium - a discussion - 4+ Hours - less cost - Less than 4 hours more premium - Leadership Training \u2013 External training on pause. Chapter 1-3 book discussion coming in September. - PTO Policy: Current PTO usage? Options: - - No buy out - force people use it or leave it - Unlimited - but no more than 2 weeks in a row, manager approval needed - https://www.shrm.org/resourcesandtools/hr-topics/benefits/pages/4-lessons-about-unlimited-vacation.aspx (https://www.shrm.org/resourcesandtools/hr-topics/benefits/pages/4-lessons-about-unlimited-vacation.aspx) - https://www.indeed.com/hire/c/info/unlimited-vacation-policy?gclid=CjwKCAjwiJqWBhBdEiwAtESPaJDxZxzcofesGlmx70HbZ7wvO6eLTDvKHak3m8vTepAfSky6J2wlzxoCZRgQAvD_BwE&aceid= (https://www.indeed.com/hire/c/info/unlimited-vacation-policy?gclid=CjwKCAjwiJqWBhBdEiwAtESPaJDxZxzcofesGlmx70HbZ7wvO6eLTDvKHak3m8vTepAfSky6J2wlzxoCZRgQAvD_BwE&aceid=) - Giving Back Establishing a foundation to give back to the community - HBCU/PBI - Minority/Women entrepreneurial orgs - Trevor Project - Innocence Project - Hiring ex-offenders",
    "thread_id": null,
    "timestamp": "2022-08-23T18:04:32.731Z",
    "mentioned_users": null,
    "date_extracted": "2025-04-05T21:09:37.750286"
  },
  {
    "platform": "Teams",
    "chat_id": "1658858100202",
    "chat_from": "Briza Cardenas",
    "channel": "LCW Executive Leadership Team (XLT) / General",
    "message": "",
    "thread_id": null,
    "timestamp": "2022-07-26T17:55:00.202Z",
    "mentioned_users": null,
    "date_extracted": "2025-04-05T21:09:37.750408"
  },
  {
    "platform": "Teams",
    "chat_id": "1657817098089",
    "chat_from": "Nicole Barile",
    "channel": "LCW Executive Leadership Team (XLT) / General",
    "message": "I added a tab at the top of this channel. Check it out!",
    "thread_id": null,
    "timestamp": "2022-07-14T16:44:58.089Z",
    "mentioned_users": null,
    "date_extracted": "2025-04-05T21:09:37.750540"
  },
  {
    "platform": "Teams",
    "chat_id": "1656426179603",
    "chat_from": "Nicole Barile",
    "channel": "LCW Executive Leadership Team (XLT) / General",
    "message": "Maybe we reorder the kanban by team/dept?",
    "thread_id": null,
    "timestamp": "2022-06-28T14:22:59.603Z",
    "mentioned_users": null,
    "date_extracted": "2025-04-05T21:09:37.750631"
  },
  {
    "platform": "Teams",
    "chat_id": "1655217189937",
    "chat_from": "Nicole Barile",
    "channel": "LCW Executive Leadership Team (XLT) / General",
    "message": "FYI, I'm adding tasks to the Task Assignments tab in this channel. I'm trying to give all of the task visibility. Please add your large tasks/projects here (and edit anything I may have entered incorrectly). I am tagging thins by dept & adding an owner.",
    "thread_id": null,
    "timestamp": "2022-06-14T14:33:09.937Z",
    "mentioned_users": null,
    "date_extracted": "2025-04-05T21:09:37.750734"
  },
  {
    "platform": "Teams",
    "chat_id": "1655214372049",
    "chat_from": "Nicole Barile",
    "channel": "LCW Executive Leadership Team (XLT) / General",
    "message": "An FYI that the marketing intern, Robert Moore, will be starting June 21 (next week). He is all ready to go. Randy will be working with Kendall to get Robert a computer asap. Robert will be with us through August 12.",
    "thread_id": null,
    "timestamp": "2022-06-14T13:46:12.049Z",
    "mentioned_users": null,
    "date_extracted": "2025-04-05T21:09:37.750827"
  },
  {
    "platform": "Teams",
    "chat_id": "1652989079672",
    "chat_from": "Chuck Adams",
    "channel": "LCW Executive Leadership Team (XLT) / General",
    "message": "- Option - Hire a training administrator to handle scheduling, vendor management (training/consulting), and internal training. - Addresses previously identified vulnerability - Getting PAs and consulting agreement signed, as well as recording other information. - Start as a contractor - part time Thoughts?",
    "thread_id": null,
    "timestamp": "2022-05-19T19:37:59.672Z",
    "mentioned_users": null,
    "date_extracted": "2025-04-05T21:09:37.751416"
  },
  {
    "platform": "Teams",
    "chat_id": "1652989163861",
    "chat_from": "Chuck Adams",
    "channel": "LCW Executive Leadership Team (XLT) / General",
    "message": "Added a new tab at the top of this channel. Here's a link.",
    "thread_id": null,
    "timestamp": "2022-05-19T19:39:23.861Z",
    "mentioned_users": null,
    "date_extracted": "2025-04-05T21:09:37.751546"
  },
  {
    "platform": "Teams",
    "chat_id": "1672927365733",
    "chat_from": "Hannah Strack",
    "channel": "Business Development Team / Ideation and Current Trends\ud83d\udce2",
    "message": "https://teambookapp.com/blog/new-clients-consulting-agency/ (https://teambookapp.com/blog/new-clients-consulting-agency/)",
    "thread_id": null,
    "timestamp": "2023-01-05T14:02:45.733Z",
    "mentioned_users": null,
    "date_extracted": "2025-04-05T21:09:36.175529"
  },
  {
    "platform": "Teams",
    "chat_id": "1672927348247",
    "chat_from": "Hannah Strack",
    "channel": "Business Development Team / Ideation and Current Trends\ud83d\udce2",
    "message": "I'm just sticking a few articles here about converting leads and finding prospects that might or might not be useful. https://www.pipedrive.com/en/blog/find-right-prospects#does-the-prospect-look-like-your-best-customers (https://www.pipedrive.com/en/blog/find-right-prospects#does-the-prospect-look-like-your-best-customers)",
    "thread_id": null,
    "timestamp": "2023-01-05T14:02:28.247Z",
    "mentioned_users": null,
    "date_extracted": "2025-04-05T21:09:36.175956"
  },
  {
    "platform": "Teams",
    "chat_id": "1647443903601",
    "chat_from": "Andrea Wicks Bowles",
    "channel": "Scoro/Compass / Your Scoro Ideas",
    "message": "Thank you for the Pricing chart. Going forward, we might want to add\"last updated\" date, onto forms we use. That way we will know what is current... And can replace the old version we have saved. Cheers~",
    "thread_id": null,
    "timestamp": "2022-03-16T15:18:23.601Z",
    "mentioned_users": null,
    "date_extracted": "2025-04-05T21:09:34.314114"
  },
  {
    "platform": "Teams",
    "chat_id": "1644961132793",
    "chat_from": "Nicole Barile",
    "channel": "Scoro/Compass / Your Scoro Ideas",
    "message": "Added a new tab at the top of this channel. Here's a link.",
    "thread_id": null,
    "timestamp": "2022-02-15T21:38:52.793Z",
    "mentioned_users": null,
    "date_extracted": "2025-04-05T21:09:34.314555"
  },
  {
    "platform": "Teams",
    "chat_id": "1643057894559",
    "chat_from": "Nicole Barile",
    "channel": "Scoro/Compass / Your Scoro Ideas",
    "message": "Add your suggestions and ideas to the TASKS tab (in suggestions/ideas ). Your Scoro squad will review twice a month to prioritize and implement as needed.",
    "thread_id": null,
    "timestamp": "2022-01-24T20:58:14.559Z",
    "mentioned_users": null,
    "date_extracted": "2025-04-05T21:09:34.314979"
  },
  {
    "platform": "Teams",
    "chat_id": "1671553264626",
    "chat_from": "orgid:9a3f4a4c-09ba-4ae3-8296-3a09315bd369",
    "channel": "Scoro/Compass / General",
    "message": "To discuss how to use standard quotes in Compass to sell marketing campaigns (and then in the future perhaps other product bundles).",
    "thread_id": null,
    "timestamp": "2022-12-20T16:21:04.626Z",
    "mentioned_users": null,
    "date_extracted": "2025-04-05T21:10:01.006158"
  },
  {
    "platform": "Teams",
    "chat_id": "1669228895434",
    "chat_from": "orgid:9a3f4a4c-09ba-4ae3-8296-3a09315bd369",
    "channel": "Scoro/Compass / General",
    "message": "30-min weekly calls on various topics: (these calls will be recorded) - Invoicing Hello all, I have been asked by a few folks to do a Compass refresher on invoicing. We will set that up shortly; however, in the meantime, I have updated the below 2 process docs: Invoices in Compass WIP & Prepayment Invoices in Compass_v2 . If you prefer to learn by reading, these should outline the processes in detail for you. If you prefer to learn by doing/watching, then please join the refresher session if you can make it. Thank you! - Nicole",
    "thread_id": null,
    "timestamp": "2022-11-23T18:41:35.434Z",
    "mentioned_users": null,
    "date_extracted": "2025-04-05T21:10:01.007522"
  },
  {
    "platform": "Teams",
    "chat_id": "1662062795355",
    "chat_from": "orgid:9a3f4a4c-09ba-4ae3-8296-3a09315bd369",
    "channel": "Scoro/Compass / General",
    "message": "30-min weekly calls on various topics: (these calls will be recorded) - Working with Multimedia & Translation",
    "thread_id": null,
    "timestamp": "2022-09-01T20:06:35.355Z",
    "mentioned_users": null,
    "date_extracted": "2025-04-05T21:10:01.007987"
  },
  {
    "platform": "Teams",
    "chat_id": "1659974904261",
    "chat_from": "orgid:9a3f4a4c-09ba-4ae3-8296-3a09315bd369",
    "channel": "Scoro/Compass / General",
    "message": "30-min weekly calls on various topics: (these calls will be recorded) - People in Compass",
    "thread_id": null,
    "timestamp": "2022-08-08T16:08:24.261Z",
    "mentioned_users": null,
    "date_extracted": "2025-04-05T21:10:01.008574"
  },
  {
    "platform": "Teams",
    "chat_id": "1659974462487",
    "chat_from": "orgid:9a3f4a4c-09ba-4ae3-8296-3a09315bd369",
    "channel": "Scoro/Compass / General",
    "message": "30-min weekly calls on various topics: (these calls will be recorded) - Companies in Compass",
    "thread_id": null,
    "timestamp": "2022-08-08T16:01:02.487Z",
    "mentioned_users": null,
    "date_extracted": "2025-04-05T21:10:01.009152"
  },
  {
    "platform": "Teams",
    "chat_id": "1659974219695",
    "chat_from": "orgid:9a3f4a4c-09ba-4ae3-8296-3a09315bd369",
    "channel": "Scoro/Compass / General",
    "message": "30-min weekly calls on various topics: (these calls will be recorded) - COGS in Compass",
    "thread_id": null,
    "timestamp": "2022-08-08T15:56:59.695Z",
    "mentioned_users": null,
    "date_extracted": "2025-04-05T21:10:01.009654"
  },
  {
    "platform": "Teams",
    "chat_id": "1658422308496",
    "chat_from": "orgid:9a3f4a4c-09ba-4ae3-8296-3a09315bd369",
    "channel": "Scoro/Compass / General",
    "message": "30-min weekly calls on various topics: (these calls will be recorded) 1. BD to Con handoff",
    "thread_id": null,
    "timestamp": "2022-07-21T16:51:48.496Z",
    "mentioned_users": null,
    "date_extracted": "2025-04-05T21:10:01.009971"
  },
  {
    "platform": "Teams",
    "chat_id": "1658421992466",
    "chat_from": "orgid:9a3f4a4c-09ba-4ae3-8296-3a09315bd369",
    "channel": "Scoro/Compass / General",
    "message": "30-min weekly calls on various topics: (these calls will be recorded) 1. Setting up your dashboard - CLT only",
    "thread_id": null,
    "timestamp": "2022-07-21T16:46:32.466Z",
    "mentioned_users": null,
    "date_extracted": "2025-04-05T21:10:01.011032"
  },
  {
    "platform": "Teams",
    "chat_id": "1658421307350",
    "chat_from": "orgid:9a3f4a4c-09ba-4ae3-8296-3a09315bd369",
    "channel": "Scoro/Compass / General",
    "message": "30-min weekly calls on various topics: (these calls will be recorded) 1. Setting up your dashboard",
    "thread_id": null,
    "timestamp": "2022-07-21T16:35:07.35Z",
    "mentioned_users": null,
    "date_extracted": "2025-04-05T21:10:01.011350"
  },
  {
    "platform": "Teams",
    "chat_id": "1662579543320",
    "chat_from": "Tamara Thorpe",
    "channel": "Scoro/Compass / General",
    "message": "I thought this meeting was happening later. Did I miss the reschedule?",
    "thread_id": null,
    "timestamp": "2022-09-07T19:39:03.32Z",
    "mentioned_users": null,
    "date_extracted": "2025-04-05T21:10:01.011460"
  },
  {
    "platform": "Teams",
    "chat_id": "1657646369766",
    "chat_from": "orgid:9a3f4a4c-09ba-4ae3-8296-3a09315bd369",
    "channel": "Scoro/Compass / General",
    "message": "30-min weekly calls on various topics: (these calls will be recorded) - COGS in Compass",
    "thread_id": null,
    "timestamp": "2022-07-12T17:19:29.766Z",
    "mentioned_users": null,
    "date_extracted": "2025-04-05T21:10:01.011842"
  },
  {
    "platform": "Teams",
    "chat_id": "1657646115379",
    "chat_from": "orgid:9a3f4a4c-09ba-4ae3-8296-3a09315bd369",
    "channel": "Scoro/Compass / General",
    "message": "30-min weekly calls on various topics: (these calls will be recorded) - Customizing content in Compass",
    "thread_id": null,
    "timestamp": "2022-07-12T17:15:15.379Z",
    "mentioned_users": null,
    "date_extracted": "2025-04-05T21:10:01.012260"
  },
  {
    "platform": "Teams",
    "chat_id": "1657645906856",
    "chat_from": "orgid:9a3f4a4c-09ba-4ae3-8296-3a09315bd369",
    "channel": "Scoro/Compass / General",
    "message": "30-min weekly calls on various topics: (these calls will be recorded) - Compass \u2013 Scheduling essentials",
    "thread_id": null,
    "timestamp": "2022-07-12T17:11:46.856Z",
    "mentioned_users": null,
    "date_extracted": "2025-04-05T21:10:01.012661"
  },
  {
    "platform": "Teams",
    "chat_id": "1657645729074",
    "chat_from": "orgid:9a3f4a4c-09ba-4ae3-8296-3a09315bd369",
    "channel": "Scoro/Compass / General",
    "message": "30-min weekly calls on various topics: (these calls will be recorded) - Compass \u2013 Project essentials",
    "thread_id": null,
    "timestamp": "2022-07-12T17:08:49.074Z",
    "mentioned_users": null,
    "date_extracted": "2025-04-05T21:10:01.013037"
  },
  {
    "platform": "Teams",
    "chat_id": "1657645562043",
    "chat_from": "orgid:9a3f4a4c-09ba-4ae3-8296-3a09315bd369",
    "channel": "Scoro/Compass / General",
    "message": "30-min weekly calls on various topics: (these calls will be recorded) - Compass \u2013 SOW essentials",
    "thread_id": null,
    "timestamp": "2022-07-12T17:06:02.043Z",
    "mentioned_users": null,
    "date_extracted": "2025-04-05T21:10:01.013460"
  },
  {
    "platform": "Teams",
    "chat_id": "1657645233694",
    "chat_from": "orgid:9a3f4a4c-09ba-4ae3-8296-3a09315bd369",
    "channel": "Scoro/Compass / General",
    "message": "30-minute Mandatory Compass refresher session for consultants on: - invoicing - where we review basic steps - how to create a prepayment invoice",
    "thread_id": null,
    "timestamp": "2022-07-12T17:00:33.694Z",
    "mentioned_users": null,
    "date_extracted": "2025-04-05T21:10:01.013952"
  },
  {
    "platform": "Teams",
    "chat_id": "1658781566035",
    "chat_from": "Nicole Barile",
    "channel": "Scoro/Compass / General",
    "message": "The process is located in the PROCESSES LIBRARY. Will get back to you all on some of your questions about applying the monies. Thank you!",
    "thread_id": null,
    "timestamp": "2022-07-25T20:39:26.035Z",
    "mentioned_users": null,
    "date_extracted": "2025-04-05T21:10:01.014054"
  },
  {
    "platform": "Teams",
    "chat_id": "1658781527960",
    "chat_from": "Andrea Wicks Bowles",
    "channel": "Scoro/Compass / General",
    "message": "well i caanot get back in",
    "thread_id": null,
    "timestamp": "2022-07-25T20:38:47.96Z",
    "mentioned_users": null,
    "date_extracted": "2025-04-05T21:10:01.014147"
  },
  {
    "platform": "Teams",
    "chat_id": "1658781405084",
    "chat_from": "Tamara Thorpe",
    "channel": "Scoro/Compass / General",
    "message": "",
    "thread_id": null,
    "timestamp": "2022-07-25T20:36:45.084Z",
    "mentioned_users": null,
    "date_extracted": "2025-04-05T21:10:01.014338"
  },
  {
    "platform": "Teams",
    "chat_id": "1647548904702",
    "chat_from": "orgid:9a3f4a4c-09ba-4ae3-8296-3a09315bd369",
    "channel": "Scoro/Compass / General",
    "message": "Hi Team, Please make sure to attend one of the two meeting options that will cover Compass Invoicing OPTION #1: Monday, March 21st at 10a CST OPTION #2: Wednesday, March 23rd at 11a CST Some of you have asked for info on what deliverables should/should not be added to Compass. Here are some guidelines to assist you: - If your open/active SOWs contain deliverables that HAVE been both delivered AND invoiced in prior years (prior to 2022) = You DO NOT need to add those deliverables to Compass - However, IF you choose to add deliverables that have been both delivered and invoiced in prior years, you must create an Invoice in Compass & mark the Accounting Status as \u201cLegacy Invoice\u201d - To create the invoice, from the Quote page select \u201cUse data on quote to Create Invoice.\u201d From here, you will choose \u201cSelect lines for partial invoicing.\u201d This will allow you to select only the deliverables that you need to invoice for. A box will pop up where you will check the deliverables you wish to add to your invoice. After selecting your deliverables, select \u201cProceed\u201d. An Invoice is then created. Since this is a \u201cdummy\u201d invoice, there is no need to edit any information. However, you must select \u201cLegacy Invoice\u201d from the Accounting Status and hit Save. Once you return to your Quote, you will see your invoice under \u201cInvoices.\u201d - For already invoiced items, you can group them all into 1 deliverable if easier (EX: put 100 IDIs on one line or 5 UTBEs on one line) - If your open/active SOWs contain deliverables that HAVE been invoiced but HAVE NOT been delivered = You MUST add deliverables to Compass - You must also create a \u201cPrepayment Invoice\u201d in Compass & mark the Accounting Status as \u201cLegacy Invoice\u201d - To create the prepayment invoice, from the Quote page select \u201cUse date on quote to Create Prepayment Invoice.\u201d From here, you will choose \u201cSelect lines for partial invoicing.\u201d This will allow you to select on the deliverables that you have pre-invoiced for. You can also choose to pre-invoice a percentage of all deliverables. After making your selection, select \u201cProceed.\u201d An Invoice is then created. Since this is a \u201cdummy\u201d invoice, there is no need to edit any information. However, you must select \u201cLegacy Invoice\u201d from the Accounting Status and hit Save. Once you return to your Quote, you will see your invoice under \u201cPrepayment Invoices.\u201d - For already invoiced items, you can group them all into 1 deliverable if easier - If your open/active SOWs contain deliverables that HAVE NOT been invoiced but HAVE been delivered = You MUST add deliverables to Compass",
    "thread_id": null,
    "timestamp": "2022-03-17T20:28:24.702Z",
    "mentioned_users": null,
    "date_extracted": "2025-04-05T21:10:01.016943"
  },
  {
    "platform": "Teams",
    "chat_id": "1647548756905",
    "chat_from": "orgid:9a3f4a4c-09ba-4ae3-8296-3a09315bd369",
    "channel": "Scoro/Compass / General",
    "message": "Hi Team, Please make sure to attend one of the two meeting options that will cover Compass Invoicing OPTION #1: Monday, March 21st at 10a CST OPTION #2: Wednesday, March 23rd at 11a CST Some of you have asked for info on what deliverables should/should not be added to Compass. Here are some guidelines to assist you: - If your open/active SOWs contain deliverables that HAVE been both delivered AND invoiced in prior years (prior to 2022) = You DO NOT need to add those deliverables to Compass - However, IF you choose to add deliverables that have been both delivered and invoiced in prior years, you must create an Invoice in Compass & mark the Accounting Status as \u201cLegacy Invoice\u201d - To create the invoice, from the Quote page select \u201cUse data on quote to Create Invoice.\u201d From here, you will choose \u201cSelect lines for partial invoicing.\u201d This will allow you to select only the deliverables that you need to invoice for. A box will pop up where you will check the deliverables you wish to add to your invoice. After selecting your deliverables, select \u201cProceed\u201d. An Invoice is then created. Since this is a \u201cdummy\u201d invoice, there is no need to edit any information. However, you must select \u201cLegacy Invoice\u201d from the Accounting Status and hit Save. Once you return to your Quote, you will see your invoice under \u201cInvoices.\u201d - For already invoiced items, you can group them all into 1 deliverable if easier (EX: put 100 IDIs on one line or 5 UTBEs on one line) - If your open/active SOWs contain deliverables that HAVE been invoiced but HAVE NOT been delivered = You MUST add deliverables to Compass - You must also create a \u201cPrepayment Invoice\u201d in Compass & mark the Accounting Status as \u201cLegacy Invoice\u201d - To create the prepayment invoice, from the Quote page select \u201cUse date on quote to Create Prepayment Invoice.\u201d From here, you will choose \u201cSelect lines for partial invoicing.\u201d This will allow you to select on the deliverables that you have pre-invoiced for. You can also choose to pre-invoice a percentage of all deliverables. After making your selection, select \u201cProceed.\u201d An Invoice is then created. Since this is a \u201cdummy\u201d invoice, there is no need to edit any information. However, you must select \u201cLegacy Invoice\u201d from the Accounting Status and hit Save. Once you return to your Quote, you will see your invoice under \u201cPrepayment Invoices.\u201d - For already invoiced items, you can group them all into 1 deliverable if easier - If your open/active SOWs contain deliverables that HAVE NOT been invoiced but HAVE been delivered = You MUST add deliverables to Compass",
    "thread_id": null,
    "timestamp": "2022-03-17T20:25:56.905Z",
    "mentioned_users": null,
    "date_extracted": "2025-04-05T21:10:01.019343"
  },
  {
    "platform": "Teams",
    "chat_id": "1647629039287",
    "chat_from": "Nicole Barile",
    "channel": "Scoro/Compass / General",
    "message": "",
    "thread_id": null,
    "timestamp": "2022-03-18T18:43:59.287Z",
    "mentioned_users": null,
    "date_extracted": "2025-04-05T21:10:01.019355"
  },
  {
    "platform": "Teams",
    "chat_id": "1643059231295",
    "chat_from": "orgid:9a3f4a4c-09ba-4ae3-8296-3a09315bd369",
    "channel": "Scoro/Compass / General",
    "message": "Training #7 \u2013 End-to-end workflow from Creating Quote to Invoicing (Consulting focus) Wednesday February 23 rd 11a-11:50a CST",
    "thread_id": null,
    "timestamp": "2022-01-24T21:20:31.295Z",
    "mentioned_users": null,
    "date_extracted": "2025-04-05T21:10:01.019736"
  },
  {
    "platform": "Teams",
    "chat_id": "1643058520511",
    "chat_from": "orgid:9a3f4a4c-09ba-4ae3-8296-3a09315bd369",
    "channel": "Scoro/Compass / General",
    "message": "Training #5 \u2013 External Consultants; Invoicing & Accounting Monday, February 14 th 1p-1:50p CST",
    "thread_id": null,
    "timestamp": "2022-01-24T21:08:40.511Z",
    "mentioned_users": null,
    "date_extracted": "2025-04-05T21:10:01.020133"
  },
  {
    "platform": "Teams",
    "chat_id": "1644602863866",
    "chat_from": "Jeffrey Cookson",
    "channel": "Scoro/Compass / General",
    "message": "",
    "thread_id": null,
    "timestamp": "2022-02-11T18:07:43.866Z",
    "mentioned_users": null,
    "date_extracted": "2025-04-05T21:10:01.020252"
  },
  {
    "platform": "Teams",
    "chat_id": "1644602862544",
    "chat_from": "Jeffrey Cookson",
    "channel": "Scoro/Compass / General",
    "message": "",
    "thread_id": null,
    "timestamp": "2022-02-11T18:07:42.544Z",
    "mentioned_users": null,
    "date_extracted": "2025-04-05T21:10:01.020365"
  },
  {
    "platform": "Teams",
    "chat_id": "1644602862052",
    "chat_from": "Jeffrey Cookson",
    "channel": "Scoro/Compass / General",
    "message": "",
    "thread_id": null,
    "timestamp": "2022-02-11T18:07:42.052Z",
    "mentioned_users": null,
    "date_extracted": "2025-04-05T21:10:01.020924"
  },
  {
    "platform": "Teams",
    "chat_id": "1643058219729",
    "chat_from": "orgid:9a3f4a4c-09ba-4ae3-8296-3a09315bd369",
    "channel": "Scoro/Compass / General",
    "message": "Training #4 \u2013 Creating a Project Wednesday, February 9 th 3p-3:50p CST",
    "thread_id": null,
    "timestamp": "2022-01-24T21:03:39.729Z",
    "mentioned_users": null,
    "date_extracted": "2025-04-05T21:10:01.021266"
  },
  {
    "platform": "Teams",
    "chat_id": "1643057972108",
    "chat_from": "orgid:9a3f4a4c-09ba-4ae3-8296-3a09315bd369",
    "channel": "Scoro/Compass / General",
    "message": "Training #3 \u2013Creating Quotes/SOWs, Handoff from BizDev to Consulting, Pipeline Tuesday, February 8 th 4p-4:50p CST",
    "thread_id": null,
    "timestamp": "2022-01-24T20:59:32.108Z",
    "mentioned_users": null,
    "date_extracted": "2025-04-05T21:10:01.021589"
  },
  {
    "platform": "Teams",
    "chat_id": "1644255724491",
    "chat_from": "Nicole Barile",
    "channel": "Scoro/Compass / General",
    "message": "Added a new tab at the top of this channel. Here's a link.",
    "thread_id": null,
    "timestamp": "2022-02-07T17:42:04.491Z",
    "mentioned_users": null,
    "date_extracted": "2025-04-05T21:10:01.021731"
  },
  {
    "platform": "Teams",
    "chat_id": "1643057487921",
    "chat_from": "orgid:9a3f4a4c-09ba-4ae3-8296-3a09315bd369",
    "channel": "Scoro/Compass / General",
    "message": "Training #2 \u2013 How to add People & Companies Tuesday, Feb. 1 st 4p-4:50p CST",
    "thread_id": null,
    "timestamp": "2022-01-24T20:51:27.921Z",
    "mentioned_users": null,
    "date_extracted": "2025-04-05T21:10:01.022068"
  },
  {
    "platform": "Teams",
    "chat_id": "1643057176678",
    "chat_from": "orgid:9a3f4a4c-09ba-4ae3-8296-3a09315bd369",
    "channel": "Scoro/Compass / General",
    "message": "Training #1 \u2013 Overview of Scoro, Benefits, What to expect over the next few weeks Monday, Jan. 31 st 9a-9:50a CST Agenda: - Chuck \u2013 kickoff - Ada \u2013 benefits of Scoro - Kendall \u2013 activating your account, linking Outlook calendar - Nicole \u2013 what to expect in the coming weeks",
    "thread_id": null,
    "timestamp": "2022-01-24T20:46:16.678Z",
    "mentioned_users": null,
    "date_extracted": "2025-04-05T21:10:01.022856"
  },
  {
    "platform": "Teams",
    "chat_id": "1643058968960",
    "chat_from": "orgid:9a3f4a4c-09ba-4ae3-8296-3a09315bd369",
    "channel": "Scoro/Compass / General",
    "message": "Training #6 \u2013 Customizing Scoro just for you Tuesday, February 15 th 12p-12:50p CST",
    "thread_id": null,
    "timestamp": "2022-01-24T21:16:08.96Z",
    "mentioned_users": null,
    "date_extracted": "2025-04-05T21:10:01.023211"
  }
]