[
  {
    "Event ID": "AAMkAGFhNTEyYmM4LTk0NWMtNDExZC05M2U5LWIyM2Y5ZDNkNDg5YgBGAAAAAAATzb8y8mz4R5uvMsXRTLi5BwDhyduFw1oERK26L8mmFtfWAAAAAAENAADhyduFw1oERK26L8mmFtfWAAGMl_M3AAA=",
    "Tenant ID": "3ca40a42-d72d-43c9-b92e-0740101d9dd3",
    "Organizer": "Bridget Cincotta",
    "Title": "Regional Roundtable: DEI Commitment Roundtable",
    "Description": "-----Original Appointment----- From: Bridget Cincotta Sent: Thursday, November 16, 2023 5:04 PM To: Bridget Cincotta; Daniel Gough; Caterina Ini Ambrogio; Esperanza Fernandez-Palacios Parejo; Mansi Karan; Paula Mateo; roc",
    "Location": "https://languageandculture.zoom.us/j/89489977869",
    "Attendees": {
      "Bridget Cincotta": "required",
      "Almendra Staffa-Healey": "required",
      "almendra.staffahealey@gmail.com": "required",
      "Daniel Gough": "required",
      "Caterina Ini Ambrogio": "required",
      "Esperanza Fernandez-Palacios Parejo": "required",
      "Mansi Karan": "required",
      "Paula Mateo": "required",
      "rocio.rf@eventbrite.com": "required",
      "Sofia Allue San Jose": "required"
    },
    "Virtual": true,
    "Start": "2023-11-29T13:30:00.0000000",
    "End": "2023-11-29T14:30:00.0000000",
    "Date Extracted": "2025-04-07T20:08:53.356135"
  },
  {
    "Event ID": "AAMkAGFhNTEyYmM4LTk0NWMtNDExZC05M2U5LWIyM2Y5ZDNkNDg5YgBGAAAAAAATzb8y8mz4R5uvMsXRTLi5BwDhyduFw1oERK26L8mmFtfWAAAAAAENAADhyduFw1oERK26L8mmFtfWAAFzltHcAAA=",
    "Tenant ID": "3ca40a42-d72d-43c9-b92e-0740101d9dd3",
    "Organizer": "Picariello, Christopher [JJDC]",
    "Title": "You are Invited! The Power of Allyship (Option 1 - OUS focus) ",
    "Description": "-----Original Appointment----- From: Picariello, Christopher [JJDC] Sent: Saturday, September 9, 2023 3:54 PM To: Picariello, Christopher [JJDC]; Daniel Gough; JJDC ALL INVESTING; DL-JJI SAE Cc: Lewis, Elaine [JJDC]; Robbins",
    "Location": "https://languageandculture.zoom.us/j/84335505281",
    "Attendees": {
      "Picariello, Christopher [JJDC]": "required",
      "Almendra Staffa-Healey": "required",
      "Daniel Gough": "required",
      "JJDC ALL INVESTING": "required",
      "DL-JJI SAE": "required",
      "Lewis, Elaine [JJDC]": "optional",
      "Robbins, Debra L. [JJDC]": "optional",
      "SHROFF, MILI [ETHUS]": "optional",
      "MacLaughlin, Fiona [JJDC]": "optional",
      "Evans, Sean [JJDC]": "optional",
      "Okereke, Obi [JRDUS]": "optional",
      "Nakada, Marian [JJDC]": "optional",
      "Walters, Haley [JRDUS]": "optional",
      "Hewitt, Chelsea [JRDUS]": "optional",
      "Hunt, Janelle [US]": "optional",
      "Ondovik, Nancy [JJDC]": "optional",
      "Parikh, Hirak [JJDC]": "optional",
      "Wheeler, Niels [JRDNL]": "optional",
      "Kwan, Verna [JANBE]": "optional",
      "Torres, Edward [JJCUS]": "optional",
      "Xavier, Asish [JJDC]": "optional",
      "Popa, Cosmin victor [RNDBE]": "optional",
      "Imszennik, Brian [JJDC]": "optional",
      "Havas, Adam [JJIUS]": "optional"
    },
    "Virtual": true,
    "Start": "2023-10-16T08:00:00.0000000",
    "End": "2023-10-16T09:30:00.0000000",
    "Date Extracted": "2025-04-07T20:08:53.356248"
  },
  {
    "Event ID": "AAMkAGFhNTEyYmM4LTk0NWMtNDExZC05M2U5LWIyM2Y5ZDNkNDg5YgBGAAAAAAATzb8y8mz4R5uvMsXRTLi5BwDhyduFw1oERK26L8mmFtfWAAAAAAENAADhyduFw1oERK26L8mmFtfWAAFp6rQMAAA=",
    "Tenant ID": "3ca40a42-d72d-43c9-b92e-0740101d9dd3",
    "Organizer": "Muehlmann, Lisa",
    "Title": "DEI Forum Europe: Run-Through Day 1 & Day 2",
    "Description": "-----Original Appointment----- From: Muehlmann, Lisa Sent: Wednesday, September 20, 2023 10:39 AM To: Muehlmann, Lisa; Marchesi, Mariachiara; Daniel Gough Cc: Cornejo Garcia, Stephen R.; Dodson, Jermisha Y.; Lindsay Buchana",
    "Location": "Microsoft Teams Meeting",
    "Attendees": {
      "Muehlmann, Lisa": "required",
      "Almendra Staffa-Healey": "required",
      "pcoleman azworldconnections.com": "required",
      "Ariadne Ferro": "required",
      "Marchesi, Mariachiara": "required",
      "Daniel Gough": "required",
      "Cornejo Garcia, Stephen R.": "optional",
      "Dodson, Jermisha Y.": "optional",
      "Lindsay Buchanan": "optional"
    },
    "Virtual": true,
    "Start": "2023-10-04T14:30:00.0000000",
    "End": "2023-10-04T16:30:00.0000000",
    "Date Extracted": "2025-04-07T20:08:53.356325"
  },
  {
    "Event ID": "AAMkAGFhNTEyYmM4LTk0NWMtNDExZC05M2U5LWIyM2Y5ZDNkNDg5YgBGAAAAAAATzb8y8mz4R5uvMsXRTLi5BwDhyduFw1oERK26L8mmFtfWAAAAAAENAADhyduFw1oERK26L8mmFtfWAAFi-4TlAAA=",
    "Tenant ID": "3ca40a42-d72d-43c9-b92e-0740101d9dd3",
    "Organizer": "Office of The London Innovation Centre",
    "Title": "Understanding Microaggressions ",
    "Description": "https://languageandculture.zoom.us/j/83217071410",
    "Location": "https://languageandculture.zoom.us/j/83217071410; CR-UK-IC-Box (Zoom) (8)",
    "Attendees": {
      "Office of The London Innovation Centre": "required",
      "EMEA JJI DL": "required",
      "Caravotas, Leonidas [JACGB]": "required",
      "Daniel Gough": "required",
      "Almendra Staffa-Healey": "required",
      "Korthout, Tessy [JACNL]": "optional",
      "Huettner-Pumar, Julia [JRDGB]": "optional",
      "Wheeler, Niels [JRDNL]": "optional",
      "Richardson, Toby [JRDGB]": "optional",
      "Burstall, Ruth [GB]": "optional",
      "Witherington, Jason [GB]": "optional",
      "Pike, Kurt [JRDGB]": "optional",
      "Alcaraz, Lilian [JJIEU]": "optional",
      "Fernandez-Kleinlein, Elena [GB]": "optional",
      "Morlet, Laurent [JJIEU]": "optional",
      "Shimabukuro, Luciana [MEDGB]": "optional",
      "Origgi, Marcella [JACIT]": "optional",
      "Popa, Cosmin victor [RNDBE]": "optional",
      "Temanni, Mohamed-Ramzi [JRDFR ]": "optional",
      "Raida, Martin [JACDK]": "optional",
      "Simmen, Kenny [JRDGB]": "optional",
      "Aelbrecht, Tom [JANBE]": "optional",
      "Mohamed, Ahmed [JACGB]": "optional",
      "Cheng, Isaac [JANUS]": "optional",
      "Tierney, Emma [JRDGB Non-J&J]": "optional",
      "Scott, Nerida [JJIEU]": "optional",
      "Mathan, Till [JACNL]": "optional",
      "Velusami, Prabhu [GB]": "optional",
      "Wheeler, Caroline [GB]": "optional",
      "Cenkova, Alena [JJIEU]": "optional",
      "Du Toit, Nicola [JRDGB]": "optional",
      "Gaudin, Aurelie [JRDFR]": "optional",
      "Tzaerli, Marianna [JANBE Non-J&J]": "optional",
      "Soons, Paul [JRDBE]": "optional",
      "Robinson, Lily [JACGB]": "optional",
      "MacLaughlin, Fiona [JJDC]": "optional",
      "Bai, Siau [JACFR]": "optional",
      "H\u00fcbner, Michael [ACTCH]": "optional",
      "Pedrosa, Marco [JJIEU]": "optional",
      "CR-UK-IC-Box (Zoom) (8)": "resource"
    },
    "Virtual": true,
    "Start": "2023-09-25T08:00:00.0000000",
    "End": "2023-09-25T10:00:00.0000000",
    "Date Extracted": "2025-04-07T20:08:53.356398"
  },
  {
    "Event ID": "AAMkAGFhNTEyYmM4LTk0NWMtNDExZC05M2U5LWIyM2Y5ZDNkNDg5YgBGAAAAAAATzb8y8mz4R5uvMsXRTLi5BwDhyduFw1oERK26L8mmFtfWAAAAAAENAADhyduFw1oERK26L8mmFtfWAAFepZwdAAA=",
    "Tenant ID": "3ca40a42-d72d-43c9-b92e-0740101d9dd3",
    "Organizer": "Stenull, Maike [US]",
    "Title": "Understanding Microaggressions (OUS focus)",
    "Description": "",
    "Location": "https://languageandculture.zoom.us/j/83217071410",
    "Attendees": {
      "Stenull, Maike [US]": "required",
      "Almendra Staffa-Healey": "required",
      "Brown, Matthew [US]": "required",
      "Hamill, Julie [JRDUS]": "required",
      "Hsu, Melissa [JJCUS]": "required",
      "Jones, Alexander [DPYUS]": "required",
      "Mutawakil, Saadiya [JJCUS]": "required",
      "PAN, LESLEY [GB]": "required",
      "Rodriguez, Danielle [JJCUS]": "required",
      "Weisel jr, David [JRDUS]": "required",
      "Welch, Jill [US]": "required",
      "Daniel Gough": "required"
    },
    "Virtual": true,
    "Start": "2023-09-25T08:00:00.0000000",
    "End": "2023-09-25T10:00:00.0000000",
    "Date Extracted": "2025-04-07T20:08:53.356440"
  },
  {
    "Event ID": "AAMkAGFhNTEyYmM4LTk0NWMtNDExZC05M2U5LWIyM2Y5ZDNkNDg5YgBGAAAAAAATzb8y8mz4R5uvMsXRTLi5BwDhyduFw1oERK26L8mmFtfWAAAAAAENAADhyduFw1oERK26L8mmFtfWAAFdO-VWAAA=",
    "Tenant ID": "3ca40a42-d72d-43c9-b92e-0740101d9dd3",
    "Organizer": "Picariello, Christopher [JJDC]",
    "Title": "FW: You are Invited!  Understanding Microaggressions (Option 1 - OUS focus) ",
    "Description": "-----Original Appointment----- From: Picariello, Christopher [JJDC] Sent: Tuesday, August 29, 2023 1:46 PM To: Picariello, Christopher [JJDC]; Picariello, Christopher [JJDC]; JJDC ALL INVESTING; DL-JJI SAE Cc: Lewis, Elaine",
    "Location": "https://languageandculture.zoom.us/j/83217071410",
    "Attendees": {
      "Picariello, Christopher [JJDC]": "required",
      "Almendra Staffa-Healey": "required",
      "JJDC ALL INVESTING": "required",
      "DL-JJI SAE": "required",
      "Lewis, Elaine [JJDC]": "optional",
      "Okereke, Obi [JRDUS]": "optional",
      "Robbins, Debra L. [JJDC]": "optional",
      "SHROFF, MILI [ETHUS]": "optional",
      "Evans, Sean [JJDC]": "optional",
      "Walters, Haley [JRDUS]": "optional",
      "Hewitt, Chelsea [JRDUS]": "optional",
      "Ondovik, Nancy [JJDC]": "optional",
      "Parikh, Hirak [JJDC]": "optional",
      "Nakada, Marian [JJDC]": "optional",
      "Wheeler, Niels [JRDNL]": "optional",
      "Torres, Edward [JJCUS]": "optional",
      "Xavier, Asish [JJDC]": "optional",
      "Popa, Cosmin victor [RNDBE]": "optional",
      "Imszennik, Brian [JJDC]": "optional",
      "Havas, Adam [JJIUS]": "optional"
    },
    "Virtual": true,
    "Start": "2023-09-25T08:00:00.0000000",
    "End": "2023-09-25T10:00:00.0000000",
    "Date Extracted": "2025-04-07T20:08:53.356514"
  },
  {
    "Event ID": "AAMkAGFhNTEyYmM4LTk0NWMtNDExZC05M2U5LWIyM2Y5ZDNkNDg5YgBGAAAAAAATzb8y8mz4R5uvMsXRTLi5BwDhyduFw1oERK26L8mmFtfWAAAAAAENAADhyduFw1oERK26L8mmFtfWAAFJRIGuAAA=",
    "Tenant ID": "3ca40a42-d72d-43c9-b92e-0740101d9dd3",
    "Organizer": "Almendra Staffa-Healey",
    "Title": "Ubisoft CCMP Cohort 2 Closing Session",
    "Description": "Microsoft Teams meeting Join on your computer, mobile app or room device Click here to join the meeting Meeting ID: 268 222 517 798 Passcode: 7WrN3H Download Team",
    "Location": "Microsoft Teams Meeting",
    "Attendees": {
      "Conner Williams": "required"
    },
    "Virtual": true,
    "Start": "2023-09-05T08:00:00.0000000",
    "End": "2023-09-05T09:30:00.0000000",
    "Date Extracted": "2025-04-07T20:08:53.356558"
  },
  {
    "Event ID": "AAMkAGFhNTEyYmM4LTk0NWMtNDExZC05M2U5LWIyM2Y5ZDNkNDg5YgBGAAAAAAATzb8y8mz4R5uvMsXRTLi5BwDhyduFw1oERK26L8mmFtfWAAAAAAENAADhyduFw1oERK26L8mmFtfWAAEjtHs9AAA=",
    "Tenant ID": "3ca40a42-d72d-43c9-b92e-0740101d9dd3",
    "Organizer": "Almendra Staffa-Healey",
    "Title": "Mid checkpoint call (option 2)",
    "Description": "Microsoft Teams meeting Join on your computer, mobile app or room device Click here to join the meeting Meeting ID: 235 428 482 488 Passcode: DFFEni Download Teams |",
    "Location": "Microsoft Teams Meeting",
    "Attendees": {
      "Conner Williams": "required"
    },
    "Virtual": true,
    "Start": "2023-07-11T08:30:00.0000000",
    "End": "2023-07-11T10:00:00.0000000",
    "Date Extracted": "2025-04-07T20:08:53.356598"
  },
  {
    "Event ID": "AAMkAGFhNTEyYmM4LTk0NWMtNDExZC05M2U5LWIyM2Y5ZDNkNDg5YgBGAAAAAAATzb8y8mz4R5uvMsXRTLi5BwDhyduFw1oERK26L8mmFtfWAAAAAAENAADhyduFw1oERK26L8mmFtfWAAEh2NRIAAA=",
    "Tenant ID": "3ca40a42-d72d-43c9-b92e-0740101d9dd3",
    "Organizer": "Ana\u00efs Briffard",
    "Title": "TR : TR : [Placeholder] Mid checkpoint call (option 2)",
    "Description": "De : Ana\u00efs Briffard Envoy\u00e9 : lundi 12 juin 2023 17:57:44 (UTC+01:00) Brussels, Copenhagen, Madrid, Paris \u00c0 : Dania Al Tabbal; Juliette Berthault; Caline Christophorov; Julien d",
    "Location": "R\u00e9union Microsoft Teams",
    "Attendees": {
      "Ana\u00efs Briffard": "required",
      "Tamara Thorpe": "required",
      "Almendra Staffa-Healey": "required",
      "Conner Williams": "required",
      "Dania Al Tabbal": "required",
      "Juliette Berthault": "required",
      "Caline Christophorov": "required",
      "Julien de Weck": "required",
      "Jennifer Million": "required",
      "C\u00e9cile Mortureux": "required",
      "C\u00e9line Parsoud": "required",
      "Anne Quiros": "required",
      "Virgile Raveneau": "required",
      "Arthur Regibier": "required",
      "Aaron Sze": "required",
      "Romain Vian": "required",
      "Desiree Tan": "required",
      "Luo Bai (Sylvia)": "required",
      "Brid Gasparotto": "required"
    },
    "Virtual": true,
    "Start": "2023-07-11T08:30:00.0000000",
    "End": "2023-07-11T10:00:00.0000000",
    "Date Extracted": "2025-04-07T20:08:53.356680"
  },
  {
    "Event ID": "AAMkAGFhNTEyYmM4LTk0NWMtNDExZC05M2U5LWIyM2Y5ZDNkNDg5YgBGAAAAAAATzb8y8mz4R5uvMsXRTLi5BwDhyduFw1oERK26L8mmFtfWAAAAAAENAADhyduFw1oERK26L8mmFtfWAAEMuUEQAAA=",
    "Tenant ID": "3ca40a42-d72d-43c9-b92e-0740101d9dd3",
    "Organizer": "Almendra Staffa-Healey",
    "Title": "Ubisoft Cohort 1 Closing Call EMEA/APAC",
    "Description": "Microsoft Teams meeting Join on your computer, mobile app or room device Click here to join the meeting Meeting ID: 257 460 007 126 Passcode: Fs2PwD Download Team",
    "Location": "Microsoft Teams Meeting",
    "Attendees": {
      "Conner Williams": "required"
    },
    "Virtual": true,
    "Start": "2023-06-22T08:30:00.0000000",
    "End": "2023-06-22T10:00:00.0000000",
    "Date Extracted": "2025-04-07T20:08:53.356730"
  },
  {
    "Event ID": "AAMkAGFhNTEyYmM4LTk0NWMtNDExZC05M2U5LWIyM2Y5ZDNkNDg5YgBGAAAAAAATzb8y8mz4R5uvMsXRTLi5BwDhyduFw1oERK26L8mmFtfWAAAAAAENAADhyduFw1oERK26L8mmFtfWAAEGystaAAA=",
    "Tenant ID": "3ca40a42-d72d-43c9-b92e-0740101d9dd3",
    "Organizer": "Almendra Staffa-Healey",
    "Title": "test",
    "Description": "Microsoft Teams meeting Join on your computer, mobile app or room device Click here to join the meeting Meeting ID: 295 615 200 314 Passcode: aPmo8q Download Team",
    "Location": "Microsoft Teams Meeting",
    "Attendees": {
      "Almendra Staffa-Healey": "Organizer"
    },
    "Virtual": true,
    "Start": "2023-05-02T07:30:00.0000000",
    "End": "2023-05-02T08:00:00.0000000",
    "Date Extracted": "2025-04-07T20:08:53.356775"
  },
  {
    "Event ID": "AAMkAGFhNTEyYmM4LTk0NWMtNDExZC05M2U5LWIyM2Y5ZDNkNDg5YgBGAAAAAAATzb8y8mz4R5uvMsXRTLi5BwDhyduFw1oERK26L8mmFtfWAAAAAAENAADhyduFw1oERK26L8mmFtfWAAEGystZAAA=",
    "Tenant ID": "3ca40a42-d72d-43c9-b92e-0740101d9dd3",
    "Organizer": "Almendra Staffa-Healey",
    "Title": "test meeting",
    "Description": "Testing Microsoft Teams meeting Join on your computer, mobile app or room device Click here to join the meeting Meeting ID: 293 163 715 890 Passcode: DDZGQC Down",
    "Location": "Microsoft Teams Meeting",
    "Attendees": {
      "almendra_sh@yahoo.com": "required"
    },
    "Virtual": true,
    "Start": "2023-05-01T15:30:00.0000000",
    "End": "2023-05-01T16:00:00.0000000",
    "Date Extracted": "2025-04-07T20:08:53.356819"
  },
  {
    "Event ID": "AAMkAGFhNTEyYmM4LTk0NWMtNDExZC05M2U5LWIyM2Y5ZDNkNDg5YgBGAAAAAAATzb8y8mz4R5uvMsXRTLi5BwDhyduFw1oERK26L8mmFtfWAAAAAAENAADhyduFw1oERK26L8mmFtfWAAEDTvmCAAA=",
    "Tenant ID": "3ca40a42-d72d-43c9-b92e-0740101d9dd3",
    "Organizer": "Almendra Staffa-Healey",
    "Title": "Advancing Inclusion - Mid-point Check-in",
    "Description": "This is the invitation for the session to be delivered on May 2nd from 10:30 to 12:00 CET. Microsoft Teams meeting Join on your computer, mobile app or room device Cl",
    "Location": "Microsoft Teams Meeting",
    "Attendees": {
      "Conner Williams": "required",
      "aaron.sze@ubisoft.com": "required",
      "anne.quiros@ubisoft.com": "required",
      "arthur.regibier@ubisoft.com": "required",
      "brid.gasparotto@ubisoft.com": "required",
      "caline.christophorov@ubisoft.com": "required",
      "Cecile.Mortureux@ubisoft.com": "required",
      "celine.parsoud@ubisoft.com": "required",
      "dania.al-tabbal@ubisoft.com": "required",
      "desiree.tan@ubisoft.com": "required",
      "gwendoline.pettenuzzo@ubisoft.com": "required",
      "jennifer.million@ivory-tower.fr": "required",
      "julien.deweck@ubisoft.com": "required",
      "juliette.berthault@ubisoft.com": "required",
      "bai.luo@ubisoft.com": "required",
      "marion.dufour3@ubisoft.com": "required",
      "noemie.lefort-pinto@ubisoft.com": "required",
      "romain.vian@ubisoft.com": "required",
      "anais.briffard@ubisoft.com": "required",
      "Tamara Thorpe": "required"
    },
    "Virtual": true,
    "Start": "2023-05-02T08:30:00.0000000",
    "End": "2023-05-02T10:00:00.0000000",
    "Date Extracted": "2025-04-07T20:08:53.356874"
  },
  {
    "Event ID": "AAMkAGFhNTEyYmM4LTk0NWMtNDExZC05M2U5LWIyM2Y5ZDNkNDg5YgBGAAAAAAATzb8y8mz4R5uvMsXRTLi5BwDhyduFw1oERK26L8mmFtfWAAAAAAENAADhyduFw1oERK26L8mmFtfWAADTsVLgAAA=",
    "Tenant ID": "3ca40a42-d72d-43c9-b92e-0740101d9dd3",
    "Organizer": "ACOSTA Susan (CAR-US)",
    "Title": "LCW Part II",
    "Description": "Topic: Cartier: Navigating Global Cultures \u2013 US Focus Time: Feb 14, 2023 11:00 AM Central Time (US and Canada) Feb 14, 2023 11:00 AM Central Time (US and Canada) Feb 15, 2023 07:00 AM Central Time (US and Canada) Please download and",
    "Location": "Zoom",
    "Attendees": {
      "ACOSTA Susan (CAR-US)": "required",
      "Walter Bolognino": "required",
      "Almendra Staffa-Healey": "required",
      "Emani Richmond": "required",
      "ABIOLA Bijou (CAR-US)": "optional"
    },
    "Virtual": true,
    "Start": "2023-02-15T13:00:00.0000000",
    "End": "2023-02-15T15:00:00.0000000",
    "Date Extracted": "2025-04-07T20:08:53.356935"
  },
  {
    "Event ID": "AAMkAGFhNTEyYmM4LTk0NWMtNDExZC05M2U5LWIyM2Y5ZDNkNDg5YgBGAAAAAAATzb8y8mz4R5uvMsXRTLi5BwDhyduFw1oERK26L8mmFtfWAAAAAAENAADhyduFw1oERK26L8mmFtfWAADTsVLfAAA=",
    "Tenant ID": "3ca40a42-d72d-43c9-b92e-0740101d9dd3",
    "Organizer": "ACOSTA Susan (CAR-US)",
    "Title": "LCW- Part I",
    "Description": "Topic: Cartier: Navigating Global Cultures \u2013 US Focus Time: Feb 14, 2023 11:00 AM Central Time (US and Canada) Feb 14, 2023 11:00 AM Central Time (US and Canada) Feb 15, 2023 07:00 AM Central Time (US and Canada) Please download and im",
    "Location": "Zoom",
    "Attendees": {
      "ACOSTA Susan (CAR-US)": "required",
      "Walter Bolognino": "required",
      "Almendra Staffa-Healey": "required",
      "Emani Richmond": "required",
      "ABIOLA Bijou (CAR-US)": "optional"
    },
    "Virtual": true,
    "Start": "2023-02-14T17:00:00.0000000",
    "End": "2023-02-14T19:00:00.0000000",
    "Date Extracted": "2025-04-07T20:08:53.356991"
  },
  {
    "Event ID": "AAMkAGFhNTEyYmM4LTk0NWMtNDExZC05M2U5LWIyM2Y5ZDNkNDg5YgBGAAAAAAATzb8y8mz4R5uvMsXRTLi5BwDhyduFw1oERK26L8mmFtfWAAAAAAENAADhyduFw1oERK26L8mmFtfWAADTBTvJAAA=",
    "Tenant ID": "3ca40a42-d72d-43c9-b92e-0740101d9dd3",
    "Organizer": "Tamara Thorpe",
    "Title": "Cartier Check In",
    "Description": "This is a quick check in for the upcoming Coaching session. Tamara Microsoft Teams meeting Join on your computer, mobile app or room device Click here to join the meet",
    "Location": "Microsoft Teams Meeting",
    "Attendees": {
      "Tamara Thorpe": "required",
      "Almendra Staffa-Healey": "required"
    },
    "Virtual": true,
    "Start": "2023-02-13T17:00:00.0000000",
    "End": "2023-02-13T18:00:00.0000000",
    "Date Extracted": "2025-04-07T20:08:53.357036"
  },
  {
    "Event ID": "AAMkAGFhNTEyYmM4LTk0NWMtNDExZC05M2U5LWIyM2Y5ZDNkNDg5YgBGAAAAAAATzb8y8mz4R5uvMsXRTLi5BwDhyduFw1oERK26L8mmFtfWAAAAAAENAADhyduFw1oERK26L8mmFtfWAADPVYPoAAA=",
    "Tenant ID": "3ca40a42-d72d-43c9-b92e-0740101d9dd3",
    "Organizer": "Encontra, Deborah (NBCUniversal)",
    "Title": "FW: LCW Session (17:00 - 18:30 UK Time Zoom Link provided) ",
    "Description": "FYI. -----Original Appointment----- From: Encontra, Deborah (NBCUniversal) Sent: Wednesday, February 1, 2023 12:58 AM To: Encontra, Deborah (NBCUniversal); Encontra, Deborah (NBCUniversal); Pratt, Paula (NBCUniversal);",
    "Location": "Zoom Link - https://languageandculture.zoom.us/j/86581043750?pwd=MGJIZ2owYnB1elJzWTJhSUMydU1Edz09",
    "Attendees": {
      "Encontra, Deborah (NBCUniversal)": "required",
      "Tamara Thorpe": "required",
      "Almendra Staffa-Healey": "required",
      "Vince Bongiovanni": "required",
      "Thao, Blia (NBCUniversal)": "optional",
      "Arnold, AnnaLea (Contractor-NBCUniversal)": "optional",
      "Pratt, Paula (NBCUniversal)": "required",
      "Cafuir, Jeff (NBCUniversal)": "required",
      "Rabe, Niels (NBCUniversal)": "required",
      "Santana1, Maxine (Contractor-NBCUniversal)": "required",
      "Arruti, Gabriela (NBCUniversal)": "required",
      "Peyre, Myriam A (NBCUniversal)": "required",
      "Casucci, Barbara (NBCUniversal)": "required",
      "Perreau, Manon (NBCUniversal)": "required",
      "Sanchez, Marta (NBCUniversal)": "required",
      "Osorio, Cristina (NBCUniversal)": "required",
      "Lopez Garcia, Javier (NBCUniversal)": "required",
      "Halloran, Tara (NBCUniversal)": "required",
      "Silva, Danielle (Contractor-NBCUniversal)": "required",
      "Albert, Xavier (NBCUniversal)": "required",
      "De Vries, Karel (NBCUniversal)": "required",
      "Hervias, Jose Luis (NBCUniversal)": "required",
      "Viviano, Hernan (Contractor-NBCUniversal)": "required"
    },
    "Virtual": true,
    "Start": "2023-02-08T17:00:00.0000000",
    "End": "2023-02-08T18:30:00.0000000",
    "Date Extracted": "2025-04-07T20:08:53.357116"
  },
  {
    "Event ID": "AAMkAGFhNTEyYmM4LTk0NWMtNDExZC05M2U5LWIyM2Y5ZDNkNDg5YgBGAAAAAAATzb8y8mz4R5uvMsXRTLi5BwDhyduFw1oERK26L8mmFtfWAAAAAAENAADhyduFw1oERK26L8mmFtfWAACCHxcYAAA=",
    "Tenant ID": "3ca40a42-d72d-43c9-b92e-0740101d9dd3",
    "Organizer": "Almendra Staffa-Healey",
    "Title": "Advancing Inclusion for HR - IDI Group Debrief & CCMP Kick off ",
    "Description": "Microsoft Teams meeting Join on your computer, mobile app or room device Click here to join the meeting Meeting ID: 271 424 821 858 Passcode: K9mN2e Download Teams |",
    "Location": "Virtual Meeting (link in Description)",
    "Attendees": {
      "Rapha\u00eblle Lalo": "required",
      "Ada Vargas": "required"
    },
    "Virtual": true,
    "Start": "2022-10-17T08:00:00.0000000",
    "End": "2022-10-17T09:15:00.0000000",
    "Date Extracted": "2025-04-07T20:08:53.357164"
  },
  {
    "Event ID": "AAMkAGFhNTEyYmM4LTk0NWMtNDExZC05M2U5LWIyM2Y5ZDNkNDg5YgBGAAAAAAATzb8y8mz4R5uvMsXRTLi5BwDhyduFw1oERK26L8mmFtfWAAAAAAENAADhyduFw1oERK26L8mmFtfWAAB9WPHOAAA=",
    "Tenant ID": "3ca40a42-d72d-43c9-b92e-0740101d9dd3",
    "Organizer": "Daniel Gough",
    "Title": "J&J Conscious Inclusion Prep",
    "Description": "Dan Gough (he/him) is inviting you to a scheduled Zoom meeting. Join Zoom Meeting https://languageandculture.zoom.us/j/87201524696?pwd=ZUVpNThNd3FlSmErVWVWWTFBOXAvQT09&from=addon Meeting ID: 872 0152 4696 Passcode: 507523 One tap mobile +1309",
    "Location": "https://languageandculture.zoom.us/j/87201524696?pwd=ZUVpNThNd3FlSmErVWVWWTFBOXAvQT09&from=addon",
    "Attendees": {
      "Daniel Gough": "required",
      "Almendra Staffa-Healey": "required",
      "Ada Vargas": "optional"
    },
    "Virtual": true,
    "Start": "2022-10-13T14:00:00.0000000",
    "End": "2022-10-13T14:45:00.0000000",
    "Date Extracted": "2025-04-07T20:08:53.357220"
  },
  {
    "Event ID": "AAMkAGFhNTEyYmM4LTk0NWMtNDExZC05M2U5LWIyM2Y5ZDNkNDg5YgBGAAAAAAATzb8y8mz4R5uvMsXRTLi5BwDhyduFw1oERK26L8mmFtfWAAAAAAENAADhyduFw1oERK26L8mmFtfWAABzosglAAA=",
    "Tenant ID": "3ca40a42-d72d-43c9-b92e-0740101d9dd3",
    "Organizer": "Almendra Staffa-Healey",
    "Title": "meeting test",
    "Description": "",
    "Location": "Virtual Meeting (link in Description)",
    "Attendees": {
      "Almendra Staffa-Healey": "Organizer"
    },
    "Virtual": false,
    "Start": "2022-09-28T18:00:00.0000000",
    "End": "2022-09-28T18:30:00.0000000",
    "Date Extracted": "2025-04-07T20:08:53.357255"
  },
  {
    "Event ID": "AAMkAGFhNTEyYmM4LTk0NWMtNDExZC05M2U5LWIyM2Y5ZDNkNDg5YgBGAAAAAAATzb8y8mz4R5uvMsXRTLi5BwDhyduFw1oERK26L8mmFtfWAAAAAAENAADhyduFw1oERK26L8mmFtfWAABzosgkAAA=",
    "Tenant ID": "3ca40a42-d72d-43c9-b92e-0740101d9dd3",
    "Organizer": "Rapha\u00eblle Lalo",
    "Title": "Catch up Ubisoft - Almendra/Raphaelle ",
    "Description": "R\u00e9union Microsoft Teams Rejoindre sur votre ordinateur ou application mobile Cliquez ici pour participer \u00e0 la r\u00e9union ID de r\u00e9union : 230 257 515 444 Code secret :",
    "Location": "Virtual Meeting (link in Description)",
    "Attendees": {
      "Rapha\u00eblle Lalo": "required",
      "Almendra Staffa Healey": "required",
      "Almendra Staffa-Healey": "required"
    },
    "Virtual": true,
    "Start": "2022-09-29T07:45:00.0000000",
    "End": "2022-09-29T08:00:00.0000000",
    "Date Extracted": "2025-04-07T20:08:53.357308"
  },
  {
    "Event ID": "AAMkAGFhNTEyYmM4LTk0NWMtNDExZC05M2U5LWIyM2Y5ZDNkNDg5YgBGAAAAAAATzb8y8mz4R5uvMsXRTLi5BwDhyduFw1oERK26L8mmFtfWAAAAAAENAADhyduFw1oERK26L8mmFtfWAABzosgjAAA=",
    "Tenant ID": "3ca40a42-d72d-43c9-b92e-0740101d9dd3",
    "Organizer": "Almendra Staffa-Healey",
    "Title": "Advancing Inclusion // CrossCultural Mentoring // mid checkin (Option 2)",
    "Description": "Microsoft Teams meeting Join on your computer, mobile app or room device Click here to join the meeting Meeting ID: 262 751 546 101 Passcode: mC4Np3 Download Teams |",
    "Location": "Virtual Meeting (link in Description)",
    "Attendees": {
      "Rapha\u00eblle Lalo": "required",
      "Ada Vargas": "required"
    },
    "Virtual": true,
    "Start": "2022-09-29T08:00:00.0000000",
    "End": "2022-09-29T09:00:00.0000000",
    "Date Extracted": "2025-04-07T20:08:53.357353"
  },
  {
    "Event ID": "AAMkAGFhNTEyYmM4LTk0NWMtNDExZC05M2U5LWIyM2Y5ZDNkNDg5YgBGAAAAAAATzb8y8mz4R5uvMsXRTLi5BwDhyduFw1oERK26L8mmFtfWAAAAAAENAADhyduFw1oERK26L8mmFtfWAABzosgiAAA=",
    "Tenant ID": "3ca40a42-d72d-43c9-b92e-0740101d9dd3",
    "Organizer": "Rapha\u00eblle Lalo",
    "Title": "Advancing Inclusion // CrossCultural Mentoring // Mid Checkin(Option 1)  ",
    "Description": "[N. America and Europe time] What you can expect from this \u201cAdvancing Inclusion\u201d learning journey: 1. An invitation to complete a 20mn-long online, individual survey \u2013 your \u2018IDI Profile\u2019, powered by IDI, LLC. This tool is called the Intercultural",
    "Location": "Link below",
    "Attendees": {
      "Rapha\u00eblle Lalo": "required",
      "Ma\u00eblle Blandin": "required",
      "Antoine Bocage-Marchand": "required",
      "Gregory Cecchin": "required",
      "Margaret Cervo": "required",
      "Anne Charron": "required",
      "Audrey Chatelet": "required",
      "Caroline Deforge": "required",
      "Catherine Descheneaux": "required",
      "Marion Dufour": "required",
      "Stefanie Egbers": "required",
      "Am\u00e9lie Lapointe": "required",
      "Kara Henander": "required",
      "Sarah Hinchcliffe-Smith": "required",
      "Ji Yi Jin": "required",
      "Catherine Lafontaine": "required",
      "Anca-Elena Lazaroiu": "required",
      "Mari Liesj\u00e4rvi": "required",
      "Belinda Martinez": "required",
      "Pierre Mazeaud": "required",
      "Travis McGill": "required",
      "Emilie Ovaert": "required",
      "Gwendoline Pettenuzzo": "required",
      "Courtney Riss (O'Neil)": "required",
      "Magdalena Schultze": "required",
      "Ashley Smith": "required",
      "Kaushiki Srivastava": "required",
      "Karl Teasdale": "required",
      "Matthew Wiazowski": "required",
      "K\u00e9vin Bouchareb": "required",
      "Nawale Bouzeboudja": "required",
      "Erin Roach": "required",
      "Michael Streffery": "required",
      "Raashi Sikka": "optional",
      "Ada Vargas": "optional",
      "Jeffrey Cookson": "optional",
      "Almendra Staffa Healey": "optional",
      "Almendra Staffa-Healey": "optional"
    },
    "Virtual": false,
    "Start": "2022-09-29T16:00:00.0000000",
    "End": "2022-09-29T17:00:00.0000000",
    "Date Extracted": "2025-04-07T20:08:53.357436"
  },
  {
    "Event ID": "AAMkAGFhNTEyYmM4LTk0NWMtNDExZC05M2U5LWIyM2Y5ZDNkNDg5YgBGAAAAAAATzb8y8mz4R5uvMsXRTLi5BwDhyduFw1oERK26L8mmFtfWAAAAAAENAADhyduFw1oERK26L8mmFtfWAABzosghAAA=",
    "Tenant ID": "3ca40a42-d72d-43c9-b92e-0740101d9dd3",
    "Organizer": "Rapha\u00eblle Lalo",
    "Title": "Advancing Inclusion // CrossCultural Mentoring // mid checkin (Option 2)  ",
    "Description": "[Asia and Europe time] What you can expect from this \u201cAdvancing Inclusion\u201d learning journey: 1. An invitation to complete a 20mn-long online, individual survey \u2013 your \u2018IDI Profile\u2019, powered by IDI, LLC. This tool is called the Intercultural Devel",
    "Location": "https://can01.safelinks.protection.outlook.com/ap/t-59584e83/?url=https%3A%2F%2Fteams.microsoft.com%2Fl%2Fmeetup-join%2F19%253ameeting_OTRhNzI5NjEtMzNiMC00ZDFmLWI5ZGItOTUwMmE4ZWYzZjVh%2540thread.v2%2F0%3Fcontext%3D%257b%2522Tid%2522%253a%25223ca40a42-d72d",
    "Attendees": {
      "Rapha\u00eblle Lalo": "required",
      "Ma\u00eblle Blandin": "required",
      "Antoine Bocage-Marchand": "required",
      "Gregory Cecchin": "required",
      "Margaret Cervo": "required",
      "Anne Charron": "required",
      "Audrey Chatelet": "required",
      "Caroline Deforge": "required",
      "Catherine Descheneaux": "required",
      "Marion Dufour": "required",
      "Stefanie Egbers": "required",
      "Am\u00e9lie Lapointe": "required",
      "Kara Henander": "required",
      "Sarah Hinchcliffe-Smith": "required",
      "Ji Yi Jin": "required",
      "Catherine Lafontaine": "required",
      "Anca-Elena Lazaroiu": "required",
      "Mari Liesj\u00e4rvi": "required",
      "Belinda Martinez": "required",
      "Pierre Mazeaud": "required",
      "Travis McGill": "required",
      "Emilie Ovaert": "required",
      "Gwendoline Pettenuzzo": "required",
      "Courtney Riss (O'Neil)": "required",
      "Magdalena Schultze": "required",
      "Ashley Smith": "required",
      "Kaushiki Srivastava": "required",
      "Karl Teasdale": "required",
      "Matthew Wiazowski": "required",
      "K\u00e9vin Bouchareb": "required",
      "Nawale Bouzeboudja": "required",
      "Erin Roach": "required",
      "Michael Streffery": "required",
      "Raashi Sikka": "optional",
      "Ada Vargas": "optional",
      "Almendra Staffa Healey": "optional",
      "Almendra Staffa-Healey": "optional"
    },
    "Virtual": true,
    "Start": "2022-09-29T08:00:00.0000000",
    "End": "2022-09-29T09:00:00.0000000",
    "Date Extracted": "2025-04-07T20:08:53.357502"
  },
  {
    "Event ID": "AAMkAGFhNTEyYmM4LTk0NWMtNDExZC05M2U5LWIyM2Y5ZDNkNDg5YgBGAAAAAAATzb8y8mz4R5uvMsXRTLi5BwDhyduFw1oERK26L8mmFtfWAAAAAAENAADhyduFw1oERK26L8mmFtfWAABzosggAAA=",
    "Tenant ID": "3ca40a42-d72d-43c9-b92e-0740101d9dd3",
    "Organizer": "Rapha\u00eblle Lalo",
    "Title": "Advancing Inclusion for HR - IDI Group Debrief & CCMP Kick off ",
    "Description": "Microsoft Teams meeting Join on your computer, mobile app or room device Click here to join the meeting Meeting ID: 271 424 821 858 Passcode: K9mN2e Download Teams | Join on the web Learn More | Meeting options Hello everyone, we hope you are wel",
    "Location": "Virtual link below",
    "Attendees": {
      "Rapha\u00eblle Lalo": "required",
      "Aaron Sze": "required",
      "Alban Glotin": "required",
      "Anne Quiros": "required",
      "Arthur Regibier": "required",
      "Brid Gasparotto": "required",
      "Caline Christophorov": "required",
      "C\u00e9cile Mortureux": "required",
      "C\u00e9line Parsoud": "required",
      "Claire Chauvet": "required",
      "Dania Al Tabbal": "required",
      "Desiree Tan": "required",
      "Gwendoline Pettenuzzo": "required",
      "Jennifer Million": "required",
      "Julien de Weck": "required",
      "Juliette Berthault": "required",
      "Luo Bai (Sylvia)": "required",
      "Marion Dufour": "required",
      "No\u00ebmie Lefort-Pinto": "required",
      "Pauline Michel": "required",
      "Rebecka Svennerstedt": "required",
      "Romain Vian": "required",
      "Samira Chabani": "required",
      "Sandra Vernus": "required",
      "Sonja Buescher": "required",
      "Stephanie Chevillon": "required",
      "Virgile Raveneau": "required",
      "Ada Vargas": "optional",
      "Almendra Staffa-Healey": "optional"
    },
    "Virtual": false,
    "Start": "2022-10-17T08:00:00.0000000",
    "End": "2022-10-17T09:15:00.0000000",
    "Date Extracted": "2025-04-07T20:08:53.357567"
  },
  {
    "Event ID": "AAMkAGFhNTEyYmM4LTk0NWMtNDExZC05M2U5LWIyM2Y5ZDNkNDg5YgBGAAAAAAATzb8y8mz4R5uvMsXRTLi5BwDhyduFw1oERK26L8mmFtfWAAAAAAENAADhyduFw1oERK26L8mmFtfWAABErhO7AAA=",
    "Tenant ID": "3ca40a42-d72d-43c9-b92e-0740101d9dd3",
    "Organizer": "Almendra Staffa-Healey",
    "Title": "1:1 IDI Debrief with Almendra Staffa-Healey",
    "Description": "Microsoft Teams meeting Join on your computer or mobile app Click here to join the meeting Or join by entering a meeting ID Meeting ID: 247 816 880 07 Passcode: E",
    "Location": "Virtual Meeting (link in Description)",
    "Attendees": {
      "Kaitlin Nonweiler": "optional"
    },
    "Virtual": true,
    "Start": "2022-07-13T07:00:00.0000000",
    "End": "2022-07-13T07:45:00.0000000",
    "Date Extracted": "2025-04-07T20:08:53.357685"
  },
  {
    "Event ID": "AAMkAGFhNTEyYmM4LTk0NWMtNDExZC05M2U5LWIyM2Y5ZDNkNDg5YgBGAAAAAAATzb8y8mz4R5uvMsXRTLi5BwDhyduFw1oERK26L8mmFtfWAAAAAAENAADhyduFw1oERK26L8mmFtfWAAAx_WVYAAA=",
    "Tenant ID": "3ca40a42-d72d-43c9-b92e-0740101d9dd3",
    "Organizer": "Rachel Coleman (FleishmanHillard)",
    "Title": "FleishmanHillard Focus Group - EMEA",
    "Description": "Hi all - Please use the following Zoom link for the session tomorrow: https://languageandculture.zoom.us/j/89475161668?pwd=YVMwdE1iOTNsMXh1Qmg1VE95VVA1dz09 You have been selected to participate in an important diversity, equity and inclusion (DE&I) ini",
    "Location": "https://languageandculture.zoom.us/j/89475161668?pwd=YVMwdE1iOTNsMXh1Qmg1VE95VVA1dz09",
    "Attendees": {
      "Rachel Coleman (FleishmanHillard)": "required",
      "Almendra Staffa-Healey": "required",
      "Thibault Jacobs (FleishmanHillard)": "required",
      "Meredith Peters (FleishmanHillard)": "required",
      "Tijana Stojanovic (FleishmanHillard)": "required",
      "Deborah Nazareth (FleishmanHillard)": "required",
      "Sonia Mehrotra (FleishmanHillard)": "required",
      "Anne Beutel (FleishmanHillard)": "required",
      "Alice Bourdonneau (FleishmanHillard)": "required",
      "Betty Lauerbach (FleishmanHillard)": "required",
      "Enno Hennrichs (FleishmanHillard)": "required",
      "Rhod\u00e9 Marshall (FleishmanHillard)": "required",
      "Lynley Main (FleishmanHillard)": "required",
      "Zinhle Msibi (FleishmanHillard)": "required",
      "Rachel Rafter (FleishmanHillard)": "required",
      "Michael Moriarty (FleishmanHillard)": "required",
      "Jennifer O'Neill (FleishmanHillard)": "required",
      "Natalie Francis (FleishmanHillard)": "required",
      "Christine Lydon (FleishmanHillard)": "required",
      "Thies Clausen (FleishmanHillard)": "required",
      "Cloe Roycroft (FleishmanHillard)": "required",
      "Adrianne Smith (FleishmanHillard)": "optional",
      "Vince Bongiovanni": "optional"
    },
    "Virtual": true,
    "Start": "2022-07-06T12:00:00.0000000",
    "End": "2022-07-06T13:00:00.0000000",
    "Date Extracted": "2025-04-07T20:08:53.357751"
  },
  {
    "Event ID": "AAMkAGFhNTEyYmM4LTk0NWMtNDExZC05M2U5LWIyM2Y5ZDNkNDg5YgBGAAAAAAATzb8y8mz4R5uvMsXRTLi5BwDhyduFw1oERK26L8mmFtfWAAAAAAENAADhyduFw1oERK26L8mmFtfWAAAs0AIfAAA=",
    "Tenant ID": "3ca40a42-d72d-43c9-b92e-0740101d9dd3",
    "Organizer": "Sarah Nodarse",
    "Title": "Prep for Monday's IDI Debrief with Boston Scientific",
    "Description": "Hi Almendra! Does this time work to prep you for the debrief on Monday with BSC? (Moving earlier to accommodate Dan) DAN \u2013 I am including you since you are co-facilitating with Almendra. I am so so sorry for the late notice on this\u2026 This should be a",
    "Location": "Microsoft Teams Meeting",
    "Attendees": {
      "Sarah Nodarse": "required",
      "Almendra Staffa-Healey": "required",
      "Daniel Gough": "required",
      "almendra.staffahealey@gmail.com": "optional"
    },
    "Virtual": true,
    "Start": "2022-06-10T12:30:00.0000000",
    "End": "2022-06-10T13:00:00.0000000",
    "Date Extracted": "2025-04-07T20:08:53.357812"
  },
  {
    "Event ID": "AAMkAGFhNTEyYmM4LTk0NWMtNDExZC05M2U5LWIyM2Y5ZDNkNDg5YgBGAAAAAAATzb8y8mz4R5uvMsXRTLi5BwDhyduFw1oERK26L8mmFtfWAAAAAAENAADhyduFw1oERK26L8mmFtfWAAAhcNVtAAA=",
    "Tenant ID": "3ca40a42-d72d-43c9-b92e-0740101d9dd3",
    "Organizer": "IDI Coaching @ LCW",
    "Title": "Magdalena Schultz (Ubisoft) - IDI Debrief",
    "Description": "Hello Magdalena, Please, accept this invitation for your IDI Debrief session with Almendra Staffa-Healey. Your Microsoft Teams Meeting details are below: https://teams.microsoft.com/l/meetup-join/19%3ameeting_OWU0ODg1NDItY2ZhYS00Y2RjLWI4MTEtYzBiM",
    "Location": "Zoom Details Below",
    "Attendees": {
      "IDI Coaching @ LCW": "required",
      "magdalena.schultze@massive.se": "required",
      "almendra@interculturalunderstanding.eu": "required",
      "Almendra Staffa-Healey": "optional"
    },
    "Virtual": true,
    "Start": "2022-05-24T09:00:00.0000000",
    "End": "2022-05-24T10:00:00.0000000",
    "Date Extracted": "2025-04-07T20:08:53.357858"
  },
  {
    "Event ID": "AAMkAGFhNTEyYmM4LTk0NWMtNDExZC05M2U5LWIyM2Y5ZDNkNDg5YgBGAAAAAAATzb8y8mz4R5uvMsXRTLi5BwDhyduFw1oERK26L8mmFtfWAAAAAAENAADhyduFw1oERK26L8mmFtfWAAAg2kvDAAA=",
    "Tenant ID": "3ca40a42-d72d-43c9-b92e-0740101d9dd3",
    "Organizer": "Cafuir, Jeff (NBCUniversal)",
    "Title": "UPI/LCW Workshop #1 Prep Call (Likely only need 30 mins, but adding extra time just in case)",
    "Description": "(Likely only need 30 mins, but adding extra time just in case) Microsoft Teams meeting Join on your computer or mobile app Click here to join the meeting Join with a vid",
    "Location": "Microsoft Teams Meeting",
    "Attendees": {
      "Cafuir, Jeff (NBCUniversal)": "required",
      "Schwartz, Joy (NBCUniversal)": "optional",
      "Thao, Blia (NBCUniversal)": "optional",
      "Halloran, Tara (NBCUniversal)": "required",
      "Tamara Thorpe": "required",
      "Vince Bongiovanni": "required",
      "Almendra Staffa-Healey": "required",
      "Pratt, Paula (NBCUniversal)": "required"
    },
    "Virtual": true,
    "Start": "2022-05-24T16:30:00.0000000",
    "End": "2022-05-24T17:15:00.0000000",
    "Date Extracted": "2025-04-07T20:08:53.357901"
  },
  {
    "Event ID": "AAMkAGFhNTEyYmM4LTk0NWMtNDExZC05M2U5LWIyM2Y5ZDNkNDg5YgBGAAAAAAATzb8y8mz4R5uvMsXRTLi5BwDhyduFw1oERK26L8mmFtfWAAAAAAENAADhyduFw1oERK26L8mmFtfWAAAeemFgAAA=",
    "Tenant ID": "3ca40a42-d72d-43c9-b92e-0740101d9dd3",
    "Organizer": "Tamara Thorpe",
    "Title": "Dubbing Project",
    "Description": "Microsoft Teams meeting Join on your computer or mobile app Click here to join the meeting Or call in (audio only) +1 872-239-8243,,917259563# United States, Chi",
    "Location": "Virtual Meeting (link in Description)",
    "Attendees": {
      "Tamara Thorpe": "required",
      "Almendra Staffa-Healey": "required"
    },
    "Virtual": true,
    "Start": "2022-05-14T17:30:00.0000000",
    "End": "2022-05-14T21:00:00.0000000",
    "Date Extracted": "2025-04-07T20:08:53.357946"
  },
  {
    "Event ID": "AAMkAGFhNTEyYmM4LTk0NWMtNDExZC05M2U5LWIyM2Y5ZDNkNDg5YgBGAAAAAAATzb8y8mz4R5uvMsXRTLi5BwDhyduFw1oERK26L8mmFtfWAAAAAAENAADhyduFw1oERK26L8mmFtfWAAAJodaOAAA=",
    "Tenant ID": "3ca40a42-d72d-43c9-b92e-0740101d9dd3",
    "Organizer": "IDI Coaching @ LCW",
    "Title": "Gregory Cecchin (Ubisoft) - IDI Debrief",
    "Description": "Hello Gregory, Please, accept this invitation for your IDI Debrief session with Almendra Staffa-Healey. Your Microsoft Teams Meeting details are below: https://teams.microsoft.com/l/meetup-join/19%3ameeting_OWU0ODg1NDItY2ZhYS00Y2RjLWI4MTEtYzBiMjd",
    "Location": "Microsoft Teams Meeting Details Below",
    "Attendees": {
      "IDI Coaching @ LCW": "required",
      "gregory.cecchin@ubisoft.com": "required",
      "almendra@interculturalunderstanding.eu": "required",
      "Almendra Staffa-Healey": "optional"
    },
    "Virtual": true,
    "Start": "2022-04-13T12:00:00.0000000",
    "End": "2022-04-13T13:00:00.0000000",
    "Date Extracted": "2025-04-07T20:08:53.357991"
  },
  {
    "Event ID": "AAMkAGFhNTEyYmM4LTk0NWMtNDExZC05M2U5LWIyM2Y5ZDNkNDg5YgBGAAAAAAATzb8y8mz4R5uvMsXRTLi5BwDhyduFw1oERK26L8mmFtfWAAAAAAENAADhyduFw1oERK26L8mmFtfWAAAJodaNAAA=",
    "Tenant ID": "3ca40a42-d72d-43c9-b92e-0740101d9dd3",
    "Organizer": "IDI Coaching @ LCW",
    "Title": "Belinda Martinez (Ubisoft) - IDI Debrief",
    "Description": "Hello Belinda, Please, accept this invitation for your IDI Debrief session with Almendra Staffa-Healey. Your Microsoft Teams Meeting details are below: https://teams.microsoft.com/l/meetup-join/19%3ameeting_OWU0ODg1NDItY2ZhYS00Y2RjLWI4MTEtYzBiMjd",
    "Location": "Microsoft Teams Meeting Details Below",
    "Attendees": {
      "IDI Coaching @ LCW": "required",
      "belinda.martinez@ubisoft.com": "required",
      "almendra@interculturalunderstanding.eu": "required",
      "Almendra Staffa-Healey": "optional"
    },
    "Virtual": true,
    "Start": "2022-04-13T08:00:00.0000000",
    "End": "2022-04-13T09:00:00.0000000",
    "Date Extracted": "2025-04-07T20:08:53.358034"
  },
  {
    "Event ID": "AAMkAGFhNTEyYmM4LTk0NWMtNDExZC05M2U5LWIyM2Y5ZDNkNDg5YgBGAAAAAAATzb8y8mz4R5uvMsXRTLi5BwDhyduFw1oERK26L8mmFtfWAAAAAAENAADhyduFw1oERK26L8mmFtfWAAAGGImFAAA=",
    "Tenant ID": "3ca40a42-d72d-43c9-b92e-0740101d9dd3",
    "Organizer": "IDI Coaching @ LCW",
    "Title": "Anca-Elena Lazaroiu (Ubisoft) - IDI Debrief",
    "Description": "Hello Anca, Please, accept this invitation for your IDI Debrief session with Almendra Staffa-Healey. Your Microsoft Teams Meeting details are below: https://teams.microsoft.com/l/meetup-join/19%3ameeting_OWU0ODg1NDItY2ZhYS00Y2RjLWI4MTEtYzBiMjdlMj",
    "Location": "Microsoft Teams Meeting Details Below",
    "Attendees": {
      "IDI Coaching @ LCW": "required",
      "anca-elena.lazaroiu@ubisoft.com": "required",
      "almendra@interculturalunderstanding.eu": "required",
      "Almendra Staffa-Healey": "optional"
    },
    "Virtual": true,
    "Start": "2022-04-14T14:00:00.0000000",
    "End": "2022-04-14T15:00:00.0000000",
    "Date Extracted": "2025-04-07T20:08:53.358077"
  },
  {
    "Event ID": "AAMkAGFhNTEyYmM4LTk0NWMtNDExZC05M2U5LWIyM2Y5ZDNkNDg5YgBGAAAAAAATzb8y8mz4R5uvMsXRTLi5BwDhyduFw1oERK26L8mmFtfWAAAAAAENAADhyduFw1oERK26L8mmFtfWAAABnousAAA=",
    "Tenant ID": "3ca40a42-d72d-43c9-b92e-0740101d9dd3",
    "Organizer": "Almendra Staffa-Healey",
    "Title": "Cross-Cultural Mentor Program Kick-off (Cohort 2)",
    "Description": "Microsoft Teams meeting Join on your computer or mobile app Click here to join the meeting Learn More | Meeting options",
    "Location": "Virtual Meeting (link in Description)",
    "Attendees": {
      "Ada Vargas": "required"
    },
    "Virtual": true,
    "Start": "2022-04-07T08:00:00.0000000",
    "End": "2022-04-07T09:00:00.0000000",
    "Date Extracted": "2025-04-07T20:08:53.358113"
  },
  {
    "Event ID": "AAMkAGFhNTEyYmM4LTk0NWMtNDExZC05M2U5LWIyM2Y5ZDNkNDg5YgBGAAAAAAATzb8y8mz4R5uvMsXRTLi5BwDhyduFw1oERK26L8mmFtfWAAAAAAENAADhyduFw1oERK26L8mmFtfWAAABnourAAA=",
    "Tenant ID": "3ca40a42-d72d-43c9-b92e-0740101d9dd3",
    "Organizer": "IDI Coaching @ LCW",
    "Title": "Kaushiki Srivastava (Ubisoft) - IDI Debrief",
    "Description": "Hello Kaushiki, Please, accept this invitation for your IDI Debrief session with Almendra Staffa-Healey. Your Microsoft Teams Meeting details are below: https://teams.microsoft.com/l/meetup-join/19%3ameeting_OWU0ODg1NDItY2ZhYS00Y2RjLWI4MTEtYzBiMj",
    "Location": "Microsoft Teams Meeting Details Below",
    "Attendees": {
      "IDI Coaching @ LCW": "required",
      "kaushiki.srivastava@ubisoft.com": "required",
      "Almendra Staffa-Healey": "required"
    },
    "Virtual": true,
    "Start": "2022-04-08T12:30:00.0000000",
    "End": "2022-04-08T13:30:00.0000000",
    "Date Extracted": "2025-04-07T20:08:53.358156"
  },
  {
    "Event ID": "AAMkAGFhNTEyYmM4LTk0NWMtNDExZC05M2U5LWIyM2Y5ZDNkNDg5YgBGAAAAAAATzb8y8mz4R5uvMsXRTLi5BwDhyduFw1oERK26L8mmFtfWAAAAAAENAADhyduFw1oERK26L8mmFtfWAAABnouqAAA=",
    "Tenant ID": "3ca40a42-d72d-43c9-b92e-0740101d9dd3",
    "Organizer": "Almendra Staffa-Healey",
    "Title": "Part 2 meeting",
    "Description": "Microsoft Teams meeting Join on your computer or mobile app Click here to join the meeting Learn More | Meeting options",
    "Location": "Virtual Meeting (link in Description)",
    "Attendees": {
      "Brian Schroeder": "required"
    },
    "Virtual": true,
    "Start": "2022-03-31T14:00:00.0000000",
    "End": "2022-03-31T14:30:00.0000000",
    "Date Extracted": "2025-04-07T20:08:53.358196"
  },
  {
    "Event ID": "AAMkAGFhNTEyYmM4LTk0NWMtNDExZC05M2U5LWIyM2Y5ZDNkNDg5YgBGAAAAAAATzb8y8mz4R5uvMsXRTLi5BwDhyduFw1oERK26L8mmFtfWAAAAAAENAADhyduFw1oERK26L8mmFtfWAAAAdhJ1AAA=",
    "Tenant ID": "3ca40a42-d72d-43c9-b92e-0740101d9dd3",
    "Organizer": "Almendra Staffa-Healey",
    "Title": "IDI Feedback with Almendra",
    "Description": "This is the feedback session on the IDI results. Reuni\u00f3n de Microsoft Teams \u00danase a trav\u00e9s de su PC o aplicaci\u00f3n m\u00f3vil Haga clic aqu\u00ed para unirse a la reuni\u00f3n Inf\u00f3",
    "Location": "Virtual Meeting (link in Description)",
    "Attendees": {
      "Conner Williams": "optional",
      "kaushiki.srivastava@ubisoft.com": "optional"
    },
    "Virtual": true,
    "Start": "2022-04-08T12:30:00.0000000",
    "End": "2022-04-08T13:30:00.0000000",
    "Date Extracted": "2025-04-07T20:08:53.358244"
  },
  {
    "Event ID": "AAMkAGFhNTEyYmM4LTk0NWMtNDExZC05M2U5LWIyM2Y5ZDNkNDg5YgBGAAAAAAATzb8y8mz4R5uvMsXRTLi5BwDhyduFw1oERK26L8mmFtfWAAAAAAENAADhyduFw1oERK26L8mmFtfWAAAAdhJ0AAA=",
    "Tenant ID": "3ca40a42-d72d-43c9-b92e-0740101d9dd3",
    "Organizer": "Almendra Staffa-Healey",
    "Title": "another test",
    "Description": "",
    "Location": "Virtual Meeting (link in Description)",
    "Attendees": {
      "Almendra Staffa-Healey": "Organizer"
    },
    "Virtual": false,
    "Start": "2022-03-30T17:00:00.0000000",
    "End": "2022-03-30T17:30:00.0000000",
    "Date Extracted": "2025-04-07T20:08:53.358274"
  },
  {
    "Event ID": "AAMkAGFhNTEyYmM4LTk0NWMtNDExZC05M2U5LWIyM2Y5ZDNkNDg5YgBGAAAAAAATzb8y8mz4R5uvMsXRTLi5BwDhyduFw1oERK26L8mmFtfWAAAAAAENAADhyduFw1oERK26L8mmFtfWAAAAdhJzAAA=",
    "Tenant ID": "3ca40a42-d72d-43c9-b92e-0740101d9dd3",
    "Organizer": "Almendra Staffa-Healey",
    "Title": "test",
    "Description": "",
    "Location": "Virtual Meeting (link in Description)",
    "Attendees": {
      "Almendra Staffa-Healey": "Organizer"
    },
    "Virtual": false,
    "Start": "2022-03-30T15:00:00.0000000",
    "End": "2022-03-30T15:30:00.0000000",
    "Date Extracted": "2025-04-07T20:08:53.358300"
  },
  {
    "Event ID": "AAMkAGFhNTEyYmM4LTk0NWMtNDExZC05M2U5LWIyM2Y5ZDNkNDg5YgBGAAAAAAATzb8y8mz4R5uvMsXRTLi5BwDhyduFw1oERK26L8mmFtfWAAAAAAENAADhyduFw1oERK26L8mmFtfWAAAAdhJvAAA=",
    "Tenant ID": "3ca40a42-d72d-43c9-b92e-0740101d9dd3",
    "Organizer": "Almendra Staffa-Healey",
    "Title": "Advancing Inclusion - Part 2 (Group C)",
    "Description": "Reuni\u00f3n de Microsoft Teams \u00danase a trav\u00e9s de su PC o aplicaci\u00f3n m\u00f3vil Haga clic aqu\u00ed para unirse a la reuni\u00f3n Inf\u00f3rmese | Opciones de reuni\u00f3n",
    "Location": "Virtual Meeting (link in Description)",
    "Attendees": {
      "Tamara Thorpe": "required",
      "Ada Vargas": "required",
      "Rapha\u00eblle Lalo": "required",
      "Brian Schroeder": "required"
    },
    "Virtual": true,
    "Start": "2022-04-01T07:00:00.0000000",
    "End": "2022-04-01T09:00:00.0000000",
    "Date Extracted": "2025-04-07T20:08:53.358344"
  },
  {
    "Event ID": "AAMkAGFhNTEyYmM4LTk0NWMtNDExZC05M2U5LWIyM2Y5ZDNkNDg5YgBGAAAAAAATzb8y8mz4R5uvMsXRTLi5BwDhyduFw1oERK26L8mmFtfWAAAAAAENAADhyduFw1oERK26L8mmFtfWAAAAdhJtAAA=",
    "Tenant ID": "3ca40a42-d72d-43c9-b92e-0740101d9dd3",
    "Organizer": "Almendra Staffa-Healey",
    "Title": "Advancing Inclusion - Part 1 (Group C)",
    "Description": "Reuni\u00f3n de Microsoft Teams \u00danase a trav\u00e9s de su PC o aplicaci\u00f3n m\u00f3vil Haga clic aqu\u00ed para unirse a la reuni\u00f3n Inf\u00f3rmese | Opciones de reuni\u00f3n",
    "Location": "Virtual Meeting (link in Description)",
    "Attendees": {
      "Ada Vargas": "required",
      "Tamara Thorpe": "required",
      "Brian Schroeder": "required",
      "Rapha\u00eblle Lalo": "required"
    },
    "Virtual": true,
    "Start": "2022-03-31T07:00:00.0000000",
    "End": "2022-03-31T09:00:00.0000000",
    "Date Extracted": "2025-04-07T20:08:53.358388"
  }
]