[
  {
    "userPrincipalName": "a.ghazaleh@lcwmail.com",
    "fileName": "Desktop",
    "itemId": "01V5DSRQNLWVVKBYED2BBJCNWD4BQDOHCW",
    "isFolder": true,
    "fileType": "folder",
    "fileSizeBytes": "N/A",
    "lastModified": "2021-10-19T18:18:19Z",
    "lastModifiedBy": "Amir G",
    "extractedAt": "2025-04-08T22:04:01.619389",
    "activityCount": 0,
    "activities": []
  },
  {
    "userPrincipalName": "a.ghazaleh@lcwmail.com",
    "fileName": "Documents",
    "itemId": "01V5DSRQK3ZDW4I35DMVA3QB42J3RTQJJV",
    "isFolder": true,
    "fileType": "folder",
    "fileSizeBytes": "N/A",
    "lastModified": "2021-10-19T18:18:20Z",
    "lastModifiedBy": "Amir G",
    "extractedAt": "2025-04-08T22:04:02.458941",
    "activityCount": 1,
    "activities": [
      {
        "activityId": "INZCTVjV2UhzLTYIAAAAAA==",
        "actionType": "edit",
        "performedBy": "Amir G",
        "userPrincipalName": "a.ghazaleh@lcwmail.com",
        "email": "a.ghazaleh@lcwmail.com",
        "timestamp": "2022-01-11T23:15:47Z"
      }
    ]
  },
  {
    "userPrincipalName": "a.ghazaleh@lcwmail.com",
    "fileName": "Microsoft Teams Chat Files",
    "itemId": "01V5DSRQKGKSBRRJM6ZREL5EPBBD4732UQ",
    "isFolder": true,
    "fileType": "folder",
    "fileSizeBytes": "N/A",
    "lastModified": "2021-05-26T15:36:04Z",
    "lastModifiedBy": "Amir G",
    "extractedAt": "2025-04-08T22:04:03.370184",
    "activityCount": 0,
    "activities": []
  },
  {
    "userPrincipalName": "a.ghazaleh@lcwmail.com",
    "fileName": "Pictures",
    "itemId": "01V5DSRQOZ7P3MAXJVL5AKG5JW5RYK5HNE",
    "isFolder": true,
    "fileType": "folder",
    "fileSizeBytes": "N/A",
    "lastModified": "2021-10-19T18:18:20Z",
    "lastModifiedBy": "Amir G",
    "extractedAt": "2025-04-08T22:04:04.274733",
    "activityCount": 0,
    "activities": []
  },
  {
    "userPrincipalName": "a.ghazaleh@lcwmail.com",
    "fileName": "Recordings",
    "itemId": "01V5DSRQK2SEPOJPY45RFYC43B3ONSRCCM",
    "isFolder": true,
    "fileType": "folder",
    "fileSizeBytes": "N/A",
    "lastModified": "2021-12-14T19:59:22Z",
    "lastModifiedBy": "Amir G",
    "extractedAt": "2025-04-08T22:04:05.188477",
    "activityCount": 0,
    "activities": []
  },
  {
    "userPrincipalName": "a.ghazaleh@lcwmail.com",
    "fileName": "Interview Questions and Note Taker - Kevin Bridgewater (1).docx",
    "itemId": "01V5DSRQLPOUUZBNH5O5AKBDSN2RUW2CF2",
    "isFolder": false,
    "fileType": "application/vnd.openxmlformats-officedocument.wordprocessingml.document",
    "fileSizeBytes": 61308,
    "lastModified": "2021-10-19T14:15:49Z",
    "lastModifiedBy": "Amir G",
    "extractedAt": "2025-04-08T22:04:06.079918",
    "activityCount": 0,
    "activities": []
  },
  {
    "userPrincipalName": "a.ghazaleh@lcwmail.com",
    "fileName": "Interview Questions and Note Taker - Kevin Bridgewater (2).docx",
    "itemId": "01V5DSRQPQC47EUCCRKFA32AMJQYFNVBRK",
    "isFolder": false,
    "fileType": "application/vnd.openxmlformats-officedocument.wordprocessingml.document",
    "fileSizeBytes": 61203,
    "lastModified": "2021-10-19T18:09:17Z",
    "lastModifiedBy": "Amir G",
    "extractedAt": "2025-04-08T22:04:06.990651",
    "activityCount": 0,
    "activities": []
  },
  {
    "userPrincipalName": "a.ghazaleh@lcwmail.com",
    "fileName": "Interview Questions and Note Taker - Kevin Bridgewater.docx",
    "itemId": "01V5DSRQPQ7CA7SXN5LBAZLFTNEWA5RJEG",
    "isFolder": false,
    "fileType": "application/vnd.openxmlformats-officedocument.wordprocessingml.document",
    "fileSizeBytes": 61309,
    "lastModified": "2021-10-19T14:09:14Z",
    "lastModifiedBy": "Amir G",
    "extractedAt": "2025-04-08T22:04:07.883552",
    "activityCount": 0,
    "activities": []
  },
  {
    "userPrincipalName": "a.ghazaleh@lcwmail.com",
    "fileName": "LCW and BC.docx",
    "itemId": "01V5DSRQOX5T527IVOB5CLLR33NYECKGVW",
    "isFolder": false,
    "fileType": "application/vnd.openxmlformats-officedocument.wordprocessingml.document",
    "fileSizeBytes": 19739,
    "lastModified": "2021-10-19T14:23:21Z",
    "lastModifiedBy": "Amir G",
    "extractedAt": "2025-04-08T22:04:08.716261",
    "activityCount": 0,
    "activities": []
  },
  {
    "userPrincipalName": "a.ghazaleh@lcwmail.com",
    "fileName": "NW Agenda.docx",
    "itemId": "01V5DSRQJ3XVHCYTA6BZGKFN557AEMO3A5",
    "isFolder": false,
    "fileType": "application/vnd.openxmlformats-officedocument.wordprocessingml.document",
    "fileSizeBytes": 340937,
    "lastModified": "2021-08-17T14:32:44Z",
    "lastModifiedBy": "Amir G",
    "extractedAt": "2025-04-08T22:04:09.639818",
    "activityCount": 0,
    "activities": []
  },
  {
    "userPrincipalName": "a.ghazaleh@lcwmail.com",
    "fileName": "NW Meeting 1.docx",
    "itemId": "01V5DSRQONIFPLH3VM6NHJXDA4JDQ5DPT4",
    "isFolder": false,
    "fileType": "application/vnd.openxmlformats-officedocument.wordprocessingml.document",
    "fileSizeBytes": 24548,
    "lastModified": "2021-08-31T20:52:37Z",
    "lastModifiedBy": "Amir G",
    "extractedAt": "2025-04-08T22:04:11.121005",
    "activityCount": 0,
    "activities": []
  },
  {
    "userPrincipalName": "a.ghazaleh@lcwmail.com",
    "fileName": "UTBE Polls.xlsx",
    "itemId": "01V5DSRQLAR6K7BBDH6NE2YQX64LZFVWNB",
    "isFolder": false,
    "fileType": "application/vnd.openxmlformats-officedocument.spreadsheetml.sheet",
    "fileSizeBytes": 12395,
    "lastModified": "2022-01-10T00:12:15Z",
    "lastModifiedBy": "Amir G",
    "extractedAt": "2025-04-08T22:04:11.934485",
    "activityCount": 0,
    "activities": []
  }
]