[
  {
    "userPrincipalName": "B.Kuntzel@lcwmail.com",
    "fileName": "Microsoft Teams Chat Files",
    "itemId": "014QC7R22V4THOXF4IC5HJ54JGDBSVWINZ",
    "isFolder": true,
    "fileType": "folder",
    "fileSizeBytes": "N/A",
    "lastModified": "2022-11-21T15:50:30Z",
    "lastModifiedBy": "Bastian Kuntzel",
    "extractedAt": "2025-04-08T22:04:34.202694",
    "activityCount": 1,
    "activities": [
      {
        "activityId": "MLFR3bHb20jdJJYMAAAAAA==",
        "actionType": "edit",
        "performedBy": "Bastian Kuntzel",
        "userPrincipalName": "b.kuntzel@lcwmail.com",
        "email": "B.Kuntzel@lcwmail.com",
        "timestamp": "2023-11-02T14:41:57Z"
      }
    ]
  }
]