[
  {
    "userPrincipalName": "a.vargas@lcwmail.com",
    "fileName": "Microsoft Teams Chat Files",
    "itemId": "01EQ7RAY2FYIPXRLPBKJGZ2O6VXYMAC5KP",
    "isFolder": true,
    "fileType": "folder",
    "fileSizeBytes": "N/A",
    "lastModified": "2022-01-07T15:30:24Z",
    "lastModifiedBy": "Ada Vargas",
    "extractedAt": "2025-04-08T22:04:13.036085",
    "activityCount": 0,
    "activities": []
  },
  {
    "userPrincipalName": "a.vargas@lcwmail.com",
    "fileName": "Recordings",
    "itemId": "01EQ7RAY7QT257HMLPQZFKGUFCHRJ3CBOY",
    "isFolder": true,
    "fileType": "folder",
    "fileSizeBytes": "N/A",
    "lastModified": "2021-09-07T16:01:17Z",
    "lastModifiedBy": "Ada Vargas",
    "extractedAt": "2025-04-08T22:04:13.962060",
    "activityCount": 1,
    "activities": [
      {
        "activityId": "UGccm0372kgTa7gKAAAAAA==",
        "actionType": "delete",
        "performedBy": "Ada Vargas",
        "userPrincipalName": "a.vargas@lcwmail.com",
        "email": "a.vargas@lcwmail.com",
        "timestamp": "2023-01-21T01:19:55Z"
      }
    ]
  },
  {
    "userPrincipalName": "a.vargas@lcwmail.com",
    "fileName": "Ada @ LCW",
    "itemId": "01EQ7RAY4T5Z7WFQFYPFE3REIXAW3WGO5F",
    "isFolder": true,
    "fileType": "folder",
    "fileSizeBytes": "N/A",
    "lastModified": "2022-02-01T15:55:02Z",
    "lastModifiedBy": "Ada Vargas",
    "extractedAt": "2025-04-08T22:04:14.769852",
    "activityCount": 0,
    "activities": []
  },
  {
    "userPrincipalName": "a.vargas@lcwmail.com",
    "fileName": "Ada Vargas Facilitator Profile.pptx",
    "itemId": "01EQ7RAY5TQUCTDEWT3VDIMFQSF7ULJHFF",
    "isFolder": false,
    "fileType": "application/vnd.openxmlformats-officedocument.presentationml.presentation",
    "fileSizeBytes": 825502,
    "lastModified": "2022-05-26T14:56:51Z",
    "lastModifiedBy": "Ada Vargas",
    "extractedAt": "2025-04-08T22:04:15.634403",
    "activityCount": 0,
    "activities": []
  },
  {
    "userPrincipalName": "a.vargas@lcwmail.com",
    "fileName": "AV Client Project Tracking.xlsx",
    "itemId": "01EQ7RAYZAFMAT6S7LXVDYJ6LYUCS5MFSJ",
    "isFolder": false,
    "fileType": "application/vnd.openxmlformats-officedocument.spreadsheetml.sheet",
    "fileSizeBytes": 16065,
    "lastModified": "2021-08-30T14:47:50Z",
    "lastModifiedBy": "Ada Vargas",
    "extractedAt": "2025-04-08T22:04:16.536130",
    "activityCount": 0,
    "activities": []
  },
  {
    "userPrincipalName": "a.vargas@lcwmail.com",
    "fileName": "Courageous Advocacy Continuing Support Takeaway.pptx",
    "itemId": "01EQ7RAY4JQ4KIDREHSNGZ52WJS5BIXJVP",
    "isFolder": false,
    "fileType": "application/vnd.openxmlformats-officedocument.presentationml.presentation",
    "fileSizeBytes": 7143059,
    "lastModified": "2022-12-05T21:28:23Z",
    "lastModifiedBy": "Ada Vargas",
    "extractedAt": "2025-04-08T22:04:17.360094",
    "activityCount": 0,
    "activities": []
  },
  {
    "userPrincipalName": "a.vargas@lcwmail.com",
    "fileName": "Edit notes LGBTQ+ Immersion 8-5.pptx",
    "itemId": "01EQ7RAY6RQCYQJNF3JBB3O3P3VK5ZYD3G",
    "isFolder": false,
    "fileType": "application/vnd.openxmlformats-officedocument.presentationml.presentation",
    "fileSizeBytes": 467342924,
    "lastModified": "2021-08-05T19:55:53Z",
    "lastModifiedBy": "Ada Vargas",
    "extractedAt": "2025-04-08T22:04:18.743300",
    "activityCount": 0,
    "activities": []
  },
  {
    "userPrincipalName": "a.vargas@lcwmail.com",
    "fileName": "Gusto - 146",
    "itemId": "01EQ7RAY2G4C23RFCYS5AJ3XRIUITPV5VB",
    "isFolder": true,
    "fileType": "folder",
    "fileSizeBytes": "N/A",
    "lastModified": "2022-02-01T17:19:57Z",
    "lastModifiedBy": "Ada Vargas",
    "extractedAt": "2025-04-08T22:04:19.574071",
    "activityCount": 0,
    "activities": []
  },
  {
    "userPrincipalName": "a.vargas@lcwmail.com",
    "fileName": "Gusto - RISE 2.0 Program Development v10.pptx",
    "itemId": "01EQ7RAY5XPCRQLWNPR5A2KFNFLXEU42ZO",
    "isFolder": false,
    "fileType": "application/vnd.openxmlformats-officedocument.presentationml.presentation",
    "fileSizeBytes": 898976,
    "lastModified": "2022-04-29T14:43:09Z",
    "lastModifiedBy": "Ada Vargas",
    "extractedAt": "2025-04-08T22:04:20.365560",
    "activityCount": 0,
    "activities": []
  },
  {
    "userPrincipalName": "a.vargas@lcwmail.com",
    "fileName": "Kohler Project Notes",
    "itemId": "01EQ7RAY4H3V772MZ34JE3TSPRDOY4DZUM",
    "isFolder": true,
    "fileType": "folder",
    "fileSizeBytes": "N/A",
    "lastModified": "2022-02-03T16:01:51Z",
    "lastModifiedBy": "Ada Vargas",
    "extractedAt": "2025-04-08T22:04:21.188543",
    "activityCount": 0,
    "activities": []
  },
  {
    "userPrincipalName": "a.vargas@lcwmail.com",
    "fileName": "Presentation1.pptx",
    "itemId": "01EQ7RAYYFOURFWHW2INC2JAX4L65AN6DR",
    "isFolder": false,
    "fileType": "application/vnd.openxmlformats-officedocument.presentationml.presentation",
    "fileSizeBytes": 1485641,
    "lastModified": "2022-07-12T14:08:50Z",
    "lastModifiedBy": "Ada Vargas",
    "extractedAt": "2025-04-08T22:04:21.939951",
    "activityCount": 0,
    "activities": []
  },
  {
    "userPrincipalName": "a.vargas@lcwmail.com",
    "fileName": "Schedule of AC Meeting Teaching Time.xlsx",
    "itemId": "01EQ7RAY7QWAYAQ6CWLZBLGX6ZDGK7LXWT",
    "isFolder": false,
    "fileType": "application/vnd.openxmlformats-officedocument.spreadsheetml.sheet",
    "fileSizeBytes": 15335,
    "lastModified": "2021-08-27T17:43:56Z",
    "lastModifiedBy": "Ada Vargas",
    "extractedAt": "2025-04-08T22:04:22.803678",
    "activityCount": 0,
    "activities": []
  }
]