[
  {
    "userPrincipalName": "e.richmond@lcwmail.com",
    "fileName": "Apps",
    "itemId": "01V24Q2AZBHM7BR7NOSZFZHGQF7N6TRRRK",
    "isFolder": true,
    "fileType": "folder",
    "fileSizeBytes": "N/A",
    "lastModified": "2023-06-27T20:05:50Z",
    "lastModifiedBy": "Emani Richmond",
    "extractedAt": "2025-04-08T22:04:51.367677",
    "activityCount": 0,
    "activities": []
  },
  {
    "userPrincipalName": "e.richmond@lcwmail.com",
    "fileName": "Attachments",
    "itemId": "01V24Q2A3VWP4MJ6X6PZDKNOA5MQPZ4ILH",
    "isFolder": true,
    "fileType": "folder",
    "fileSizeBytes": "N/A",
    "lastModified": "2023-03-13T21:20:05Z",
    "lastModifiedBy": "Emani Richmond",
    "extractedAt": "2025-04-08T22:04:52.178647",
    "activityCount": 0,
    "activities": []
  },
  {
    "userPrincipalName": "e.richmond@lcwmail.com",
    "fileName": "Meetings",
    "itemId": "01V24Q2AZO6JM4BHXPRJAYHX7UUAP6PE2P",
    "isFolder": true,
    "fileType": "folder",
    "fileSizeBytes": "N/A",
    "lastModified": "2023-08-11T14:49:05Z",
    "lastModifiedBy": "Emani Richmond",
    "extractedAt": "2025-04-08T22:04:52.964224",
    "activityCount": 0,
    "activities": []
  },
  {
    "userPrincipalName": "e.richmond@lcwmail.com",
    "fileName": "Microsoft Teams Chat Files",
    "itemId": "01V24Q2A6Y3EBTOYZ2NRELPQRQESCDDJ7I",
    "isFolder": true,
    "fileType": "folder",
    "fileSizeBytes": "N/A",
    "lastModified": "2021-05-13T12:45:24Z",
    "lastModifiedBy": "Emani Richmond",
    "extractedAt": "2025-04-08T22:04:53.742087",
    "activityCount": 0,
    "activities": []
  },
  {
    "userPrincipalName": "e.richmond@lcwmail.com",
    "fileName": "Microsoft Teams Data",
    "itemId": "01V24Q2A4YPPE3WR475RAIN2LTED6IMFNK",
    "isFolder": true,
    "fileType": "folder",
    "fileSizeBytes": "N/A",
    "lastModified": "2021-05-11T17:59:02Z",
    "lastModifiedBy": "Emani Richmond",
    "extractedAt": "2025-04-08T22:04:54.552172",
    "activityCount": 0,
    "activities": []
  },
  {
    "userPrincipalName": "e.richmond@lcwmail.com",
    "fileName": "Recordings",
    "itemId": "01V24Q2A72XGG7LYPNDBAIFF36H4MGMEDK",
    "isFolder": true,
    "fileType": "folder",
    "fileSizeBytes": "N/A",
    "lastModified": "2021-08-26T18:07:07Z",
    "lastModifiedBy": "Emani Richmond",
    "extractedAt": "2025-04-08T22:04:55.350117",
    "activityCount": 0,
    "activities": []
  },
  {
    "userPrincipalName": "e.richmond@lcwmail.com",
    "fileName": "Whiteboards",
    "itemId": "01V24Q2A6HXFR4LFEGDFE2JS2CTHB6WH6B",
    "isFolder": true,
    "fileType": "folder",
    "fileSizeBytes": "N/A",
    "lastModified": "2023-08-21T15:40:20Z",
    "lastModifiedBy": "Emani Richmond",
    "extractedAt": "2025-04-08T22:04:56.154066",
    "activityCount": 0,
    "activities": []
  },
  {
    "userPrincipalName": "e.richmond@lcwmail.com",
    "fileName": "22.03.31 Call Notes.docx",
    "itemId": "01V24Q2AYPV4IS2QEZ5JHLWFLX7YFSJIVZ",
    "isFolder": false,
    "fileType": "application/vnd.openxmlformats-officedocument.wordprocessingml.document",
    "fileSizeBytes": 24627,
    "lastModified": "2022-03-31T19:40:17Z",
    "lastModifiedBy": "Emani Richmond",
    "extractedAt": "2025-04-08T22:04:56.943855",
    "activityCount": 0,
    "activities": []
  },
  {
    "userPrincipalName": "e.richmond@lcwmail.com",
    "fileName": "22.04.27_Call Notes.docx",
    "itemId": "01V24Q2AZKNPUYXPXJMNHIIRFGIF2CWPOZ",
    "isFolder": false,
    "fileType": "application/vnd.openxmlformats-officedocument.wordprocessingml.document",
    "fileSizeBytes": 20770,
    "lastModified": "2022-04-27T13:41:43Z",
    "lastModifiedBy": "Emani Richmond",
    "extractedAt": "2025-04-08T22:04:57.708947",
    "activityCount": 0,
    "activities": []
  },
  {
    "userPrincipalName": "e.richmond@lcwmail.com",
    "fileName": "22.05.09_GDP Interview Notes.docx",
    "itemId": "01V24Q2A6I6HVX46PB6RBKRX55WFE63SNI",
    "isFolder": false,
    "fileType": "application/vnd.openxmlformats-officedocument.wordprocessingml.document",
    "fileSizeBytes": 32993,
    "lastModified": "2022-05-09T16:07:49Z",
    "lastModifiedBy": "Emani Richmond",
    "extractedAt": "2025-04-08T22:04:58.462759",
    "activityCount": 0,
    "activities": []
  },
  {
    "userPrincipalName": "e.richmond@lcwmail.com",
    "fileName": "22.06.14_Call Notes.docx",
    "itemId": "01V24Q2A2YSZ7TDPTQWNBYGBOUUNMQUGLQ",
    "isFolder": false,
    "fileType": "application/vnd.openxmlformats-officedocument.wordprocessingml.document",
    "fileSizeBytes": 18814,
    "lastModified": "2022-06-14T17:01:57Z",
    "lastModifiedBy": "Emani Richmond",
    "extractedAt": "2025-04-08T22:04:59.291734",
    "activityCount": 0,
    "activities": []
  },
  {
    "userPrincipalName": "e.richmond@lcwmail.com",
    "fileName": "22.09.02_Kleinfelder Call.docx",
    "itemId": "01V24Q2AYOBT4A7PQAZRB2FNIRCXCREARM",
    "isFolder": false,
    "fileType": "application/vnd.openxmlformats-officedocument.wordprocessingml.document",
    "fileSizeBytes": 26556,
    "lastModified": "2022-09-02T18:03:28Z",
    "lastModifiedBy": "Emani Richmond",
    "extractedAt": "2025-04-08T22:05:00.690392",
    "activityCount": 0,
    "activities": []
  },
  {
    "userPrincipalName": "e.richmond@lcwmail.com",
    "fileName": "23.09.22_Client Notes.docx",
    "itemId": "01V24Q2A5NHJSW5FGA25E2HIN6E7H5CNN4",
    "isFolder": false,
    "fileType": "application/vnd.openxmlformats-officedocument.wordprocessingml.document",
    "fileSizeBytes": 27247,
    "lastModified": "2023-09-28T20:16:43Z",
    "lastModifiedBy": "Emani Richmond",
    "extractedAt": "2025-04-08T22:05:01.434610",
    "activityCount": 0,
    "activities": []
  },
  {
    "userPrincipalName": "e.richmond@lcwmail.com",
    "fileName": "7.docx",
    "itemId": "01V24Q2A4JRZJTLX3LGVBJAHTJ2YI26D5C",
    "isFolder": false,
    "fileType": "application/vnd.openxmlformats-officedocument.wordprocessingml.document",
    "fileSizeBytes": 18881,
    "lastModified": "2021-07-28T16:56:13Z",
    "lastModifiedBy": "Emani Richmond",
    "extractedAt": "2025-04-08T22:05:02.213888",
    "activityCount": 0,
    "activities": []
  },
  {
    "userPrincipalName": "e.richmond@lcwmail.com",
    "fileName": "AC Bi-Weekly Mtg_",
    "itemId": "01V24Q2A5F6P4M6DSHP5A2OIWU3UFBULCQ",
    "isFolder": true,
    "fileType": "folder",
    "fileSizeBytes": "N/A",
    "lastModified": "2021-11-23T15:12:48Z",
    "lastModifiedBy": "Emani Richmond",
    "extractedAt": "2025-04-08T22:05:03.049417",
    "activityCount": 0,
    "activities": []
  },
  {
    "userPrincipalName": "e.richmond@lcwmail.com",
    "fileName": "ARCH_Leader-led discussion guide - .docx",
    "itemId": "01V24Q2A6VDKG4C3U6RNGZZQTP2ZYYD6YN",
    "isFolder": false,
    "fileType": "application/vnd.openxmlformats-officedocument.wordprocessingml.document",
    "fileSizeBytes": 3805745,
    "lastModified": "2021-05-20T19:04:13Z",
    "lastModifiedBy": "Emani Richmond",
    "extractedAt": "2025-04-08T22:05:03.915388",
    "activityCount": 0,
    "activities": []
  },
  {
    "userPrincipalName": "e.richmond@lcwmail.com",
    "fileName": "Associate Projects",
    "itemId": "01V24Q2A3BO4JEUE6Y6ZC2OM557KBHITFW",
    "isFolder": true,
    "fileType": "folder",
    "fileSizeBytes": "N/A",
    "lastModified": "2021-11-23T15:13:32Z",
    "lastModifiedBy": "Emani Richmond",
    "extractedAt": "2025-04-08T22:05:04.774786",
    "activityCount": 0,
    "activities": []
  },
  {
    "userPrincipalName": "e.richmond@lcwmail.com",
    "fileName": "BMGF Kickoff 11.30.21.docx",
    "itemId": "01V24Q2AZOEMF5GKIG6RBYS6BAWZQV52LC",
    "isFolder": false,
    "fileType": "application/vnd.openxmlformats-officedocument.wordprocessingml.document",
    "fileSizeBytes": 27970,
    "lastModified": "2021-11-30T18:56:58Z",
    "lastModifiedBy": "Emani Richmond",
    "extractedAt": "2025-04-08T22:05:05.618876",
    "activityCount": 0,
    "activities": []
  },
  {
    "userPrincipalName": "e.richmond@lcwmail.com",
    "fileName": "Body Butters.xlsx",
    "itemId": "01V24Q2A2BR3I3CYRPRFFZXR546WV4FEIN",
    "isFolder": false,
    "fileType": "application/vnd.openxmlformats-officedocument.spreadsheetml.sheet",
    "fileSizeBytes": 18355,
    "lastModified": "2021-12-02T02:27:53Z",
    "lastModifiedBy": "Emani Richmond",
    "extractedAt": "2025-04-08T22:05:06.423570",
    "activityCount": 0,
    "activities": []
  },
  {
    "userPrincipalName": "e.richmond@lcwmail.com",
    "fileName": "Boston Scientific",
    "itemId": "01V24Q2AZAOS52TOMNL5B27LACNIDTIHRE",
    "isFolder": true,
    "fileType": "folder",
    "fileSizeBytes": "N/A",
    "lastModified": "2021-11-23T15:13:57Z",
    "lastModifiedBy": "Emani Richmond",
    "extractedAt": "2025-04-08T22:05:07.178601",
    "activityCount": 0,
    "activities": []
  },
  {
    "userPrincipalName": "e.richmond@lcwmail.com",
    "fileName": "Buddy Program.pdf",
    "itemId": "01V24Q2A5DCSDJXHA4BVDI5ZWA4RLPH7UK",
    "isFolder": false,
    "fileType": "application/pdf",
    "fileSizeBytes": 504254,
    "lastModified": "2021-05-11T17:32:13Z",
    "lastModifiedBy": "Emani Richmond",
    "extractedAt": "2025-04-08T22:05:07.968204",
    "activityCount": 0,
    "activities": []
  },
  {
    "userPrincipalName": "e.richmond@lcwmail.com",
    "fileName": "CareerDev-AgismSexism-10292022.1.pptx",
    "itemId": "01V24Q2A2OEZZOKMQI7JH33YJGMLBIREPO",
    "isFolder": false,
    "fileType": "application/vnd.openxmlformats-officedocument.presentationml.presentation",
    "fileSizeBytes": 1522829,
    "lastModified": "2022-10-31T18:23:00Z",
    "lastModifiedBy": "Emani Richmond",
    "extractedAt": "2025-04-08T22:05:08.745525",
    "activityCount": 0,
    "activities": []
  },
  {
    "userPrincipalName": "e.richmond@lcwmail.com",
    "fileName": "Carta_Understanding_Brazilian_Work_Culture-2023 (3).pptx",
    "itemId": "01V24Q2A3TGHXOQ5TX4NEIA4JUG4YMGXF4",
    "isFolder": false,
    "fileType": "application/vnd.openxmlformats-officedocument.presentationml.presentation",
    "fileSizeBytes": 44459422,
    "lastModified": "2023-10-03T19:59:58Z",
    "lastModifiedBy": "Emani Richmond",
    "extractedAt": "2025-04-08T22:05:09.633503",
    "activityCount": 0,
    "activities": []
  },
  {
    "userPrincipalName": "e.richmond@lcwmail.com",
    "fileName": "Clients",
    "itemId": "01V24Q2A4LDFPHGHTJ7FCIQR5T6ZRSTMV7",
    "isFolder": true,
    "fileType": "folder",
    "fileSizeBytes": "N/A",
    "lastModified": "2021-11-23T15:13:43Z",
    "lastModifiedBy": "Emani Richmond",
    "extractedAt": "2025-04-08T22:05:10.545714",
    "activityCount": 1,
    "activities": [
      {
        "activityId": "MCtyICDM20gnt34MAAAAAA==",
        "actionType": "edit",
        "performedBy": "Emani Richmond",
        "userPrincipalName": "e.richmond@lcwmail.com",
        "email": "e.richmond@lcwmail.com",
        "timestamp": "2023-10-13T19:10:55Z"
      }
    ]
  },
  {
    "userPrincipalName": "e.richmond@lcwmail.com",
    "fileName": "Culture Workshops",
    "itemId": "01V24Q2A4SLFHLBFSTDREIEVT6EXQVMP2N",
    "isFolder": true,
    "fileType": "folder",
    "fileSizeBytes": "N/A",
    "lastModified": "2021-11-23T15:14:55Z",
    "lastModifiedBy": "Emani Richmond",
    "extractedAt": "2025-04-08T22:05:11.453734",
    "activityCount": 0,
    "activities": []
  },
  {
    "userPrincipalName": "e.richmond@lcwmail.com",
    "fileName": "Defining My Purpose_Presentation.docx",
    "itemId": "01V24Q2AZ37QSYH4Q4JRCLCB6VVA5W4WP5",
    "isFolder": false,
    "fileType": "application/vnd.openxmlformats-officedocument.wordprocessingml.document",
    "fileSizeBytes": 26539,
    "lastModified": "2021-05-14T14:56:44Z",
    "lastModifiedBy": "Emani Richmond",
    "extractedAt": "2025-04-08T22:05:12.295586",
    "activityCount": 0,
    "activities": []
  },
  {
    "userPrincipalName": "e.richmond@lcwmail.com",
    "fileName": "Defining_my_purpose.pptx",
    "itemId": "01V24Q2AYGKOXFR7EHJJAKE47I47IZKLYM",
    "isFolder": false,
    "fileType": "application/vnd.openxmlformats-officedocument.presentationml.presentation",
    "fileSizeBytes": 12020312,
    "lastModified": "2021-05-14T14:02:43Z",
    "lastModifiedBy": "Emani Richmond",
    "extractedAt": "2025-04-08T22:05:13.204268",
    "activityCount": 0,
    "activities": []
  },
  {
    "userPrincipalName": "e.richmond@lcwmail.com",
    "fileName": "Discussion Guides Project",
    "itemId": "01V24Q2A7KLIH6726JZBGYF6VXJTPYNSDH",
    "isFolder": true,
    "fileType": "folder",
    "fileSizeBytes": "N/A",
    "lastModified": "2021-11-23T15:14:31Z",
    "lastModifiedBy": "Emani Richmond",
    "extractedAt": "2025-04-08T22:05:14.093160",
    "activityCount": 0,
    "activities": []
  },
  {
    "userPrincipalName": "e.richmond@lcwmail.com",
    "fileName": "Diverting from Race_ Guide 1.pptx",
    "itemId": "01V24Q2A7AJI7NROQDNNGYE6R2S7DW3FV2",
    "isFolder": false,
    "fileType": "application/vnd.openxmlformats-officedocument.presentationml.presentation",
    "fileSizeBytes": 4400420,
    "lastModified": "2021-05-20T19:04:48Z",
    "lastModifiedBy": "Emani Richmond",
    "extractedAt": "2025-04-08T22:05:14.921204",
    "activityCount": 0,
    "activities": []
  },
  {
    "userPrincipalName": "e.richmond@lcwmail.com",
    "fileName": "Emani @ LCW",
    "itemId": "01V24Q2AZIDMOJLDS2QRHKVXUDK4ZBVXK7",
    "isFolder": true,
    "fileType": "folder",
    "fileSizeBytes": "N/A",
    "lastModified": "2022-10-20T21:18:24Z",
    "lastModifiedBy": "Emani Richmond",
    "extractedAt": "2025-04-08T22:05:15.743780",
    "activityCount": 0,
    "activities": []
  },
  {
    "userPrincipalName": "e.richmond@lcwmail.com",
    "fileName": "Emani and Sarah",
    "itemId": "01V24Q2A3CXZWQYSDNZVBYLOF35ZS5HHYI",
    "isFolder": true,
    "fileType": "folder",
    "fileSizeBytes": "N/A",
    "lastModified": "2023-08-11T14:49:13Z",
    "lastModifiedBy": "Emani Richmond",
    "extractedAt": "2025-04-08T22:05:16.575534",
    "activityCount": 0,
    "activities": []
  },
  {
    "userPrincipalName": "e.richmond@lcwmail.com",
    "fileName": "Facilitation Track",
    "itemId": "01V24Q2AZ2NWXT3NHI4NDKLZMGX2W34SFO",
    "isFolder": true,
    "fileType": "folder",
    "fileSizeBytes": "N/A",
    "lastModified": "2021-11-23T15:14:06Z",
    "lastModifiedBy": "Emani Richmond",
    "extractedAt": "2025-04-08T22:05:17.424307",
    "activityCount": 0,
    "activities": []
  },
  {
    "userPrincipalName": "e.richmond@lcwmail.com",
    "fileName": "Financial Planning",
    "itemId": "01V24Q2A2XOG4VHM7USJE35X63WO5JNV7K",
    "isFolder": true,
    "fileType": "folder",
    "fileSizeBytes": "N/A",
    "lastModified": "2022-09-08T18:37:06Z",
    "lastModifiedBy": "Emani Richmond",
    "extractedAt": "2025-04-08T22:05:18.241148",
    "activityCount": 0,
    "activities": []
  },
  {
    "userPrincipalName": "e.richmond@lcwmail.com",
    "fileName": "Fit _ Fulfilled Academy",
    "itemId": "01V24Q2A2E3JYTGH5TFJAYN53NLM52AMPI",
    "isFolder": true,
    "fileType": "folder",
    "fileSizeBytes": "N/A",
    "lastModified": "2022-10-01T19:10:28Z",
    "lastModifiedBy": "Emani Richmond",
    "extractedAt": "2025-04-08T22:05:19.027893",
    "activityCount": 0,
    "activities": []
  },
  {
    "userPrincipalName": "e.richmond@lcwmail.com",
    "fileName": "Forum Practice",
    "itemId": "01V24Q2AYKHD6SM4YYJBBKY4XHAFCMVSCK",
    "isFolder": true,
    "fileType": "folder",
    "fileSizeBytes": "N/A",
    "lastModified": "2023-02-08T20:39:37Z",
    "lastModifiedBy": "Emani Richmond",
    "extractedAt": "2025-04-08T22:05:19.786693",
    "activityCount": 0,
    "activities": []
  },
  {
    "userPrincipalName": "e.richmond@lcwmail.com",
    "fileName": "Highlights.pptx",
    "itemId": "01V24Q2A5QVWVGJ4ZHP5FLUGXZZTMZ4URZ",
    "isFolder": false,
    "fileType": "application/vnd.openxmlformats-officedocument.presentationml.presentation",
    "fileSizeBytes": 19787518,
    "lastModified": "2021-06-03T15:35:33Z",
    "lastModifiedBy": "Emani Richmond",
    "extractedAt": "2025-04-08T22:05:20.514035",
    "activityCount": 0,
    "activities": []
  },
  {
    "userPrincipalName": "e.richmond@lcwmail.com",
    "fileName": "Icons for logo.pptx",
    "itemId": "01V24Q2A3TSXQGTL2TWRGI34ZMAYGM6HH2",
    "isFolder": false,
    "fileType": "application/vnd.openxmlformats-officedocument.presentationml.presentation",
    "fileSizeBytes": 223740,
    "lastModified": "2022-03-18T14:05:03Z",
    "lastModifiedBy": "Emani Richmond",
    "extractedAt": "2025-04-08T22:05:21.282854",
    "activityCount": 0,
    "activities": []
  },
  {
    "userPrincipalName": "e.richmond@lcwmail.com",
    "fileName": "IDI @ LCW",
    "itemId": "01V24Q2A4EUKFGMTGYGZAK4ZUNYS7YQSME",
    "isFolder": true,
    "fileType": "folder",
    "fileSizeBytes": "N/A",
    "lastModified": "2023-08-01T20:04:06Z",
    "lastModifiedBy": "Emani Richmond",
    "extractedAt": "2025-04-08T22:05:22.080871",
    "activityCount": 0,
    "activities": []
  },
  {
    "userPrincipalName": "e.richmond@lcwmail.com",
    "fileName": "IDI Qualifying Seminar",
    "itemId": "01V24Q2A2UOOGNBJJ4FZDZHYBQN3CRXJPC",
    "isFolder": true,
    "fileType": "folder",
    "fileSizeBytes": "N/A",
    "lastModified": "2022-08-17T12:36:09Z",
    "lastModifiedBy": "Emani Richmond",
    "extractedAt": "2025-04-08T22:05:22.888261",
    "activityCount": 0,
    "activities": []
  },
  {
    "userPrincipalName": "e.richmond@lcwmail.com",
    "fileName": "IDI_Personal Work",
    "itemId": "01V24Q2A2YS3VHJUC2ABCZ6YD2R52SRV57",
    "isFolder": true,
    "fileType": "folder",
    "fileSizeBytes": "N/A",
    "lastModified": "2021-11-23T15:11:35Z",
    "lastModifiedBy": "Emani Richmond",
    "extractedAt": "2025-04-08T22:05:23.679009",
    "activityCount": 0,
    "activities": []
  },
  {
    "userPrincipalName": "e.richmond@lcwmail.com",
    "fileName": "Inspires professionals to connect across cultures.docx",
    "itemId": "01V24Q2A4JGASEAE4IR5AIZXJYOOVJ2YMI",
    "isFolder": false,
    "fileType": "application/vnd.openxmlformats-officedocument.wordprocessingml.document",
    "fileSizeBytes": 18947,
    "lastModified": "2021-05-10T16:30:45Z",
    "lastModifiedBy": "Emani Richmond",
    "extractedAt": "2025-04-08T22:05:24.418303",
    "activityCount": 0,
    "activities": []
  },
  {
    "userPrincipalName": "e.richmond@lcwmail.com",
    "fileName": "J&J mtg.docx",
    "itemId": "01V24Q2A7LLBW4CH6WJNDLFNLIES7D57KH",
    "isFolder": false,
    "fileType": "application/vnd.openxmlformats-officedocument.wordprocessingml.document",
    "fileSizeBytes": 19904,
    "lastModified": "2021-12-07T15:48:16Z",
    "lastModifiedBy": "Emani Richmond",
    "extractedAt": "2025-04-08T22:05:25.188800",
    "activityCount": 0,
    "activities": []
  },
  {
    "userPrincipalName": "e.richmond@lcwmail.com",
    "fileName": "LCW Bio_draft.docx",
    "itemId": "01V24Q2A3MHTFWISDKXFE2Q4FTBIGWOBRU",
    "isFolder": false,
    "fileType": "application/vnd.openxmlformats-officedocument.wordprocessingml.document",
    "fileSizeBytes": 20134,
    "lastModified": "2021-05-13T21:24:45Z",
    "lastModifiedBy": "Emani Richmond",
    "extractedAt": "2025-04-08T22:05:25.955734",
    "activityCount": 0,
    "activities": []
  },
  {
    "userPrincipalName": "e.richmond@lcwmail.com",
    "fileName": "LCW PPT Template_cool color-2021.thmx",
    "itemId": "01V24Q2AY2JYBVJM7XTFEKQQ3DLOD6CKGN",
    "isFolder": false,
    "fileType": "application/vnd.ms-officetheme",
    "fileSizeBytes": 131664,
    "lastModified": "2021-05-12T20:35:41Z",
    "lastModifiedBy": "Emani Richmond",
    "extractedAt": "2025-04-08T22:05:26.692213",
    "activityCount": 0,
    "activities": []
  },
  {
    "userPrincipalName": "e.richmond@lcwmail.com",
    "fileName": "LCW Theme_2021 cool.thmx",
    "itemId": "01V24Q2A6FJ2Z57FXERJAK7KOJXTUR44Q6",
    "isFolder": false,
    "fileType": "application/vnd.ms-officetheme",
    "fileSizeBytes": 131644,
    "lastModified": "2021-05-12T15:34:19Z",
    "lastModifiedBy": "Emani Richmond",
    "extractedAt": "2025-04-08T22:05:27.487080",
    "activityCount": 0,
    "activities": []
  },
  {
    "userPrincipalName": "e.richmond@lcwmail.com",
    "fileName": "LCW Theme_2021 warm.thmx",
    "itemId": "01V24Q2A3K7KDCDSXOBNFZOJN2ISEYVKYZ",
    "isFolder": false,
    "fileType": "application/vnd.ms-officetheme",
    "fileSizeBytes": 138405,
    "lastModified": "2021-05-12T15:35:28Z",
    "lastModifiedBy": "Emani Richmond",
    "extractedAt": "2025-04-08T22:05:28.289672",
    "activityCount": 0,
    "activities": []
  },
  {
    "userPrincipalName": "e.richmond@lcwmail.com",
    "fileName": "Leader-led DG-Courageous Conversations_Final.docx",
    "itemId": "01V24Q2A45CDPGC23VTBAL26LXOVH4G5GN",
    "isFolder": false,
    "fileType": "application/vnd.openxmlformats-officedocument.wordprocessingml.document",
    "fileSizeBytes": 673119,
    "lastModified": "2021-10-12T14:49:21Z",
    "lastModifiedBy": "Emani Richmond",
    "extractedAt": "2025-04-08T22:05:29.070841",
    "activityCount": 0,
    "activities": []
  },
  {
    "userPrincipalName": "e.richmond@lcwmail.com",
    "fileName": "Misc_",
    "itemId": "01V24Q2A7YFK4Z6SMW4RHKE3YQ632XPVZO",
    "isFolder": true,
    "fileType": "folder",
    "fileSizeBytes": "N/A",
    "lastModified": "2021-11-23T15:14:40Z",
    "lastModifiedBy": "Emani Richmond",
    "extractedAt": "2025-04-08T22:05:29.870085",
    "activityCount": 0,
    "activities": []
  },
  {
    "userPrincipalName": "e.richmond@lcwmail.com",
    "fileName": "NonEnglish Languages.xlsx",
    "itemId": "01V24Q2A7OSZDKVG4RWFAY6RVMOUNS7NWA",
    "isFolder": false,
    "fileType": "application/vnd.openxmlformats-officedocument.spreadsheetml.sheet",
    "fileSizeBytes": 17828,
    "lastModified": "2021-05-18T17:12:21Z",
    "lastModifiedBy": "Emani Richmond",
    "extractedAt": "2025-04-08T22:05:30.632716",
    "activityCount": 0,
    "activities": []
  },
  {
    "userPrincipalName": "e.richmond@lcwmail.com",
    "fileName": "Northwestern",
    "itemId": "01V24Q2A4YW7F5UHN5FBC3IDZXYMAKXXG4",
    "isFolder": true,
    "fileType": "folder",
    "fileSizeBytes": "N/A",
    "lastModified": "2021-12-14T22:00:11Z",
    "lastModifiedBy": "Emani Richmond",
    "extractedAt": "2025-04-08T22:05:31.379710",
    "activityCount": 0,
    "activities": []
  },
  {
    "userPrincipalName": "e.richmond@lcwmail.com",
    "fileName": "NU and LCW 10.21.21 Call Notes.docx",
    "itemId": "01V24Q2A222EHROEVNWRBINCNIO5LXTAXL",
    "isFolder": false,
    "fileType": "application/vnd.openxmlformats-officedocument.wordprocessingml.document",
    "fileSizeBytes": 21294,
    "lastModified": "2021-10-21T20:46:57Z",
    "lastModifiedBy": "Emani Richmond",
    "extractedAt": "2025-04-08T22:05:32.145049",
    "activityCount": 0,
    "activities": []
  },
  {
    "userPrincipalName": "e.richmond@lcwmail.com",
    "fileName": "NU and LCW 11.18.21 Call Notes.docx",
    "itemId": "01V24Q2A2HC4KUHE6Q2VDZ3HYRO2N6CL4L",
    "isFolder": false,
    "fileType": "application/vnd.openxmlformats-officedocument.wordprocessingml.document",
    "fileSizeBytes": 21776,
    "lastModified": "2021-11-18T21:34:49Z",
    "lastModifiedBy": "Emani Richmond",
    "extractedAt": "2025-04-08T22:05:32.877497",
    "activityCount": 0,
    "activities": []
  },
  {
    "userPrincipalName": "e.richmond@lcwmail.com",
    "fileName": "NW and LCW 9.15.21 Meeting Notes.docx",
    "itemId": "01V24Q2A5SH3L24CLBDBHYUMILQEOMH7W4",
    "isFolder": false,
    "fileType": "application/vnd.openxmlformats-officedocument.wordprocessingml.document",
    "fileSizeBytes": 21367,
    "lastModified": "2021-09-16T15:04:06Z",
    "lastModifiedBy": "Emani Richmond",
    "extractedAt": "2025-04-08T22:05:33.631154",
    "activityCount": 0,
    "activities": []
  },
  {
    "userPrincipalName": "e.richmond@lcwmail.com",
    "fileName": "Olly Mail Merge_word.docx",
    "itemId": "01V24Q2A5YYYT77MFGLFHLBPOCN3QQK5KY",
    "isFolder": false,
    "fileType": "application/vnd.openxmlformats-officedocument.wordprocessingml.document",
    "fileSizeBytes": 43357,
    "lastModified": "2023-08-18T13:23:31Z",
    "lastModifiedBy": "Emani Richmond",
    "extractedAt": "2025-04-08T22:05:34.434709",
    "activityCount": 0,
    "activities": []
  },
  {
    "userPrincipalName": "e.richmond@lcwmail.com",
    "fileName": "Onboarding",
    "itemId": "01V24Q2A7DSB5YYHDDKJC2EAJDYQ3DHCLS",
    "isFolder": true,
    "fileType": "folder",
    "fileSizeBytes": "N/A",
    "lastModified": "2021-11-23T15:10:45Z",
    "lastModifiedBy": "Emani Richmond",
    "extractedAt": "2025-04-08T22:05:35.395953",
    "activityCount": 0,
    "activities": []
  },
  {
    "userPrincipalName": "e.richmond@lcwmail.com",
    "fileName": "One on Ones",
    "itemId": "01V24Q2AY7TLQSOC3HLFC32FFHVOEEXJWS",
    "isFolder": true,
    "fileType": "folder",
    "fileSizeBytes": "N/A",
    "lastModified": "2021-11-23T15:14:17Z",
    "lastModifiedBy": "Emani Richmond",
    "extractedAt": "2025-04-08T22:05:36.378324",
    "activityCount": 0,
    "activities": []
  },
  {
    "userPrincipalName": "e.richmond@lcwmail.com",
    "fileName": "PayPal Screenshot.docx",
    "itemId": "01V24Q2A64MV2UK5THPNCL2YJBYE2FFYLZ",
    "isFolder": false,
    "fileType": "application/vnd.openxmlformats-officedocument.wordprocessingml.document",
    "fileSizeBytes": 339669,
    "lastModified": "2021-06-30T20:12:14Z",
    "lastModifiedBy": "Emani Richmond",
    "extractedAt": "2025-04-08T22:05:37.134988",
    "activityCount": 0,
    "activities": []
  },
  {
    "userPrincipalName": "e.richmond@lcwmail.com",
    "fileName": "Predesigned Slides-2021.pptx.thmx",
    "itemId": "01V24Q2A3NZZGYUPFBCJEIEKUH3VENGZKU",
    "isFolder": false,
    "fileType": "application/vnd.ms-officetheme",
    "fileSizeBytes": 257222,
    "lastModified": "2021-05-12T15:37:44Z",
    "lastModifiedBy": "Emani Richmond",
    "extractedAt": "2025-04-08T22:05:37.833740",
    "activityCount": 0,
    "activities": []
  },
  {
    "userPrincipalName": "e.richmond@lcwmail.com",
    "fileName": "Quad Leadership Notes_ChrisHiland.docx",
    "itemId": "01V24Q2A2JZ53RLPYSGFC3DJVJL6XWRH6S",
    "isFolder": false,
    "fileType": "application/vnd.openxmlformats-officedocument.wordprocessingml.document",
    "fileSizeBytes": 63708,
    "lastModified": "2021-09-30T12:52:12Z",
    "lastModifiedBy": "Emani Richmond",
    "extractedAt": "2025-04-08T22:05:38.567971",
    "activityCount": 0,
    "activities": []
  },
  {
    "userPrincipalName": "e.richmond@lcwmail.com",
    "fileName": "Reader's Club",
    "itemId": "01V24Q2A525BNBXBMK5BGL6EZNRBID2THP",
    "isFolder": true,
    "fileType": "folder",
    "fileSizeBytes": "N/A",
    "lastModified": "2021-11-23T15:15:07Z",
    "lastModifiedBy": "Emani Richmond",
    "extractedAt": "2025-04-08T22:05:39.322773",
    "activityCount": 0,
    "activities": []
  },
  {
    "userPrincipalName": "e.richmond@lcwmail.com",
    "fileName": "Reading List",
    "itemId": "01V24Q2AYLXV445PT7BJG3OEGXTILAHRQT",
    "isFolder": true,
    "fileType": "folder",
    "fileSizeBytes": "N/A",
    "lastModified": "2021-11-23T15:13:16Z",
    "lastModifiedBy": "Emani Richmond",
    "extractedAt": "2025-04-08T22:05:40.075434",
    "activityCount": 0,
    "activities": []
  },
  {
    "userPrincipalName": "e.richmond@lcwmail.com",
    "fileName": "SIETAR",
    "itemId": "01V24Q2A2ULX3UBLZZYZG3WR6OBWQY4UVY",
    "isFolder": true,
    "fileType": "folder",
    "fileSizeBytes": "N/A",
    "lastModified": "2023-04-06T23:09:44Z",
    "lastModifiedBy": "Emani Richmond",
    "extractedAt": "2025-04-08T22:05:40.866261",
    "activityCount": 0,
    "activities": []
  },
  {
    "userPrincipalName": "e.richmond@lcwmail.com",
    "fileName": "Slow Factory",
    "itemId": "01V24Q2A5TWDW4DXACFNEK47ZQMH432R3P",
    "isFolder": true,
    "fileType": "folder",
    "fileSizeBytes": "N/A",
    "lastModified": "2022-01-28T17:03:03Z",
    "lastModifiedBy": "Emani Richmond",
    "extractedAt": "2025-04-08T22:05:41.655830",
    "activityCount": 0,
    "activities": []
  },
  {
    "userPrincipalName": "e.richmond@lcwmail.com",
    "fileName": "Sunshine committee",
    "itemId": "01V24Q2A4KIBIHXOHHLNG2Y7WHRGCGW26B",
    "isFolder": true,
    "fileType": "folder",
    "fileSizeBytes": "N/A",
    "lastModified": "2021-12-06T22:07:07Z",
    "lastModifiedBy": "Emani Richmond",
    "extractedAt": "2025-04-08T22:05:42.445706",
    "activityCount": 0,
    "activities": []
  },
  {
    "userPrincipalName": "e.richmond@lcwmail.com",
    "fileName": "Tamara 1 to 1",
    "itemId": "01V24Q2A6R3U6GXJDEJ5AJIWAZKCZO3BK5",
    "isFolder": true,
    "fileType": "folder",
    "fileSizeBytes": "N/A",
    "lastModified": "2021-11-23T15:12:35Z",
    "lastModifiedBy": "Emani Richmond",
    "extractedAt": "2025-04-08T22:05:43.213034",
    "activityCount": 0,
    "activities": []
  },
  {
    "userPrincipalName": "e.richmond@lcwmail.com",
    "fileName": "test",
    "itemId": "01V24Q2A4DHE3QGQMNNJBLDRBMQLTYUBIK",
    "isFolder": true,
    "fileType": "folder",
    "fileSizeBytes": "N/A",
    "lastModified": "2021-12-03T16:06:39Z",
    "lastModifiedBy": "Emani Richmond",
    "extractedAt": "2025-04-08T22:05:44.019017",
    "activityCount": 0,
    "activities": []
  },
  {
    "userPrincipalName": "e.richmond@lcwmail.com",
    "fileName": "Weekly Training Meeting",
    "itemId": "01V24Q2AZKFAOKRKR7TZGLUF77ZVR3BPZ2",
    "isFolder": true,
    "fileType": "folder",
    "fileSizeBytes": "N/A",
    "lastModified": "2021-11-23T15:12:04Z",
    "lastModifiedBy": "Emani Richmond",
    "extractedAt": "2025-04-08T22:05:44.890731",
    "activityCount": 0,
    "activities": []
  }
]