[
  {
    "userPrincipalName": "g.vottero@lcwmail.com",
    "fileName": "Desktop",
    "itemId": "01GUMKS6Z3TG3NBORCDJB2GAMOW2IGB3V5",
    "isFolder": true,
    "fileType": "folder",
    "fileSizeBytes": "N/A",
    "lastModified": "2021-11-08T17:31:27Z",
    "lastModifiedBy": "Grace Vottero",
    "extractedAt": "2025-04-08T22:04:59.123779",
    "activityCount": 0,
    "activities": []
  },
  {
    "userPrincipalName": "g.vottero@lcwmail.com",
    "fileName": "Documents",
    "itemId": "01GUMKS66D3HAR55LDFZDLCPJFNMRQSJW7",
    "isFolder": true,
    "fileType": "folder",
    "fileSizeBytes": "N/A",
    "lastModified": "2021-11-08T17:31:27Z",
    "lastModifiedBy": "Grace Vottero",
    "extractedAt": "2025-04-08T22:04:59.923238",
    "activityCount": 0,
    "activities": []
  },
  {
    "userPrincipalName": "g.vottero@lcwmail.com",
    "fileName": "Microsoft Teams Chat Files",
    "itemId": "01GUMKS67JB2MUU6DZ3BHJL7RQYDJKFRJW",
    "isFolder": true,
    "fileType": "folder",
    "fileSizeBytes": "N/A",
    "lastModified": "2022-04-26T17:41:58Z",
    "lastModifiedBy": "Grace Vottero",
    "extractedAt": "2025-04-08T22:05:00.664605",
    "activityCount": 0,
    "activities": []
  },
  {
    "userPrincipalName": "g.vottero@lcwmail.com",
    "fileName": "Pictures",
    "itemId": "01GUMKS67SAQ4ZFSYBSBCKO6WEID3KFBUS",
    "isFolder": true,
    "fileType": "folder",
    "fileSizeBytes": "N/A",
    "lastModified": "2021-11-08T17:31:28Z",
    "lastModifiedBy": "Grace Vottero",
    "extractedAt": "2025-04-08T22:05:01.443955",
    "activityCount": 0,
    "activities": []
  },
  {
    "userPrincipalName": "g.vottero@lcwmail.com",
    "fileName": "Recordings",
    "itemId": "01GUMKS67ZGOVBNUF3KNB3OZAUH2ARALJQ",
    "isFolder": true,
    "fileType": "folder",
    "fileSizeBytes": "N/A",
    "lastModified": "2022-01-06T19:54:42Z",
    "lastModifiedBy": "Grace Vottero",
    "extractedAt": "2025-04-08T22:05:02.244409",
    "activityCount": 0,
    "activities": []
  },
  {
    "userPrincipalName": "g.vottero@lcwmail.com",
    "fileName": "Whiteboards",
    "itemId": "01GUMKS65SVDYOLK5GHBHJ4CHCXSMQUHRY",
    "isFolder": true,
    "fileType": "folder",
    "fileSizeBytes": "N/A",
    "lastModified": "2022-05-24T15:58:11Z",
    "lastModifiedBy": "Grace Vottero",
    "extractedAt": "2025-04-08T22:05:03.088845",
    "activityCount": 0,
    "activities": []
  },
  {
    "userPrincipalName": "g.vottero@lcwmail.com",
    "fileName": "2022-12-16_odc.docx",
    "itemId": "01GUMKS6ZNHBDSHGZL4FFJVVK22NUJZP6O",
    "isFolder": false,
    "fileType": "application/vnd.openxmlformats-officedocument.wordprocessingml.document",
    "fileSizeBytes": 21864,
    "lastModified": "2022-12-16T14:58:23Z",
    "lastModifiedBy": "Grace Vottero",
    "extractedAt": "2025-04-08T22:05:03.959322",
    "activityCount": 0,
    "activities": []
  },
  {
    "userPrincipalName": "g.vottero@lcwmail.com",
    "fileName": "2022-12-19 Safeguarding and Risk Management.docx",
    "itemId": "01GUMKS62IIDNIHW7OUBHKF4RZBCXU7J7H",
    "isFolder": false,
    "fileType": "application/vnd.openxmlformats-officedocument.wordprocessingml.document",
    "fileSizeBytes": 26971,
    "lastModified": "2022-12-19T18:52:11Z",
    "lastModifiedBy": "Grace Vottero",
    "extractedAt": "2025-04-08T22:05:04.862473",
    "activityCount": 0,
    "activities": []
  },
  {
    "userPrincipalName": "g.vottero@lcwmail.com",
    "fileName": "2022-12-21 Ed Programmes.docx",
    "itemId": "01GUMKS6YBPAMLQ7FZ7VDIDJP77J4JQ7XB",
    "isFolder": false,
    "fileType": "application/vnd.openxmlformats-officedocument.wordprocessingml.document",
    "fileSizeBytes": 19434,
    "lastModified": "2022-12-21T17:03:46Z",
    "lastModifiedBy": "Grace Vottero",
    "extractedAt": "2025-04-08T22:05:05.736078",
    "activityCount": 0,
    "activities": []
  },
  {
    "userPrincipalName": "g.vottero@lcwmail.com",
    "fileName": "bio.docx",
    "itemId": "01GUMKS65YXERMLKAAGBDII4QNGUGNDGLL",
    "isFolder": false,
    "fileType": "application/vnd.openxmlformats-officedocument.wordprocessingml.document",
    "fileSizeBytes": 22803,
    "lastModified": "2021-12-28T16:25:41Z",
    "lastModifiedBy": "Grace Vottero",
    "extractedAt": "2025-04-08T22:05:06.666697",
    "activityCount": 0,
    "activities": []
  },
  {
    "userPrincipalName": "g.vottero@lcwmail.com",
    "fileName": "Book1.xlsx",
    "itemId": "01GUMKS6YUFMLXS7QQZJH2GWJ6OECJL762",
    "isFolder": false,
    "fileType": "application/vnd.openxmlformats-officedocument.spreadsheetml.sheet",
    "fileSizeBytes": 17730,
    "lastModified": "2022-10-16T12:33:09Z",
    "lastModifiedBy": "Grace Vottero",
    "extractedAt": "2025-04-08T22:05:07.520939",
    "activityCount": 0,
    "activities": []
  },
  {
    "userPrincipalName": "g.vottero@lcwmail.com",
    "fileName": "Building a Culture of Inclusion - JC GV 2022-11-10.docx",
    "itemId": "01GUMKS62GEAP5NHI46NEIZNYHYN6QQWLI",
    "isFolder": false,
    "fileType": "application/vnd.openxmlformats-officedocument.wordprocessingml.document",
    "fileSizeBytes": 20128,
    "lastModified": "2022-11-10T15:16:02Z",
    "lastModifiedBy": "Grace Vottero",
    "extractedAt": "2025-04-08T22:05:08.338927",
    "activityCount": 0,
    "activities": []
  },
  {
    "userPrincipalName": "g.vottero@lcwmail.com",
    "fileName": "DataAnalysis Rpt section (002).docx",
    "itemId": "01GUMKS67ILDGJGV5XTRCIQKJSIG7TS3WX",
    "isFolder": false,
    "fileType": "application/vnd.openxmlformats-officedocument.wordprocessingml.document",
    "fileSizeBytes": 80342,
    "lastModified": "2022-12-13T00:56:29Z",
    "lastModifiedBy": "Grace Vottero",
    "extractedAt": "2025-04-08T22:05:09.062594",
    "activityCount": 0,
    "activities": []
  },
  {
    "userPrincipalName": "g.vottero@lcwmail.com",
    "fileName": "DesignChangesTemplate-CDW MUB Performance Reviews v1-8.18.22-92122KMS.docx",
    "itemId": "01GUMKS62GELI6YOQB4NB3PPIP3BG5LC5K",
    "isFolder": false,
    "fileType": "application/vnd.openxmlformats-officedocument.wordprocessingml.document",
    "fileSizeBytes": 3788876,
    "lastModified": "2022-10-24T16:48:28Z",
    "lastModifiedBy": "Grace Vottero",
    "extractedAt": "2025-04-08T22:05:09.967659",
    "activityCount": 0,
    "activities": []
  },
  {
    "userPrincipalName": "g.vottero@lcwmail.com",
    "fileName": "Facilitating IDI Debrief with Jeffrey.docx",
    "itemId": "01GUMKS65JCI35WWZ45VA3ZUPUQ6KSJNVY",
    "isFolder": false,
    "fileType": "application/vnd.openxmlformats-officedocument.wordprocessingml.document",
    "fileSizeBytes": 26085,
    "lastModified": "2022-07-25T20:27:02Z",
    "lastModifiedBy": "Grace Vottero",
    "extractedAt": "2025-04-08T22:05:10.804160",
    "activityCount": 0,
    "activities": []
  },
  {
    "userPrincipalName": "g.vottero@lcwmail.com",
    "fileName": "Gates Foundation",
    "itemId": "01GUMKS67TXK5R3UQCTZDLH7G6ZZHOL6G3",
    "isFolder": true,
    "fileType": "folder",
    "fileSizeBytes": "N/A",
    "lastModified": "2021-11-29T16:14:25Z",
    "lastModifiedBy": "Grace Vottero",
    "extractedAt": "2025-04-08T22:05:11.593207",
    "activityCount": 0,
    "activities": []
  },
  {
    "userPrincipalName": "g.vottero@lcwmail.com",
    "fileName": "Gates Foundation.docx",
    "itemId": "01GUMKS65UUDKSRZ4BRBD3BZAULUGPZCAA",
    "isFolder": false,
    "fileType": "application/vnd.openxmlformats-officedocument.wordprocessingml.document",
    "fileSizeBytes": 23583,
    "lastModified": "2022-04-28T18:48:31Z",
    "lastModifiedBy": "Grace Vottero",
    "extractedAt": "2025-04-08T22:05:12.399936",
    "activityCount": 0,
    "activities": []
  },
  {
    "userPrincipalName": "g.vottero@lcwmail.com",
    "fileName": "Grace @ LCW",
    "itemId": "01GUMKS64VGJFTF4UCDFB3XGHS2KQBC7PT",
    "isFolder": true,
    "fileType": "folder",
    "fileSizeBytes": "N/A",
    "lastModified": "2021-11-16T20:45:15Z",
    "lastModifiedBy": "Grace Vottero",
    "extractedAt": "2025-04-08T22:05:13.289746",
    "activityCount": 0,
    "activities": []
  },
  {
    "userPrincipalName": "g.vottero@lcwmail.com",
    "fileName": "grace goals.xlsx",
    "itemId": "01GUMKS6YTUL5LGKQDMVEY75AOU3NTTIJV",
    "isFolder": false,
    "fileType": "application/vnd.openxmlformats-officedocument.spreadsheetml.sheet",
    "fileSizeBytes": 41126,
    "lastModified": "2023-02-10T21:01:14Z",
    "lastModifiedBy": "Grace Vottero",
    "extractedAt": "2025-04-08T22:05:14.165170",
    "activityCount": 0,
    "activities": []
  },
  {
    "userPrincipalName": "g.vottero@lcwmail.com",
    "fileName": "Inactive Clients",
    "itemId": "01GUMKS67ALQZQ5LDWZJHZ4ECGLMOYT2YI",
    "isFolder": true,
    "fileType": "folder",
    "fileSizeBytes": "N/A",
    "lastModified": "2022-12-27T22:45:35Z",
    "lastModifiedBy": "Grace Vottero",
    "extractedAt": "2025-04-08T22:05:15.032474",
    "activityCount": 0,
    "activities": []
  },
  {
    "userPrincipalName": "g.vottero@lcwmail.com",
    "fileName": "IUBW Spencer Stuart.docx",
    "itemId": "01GUMKS63R6R3UIHV25ND24ZHUFFKZ7WDZ",
    "isFolder": false,
    "fileType": "application/vnd.openxmlformats-officedocument.wordprocessingml.document",
    "fileSizeBytes": 25223,
    "lastModified": "2023-01-19T17:30:59Z",
    "lastModifiedBy": "Grace Vottero",
    "extractedAt": "2025-04-08T22:05:15.878511",
    "activityCount": 0,
    "activities": []
  },
  {
    "userPrincipalName": "g.vottero@lcwmail.com",
    "fileName": "Large reason for leaving earlier than planned is the team is totally dysfunctional.docx",
    "itemId": "01GUMKS66QFZXTQEVARJGKERDUZI7WIG3D",
    "isFolder": false,
    "fileType": "application/vnd.openxmlformats-officedocument.wordprocessingml.document",
    "fileSizeBytes": 22024,
    "lastModified": "2023-02-16T15:32:01Z",
    "lastModifiedBy": "Grace Vottero",
    "extractedAt": "2025-04-08T22:05:16.753178",
    "activityCount": 0,
    "activities": []
  },
  {
    "userPrincipalName": "g.vottero@lcwmail.com",
    "fileName": "LCW Course Catalog Overview_ 2022.pptx",
    "itemId": "01GUMKS6YPFZGIXC4BOVGYA3AKZXVQEY5D",
    "isFolder": false,
    "fileType": "application/vnd.openxmlformats-officedocument.presentationml.presentation",
    "fileSizeBytes": 247609908,
    "lastModified": "2022-03-31T16:15:18Z",
    "lastModifiedBy": "Grace Vottero",
    "extractedAt": "2025-04-08T22:05:17.631018",
    "activityCount": 0,
    "activities": []
  },
  {
    "userPrincipalName": "g.vottero@lcwmail.com",
    "fileName": "LCW-NU Content Tracker.xlsx",
    "itemId": "01GUMKS65RL4N2QME7VZHZ4OXXSAVCP4ZE",
    "isFolder": false,
    "fileType": "application/vnd.openxmlformats-officedocument.spreadsheetml.sheet",
    "fileSizeBytes": 20704,
    "lastModified": "2022-01-25T17:09:31Z",
    "lastModifiedBy": "Grace Vottero",
    "extractedAt": "2025-04-08T22:05:18.533317",
    "activityCount": 0,
    "activities": []
  },
  {
    "userPrincipalName": "g.vottero@lcwmail.com",
    "fileName": "Master_Services_Agreement_(template)_Ralph Lauren (EPC 8-15-2022)_NB Notes 8.16.22.docx",
    "itemId": "01GUMKS64ILODKOJK5SFDYXYOGGXKTGCLA",
    "isFolder": false,
    "fileType": "application/vnd.openxmlformats-officedocument.wordprocessingml.document",
    "fileSizeBytes": 88678,
    "lastModified": "2022-08-17T01:31:41Z",
    "lastModifiedBy": "Grace Vottero",
    "extractedAt": "2025-04-08T22:05:19.322043",
    "activityCount": 0,
    "activities": []
  },
  {
    "userPrincipalName": "g.vottero@lcwmail.com",
    "fileName": "Northwestern 2022",
    "itemId": "01GUMKS63RIFGQ6PNHWZE2JVL4X2RZHA2X",
    "isFolder": true,
    "fileType": "folder",
    "fileSizeBytes": "N/A",
    "lastModified": "2022-02-23T17:36:34Z",
    "lastModifiedBy": "Grace Vottero",
    "extractedAt": "2025-04-08T22:05:20.124948",
    "activityCount": 0,
    "activities": []
  },
  {
    "userPrincipalName": "g.vottero@lcwmail.com",
    "fileName": "partnerships.pptm",
    "itemId": "01GUMKS65PC6BKB5XS5BAYIGU6ECFUE37R",
    "isFolder": false,
    "fileType": "application/vnd.ms-powerpoint.presentation.macroEnabled.12",
    "fileSizeBytes": 165423,
    "lastModified": "2022-12-16T19:24:43Z",
    "lastModifiedBy": "Grace Vottero",
    "extractedAt": "2025-04-08T22:05:20.995293",
    "activityCount": 0,
    "activities": []
  },
  {
    "userPrincipalName": "g.vottero@lcwmail.com",
    "fileName": "Polyvagal Approach to Intercultural Interaction and Decreasing Polarization.docx",
    "itemId": "01GUMKS65QKT2E7NODEZCYG75PHFEOSHR6",
    "isFolder": false,
    "fileType": "application/vnd.openxmlformats-officedocument.wordprocessingml.document",
    "fileSizeBytes": 108551,
    "lastModified": "2022-11-21T16:53:59Z",
    "lastModifiedBy": "Grace Vottero",
    "extractedAt": "2025-04-08T22:05:21.849274",
    "activityCount": 0,
    "activities": []
  },
  {
    "userPrincipalName": "g.vottero@lcwmail.com",
    "fileName": "Tanya mtg 2022-12-08.docx",
    "itemId": "01GUMKS62RMODUWO3GVZBJKCYS3LLPP7H4",
    "isFolder": false,
    "fileType": "application/vnd.openxmlformats-officedocument.wordprocessingml.document",
    "fileSizeBytes": 21763,
    "lastModified": "2022-12-08T20:33:13Z",
    "lastModifiedBy": "Grace Vottero",
    "extractedAt": "2025-04-08T22:05:22.654002",
    "activityCount": 0,
    "activities": []
  },
  {
    "userPrincipalName": "g.vottero@lcwmail.com",
    "fileName": "Tanya.docx",
    "itemId": "01GUMKS67E7GRNANMESJEJBOISIBFHINVE",
    "isFolder": false,
    "fileType": "application/vnd.openxmlformats-officedocument.wordprocessingml.document",
    "fileSizeBytes": 24250,
    "lastModified": "2022-05-11T19:25:52Z",
    "lastModifiedBy": "Grace Vottero",
    "extractedAt": "2025-04-08T22:05:23.420198",
    "activityCount": 0,
    "activities": []
  },
  {
    "userPrincipalName": "g.vottero@lcwmail.com",
    "fileName": "Trio Forum- GRACE BREAKOUT NOTES.docx",
    "itemId": "01GUMKS62C74S6EUKGXRCYXAXW4TYGN2WF",
    "isFolder": false,
    "fileType": "application/vnd.openxmlformats-officedocument.wordprocessingml.document",
    "fileSizeBytes": 28037,
    "lastModified": "2022-04-07T16:14:11Z",
    "lastModifiedBy": "Grace Vottero",
    "extractedAt": "2025-04-08T22:05:24.215393",
    "activityCount": 0,
    "activities": []
  },
  {
    "userPrincipalName": "g.vottero@lcwmail.com",
    "fileName": "When you took the\u00a0assessment\u00a0you were asked.pptx",
    "itemId": "01GUMKS66BDF56D5NDSVHJUVLLFMAXGS62",
    "isFolder": false,
    "fileType": "application/vnd.openxmlformats-officedocument.presentationml.presentation",
    "fileSizeBytes": 48486,
    "lastModified": "2022-01-14T17:48:57Z",
    "lastModifiedBy": "Grace Vottero",
    "extractedAt": "2025-04-08T22:05:24.965828",
    "activityCount": 0,
    "activities": []
  },
  {
    "userPrincipalName": "g.vottero@lcwmail.com",
    "fileName": "Would it be THAT CRAZY if IJRs were involved in changes like this.docx",
    "itemId": "01GUMKS66HCK6QR3NLQJCK2N4ZIKNH4EKZ",
    "isFolder": false,
    "fileType": "application/vnd.openxmlformats-officedocument.wordprocessingml.document",
    "fileSizeBytes": 19148,
    "lastModified": "2023-01-25T21:11:58Z",
    "lastModifiedBy": "Grace Vottero",
    "extractedAt": "2025-04-08T22:05:25.718919",
    "activityCount": 0,
    "activities": []
  }
]