[
  {
    "userPrincipalName": "t.thorpe@lcwmail.com",
    "fileName": "Apps",
    "itemId": "01XTRSRFYMY7ADCLVG6NHKARNAK25LEY5T",
    "isFolder": true,
    "fileType": "folder",
    "fileSizeBytes": "N/A",
    "lastModified": "2023-06-29T19:00:20Z",
    "lastModifiedBy": "Tamara Thorpe",
    "extractedAt": "2025-04-08T22:03:51.597412",
    "activityCount": 0,
    "activities": []
  },
  {
    "userPrincipalName": "t.thorpe@lcwmail.com",
    "fileName": "Attachments",
    "itemId": "01XTRSRF5PRLSHC5B2UBHZQHEDYPCQ4MSE",
    "isFolder": true,
    "fileType": "folder",
    "fileSizeBytes": "N/A",
    "lastModified": "2023-05-24T17:08:07Z",
    "lastModifiedBy": "Tamara Thorpe",
    "extractedAt": "2025-04-08T22:03:52.604681",
    "activityCount": 0,
    "activities": []
  },
  {
    "userPrincipalName": "t.thorpe@lcwmail.com",
    "fileName": "Desktop",
    "itemId": "01XTRSRF7VT7C35RBDXRD2F4HSGACKFICO",
    "isFolder": true,
    "fileType": "folder",
    "fileSizeBytes": "N/A",
    "lastModified": "2021-12-07T19:15:47Z",
    "lastModifiedBy": "Tamara Thorpe",
    "extractedAt": "2025-04-08T22:03:53.567101",
    "activityCount": 0,
    "activities": []
  },
  {
    "userPrincipalName": "t.thorpe@lcwmail.com",
    "fileName": "Documents",
    "itemId": "01XTRSRF3AM542QOV3F5CIVE75O2W5MT24",
    "isFolder": true,
    "fileType": "folder",
    "fileSizeBytes": "N/A",
    "lastModified": "2021-12-07T19:15:48Z",
    "lastModifiedBy": "Tamara Thorpe",
    "extractedAt": "2025-04-08T22:03:54.455101",
    "activityCount": 0,
    "activities": []
  },
  {
    "userPrincipalName": "t.thorpe@lcwmail.com",
    "fileName": "Meetings",
    "itemId": "01XTRSRFYAYCKC7QGZP5DZ53VDXZNNJ2YH",
    "isFolder": true,
    "fileType": "folder",
    "fileSizeBytes": "N/A",
    "lastModified": "2023-07-26T19:29:44Z",
    "lastModifiedBy": "Tamara Thorpe",
    "extractedAt": "2025-04-08T22:03:55.302049",
    "activityCount": 0,
    "activities": []
  },
  {
    "userPrincipalName": "t.thorpe@lcwmail.com",
    "fileName": "Microsoft Teams Chat Files",
    "itemId": "01XTRSRF3UFGZ6GKLBNJBK6SSOH6LJF3M6",
    "isFolder": true,
    "fileType": "folder",
    "fileSizeBytes": "N/A",
    "lastModified": "2021-08-09T16:47:09Z",
    "lastModifiedBy": "Tamara Thorpe",
    "extractedAt": "2025-04-08T22:03:56.202728",
    "activityCount": 0,
    "activities": []
  },
  {
    "userPrincipalName": "t.thorpe@lcwmail.com",
    "fileName": "Notebooks",
    "itemId": "01XTRSRF7I7CIJEQWJTBDK7U7WAUYOO4OZ",
    "isFolder": true,
    "fileType": "folder",
    "fileSizeBytes": "N/A",
    "lastModified": "2022-01-07T16:01:12Z",
    "lastModifiedBy": "Tamara Thorpe",
    "extractedAt": "2025-04-08T22:03:57.082889",
    "activityCount": 0,
    "activities": []
  },
  {
    "userPrincipalName": "t.thorpe@lcwmail.com",
    "fileName": "Pictures",
    "itemId": "01XTRSRF5AONMJ7B6B6NFYKVOSY3CVB6P4",
    "isFolder": true,
    "fileType": "folder",
    "fileSizeBytes": "N/A",
    "lastModified": "2021-12-07T19:15:48Z",
    "lastModifiedBy": "Tamara Thorpe",
    "extractedAt": "2025-04-08T22:03:58.002941",
    "activityCount": 0,
    "activities": []
  },
  {
    "userPrincipalName": "t.thorpe@lcwmail.com",
    "fileName": "Recordings",
    "itemId": "01XTRSRF5V34PUXF6DKJDY7XYOER6G4RNC",
    "isFolder": true,
    "fileType": "folder",
    "fileSizeBytes": "N/A",
    "lastModified": "2022-03-29T13:12:24Z",
    "lastModifiedBy": "Tamara Thorpe",
    "extractedAt": "2025-04-08T22:03:58.963808",
    "activityCount": 0,
    "activities": []
  },
  {
    "userPrincipalName": "t.thorpe@lcwmail.com",
    "fileName": "Whiteboards",
    "itemId": "01XTRSRF5QCQRPPVQXFFGYUZ6LRMB66WRH",
    "isFolder": true,
    "fileType": "folder",
    "fileSizeBytes": "N/A",
    "lastModified": "2022-04-26T21:34:57Z",
    "lastModifiedBy": "Tamara Thorpe",
    "extractedAt": "2025-04-08T22:03:59.748562",
    "activityCount": 0,
    "activities": []
  },
  {
    "userPrincipalName": "t.thorpe@lcwmail.com",
    "fileName": "2020 headlines only further reinforce that one.docx",
    "itemId": "01XTRSRF742HEZRWHG3BGYKWO3ETXWXMCB",
    "isFolder": false,
    "fileType": "application/vnd.openxmlformats-officedocument.wordprocessingml.document",
    "fileSizeBytes": 21879,
    "lastModified": "2021-11-10T00:32:49Z",
    "lastModifiedBy": "Tamara Thorpe",
    "extractedAt": "2025-04-08T22:04:00.640031",
    "activityCount": 0,
    "activities": []
  },
  {
    "userPrincipalName": "t.thorpe@lcwmail.com",
    "fileName": "CCLP Plan with Kelly.docx",
    "itemId": "01XTRSRF3CFZ27HG7TCNHY22JPU4XBJWCB",
    "isFolder": false,
    "fileType": "application/vnd.openxmlformats-officedocument.wordprocessingml.document",
    "fileSizeBytes": 24308,
    "lastModified": "2024-03-11T16:34:56Z",
    "lastModifiedBy": "Tamara Thorpe",
    "extractedAt": "2025-04-08T22:04:01.519114",
    "activityCount": 0,
    "activities": []
  },
  {
    "userPrincipalName": "t.thorpe@lcwmail.com",
    "fileName": "Document (1).docx",
    "itemId": "01XTRSRF7RV3OAN7DHLNG2ADEXYUFQUU4V",
    "isFolder": false,
    "fileType": "application/vnd.openxmlformats-officedocument.wordprocessingml.document",
    "fileSizeBytes": 17531,
    "lastModified": "2024-01-30T13:36:01Z",
    "lastModifiedBy": "Tamara Thorpe",
    "extractedAt": "2025-04-08T22:04:02.394260",
    "activityCount": 0,
    "activities": []
  },
  {
    "userPrincipalName": "t.thorpe@lcwmail.com",
    "fileName": "Document.docx",
    "itemId": "01XTRSRFYBSEEH4NDAMVEKWOBL34PUI4IN",
    "isFolder": false,
    "fileType": "application/vnd.openxmlformats-officedocument.wordprocessingml.document",
    "fileSizeBytes": 14092,
    "lastModified": "2023-12-17T22:52:32Z",
    "lastModifiedBy": "Tamara Thorpe",
    "extractedAt": "2025-04-08T22:04:03.263570",
    "activityCount": 0,
    "activities": []
  },
  {
    "userPrincipalName": "t.thorpe@lcwmail.com",
    "fileName": "EB Focus Group Data Analysis.v4.pptx",
    "itemId": "01XTRSRF42D5NLMCWXUZA3MDWRCEOEYXZT",
    "isFolder": false,
    "fileType": "application/vnd.openxmlformats-officedocument.presentationml.presentation",
    "fileSizeBytes": 6244019,
    "lastModified": "2024-01-30T18:37:39Z",
    "lastModifiedBy": "Tamara Thorpe",
    "extractedAt": "2025-04-08T22:04:04.137201",
    "activityCount": 0,
    "activities": []
  },
  {
    "userPrincipalName": "t.thorpe@lcwmail.com",
    "fileName": "Mazda Motor of America Inc. dba Mazda North American Operations SOW#2021-133_Signed.pdf",
    "itemId": "01XTRSRF7MH35LEXEXWRA3XASYMLDBH433",
    "isFolder": false,
    "fileType": "application/pdf",
    "fileSizeBytes": 228362,
    "lastModified": "2021-09-14T23:02:48Z",
    "lastModifiedBy": "Tamara Thorpe",
    "extractedAt": "2025-04-08T22:04:04.947634",
    "activityCount": 0,
    "activities": []
  },
  {
    "userPrincipalName": "t.thorpe@lcwmail.com",
    "fileName": "Mazda Motor of America_ Inc._ dba Mazda North American Operations SOW#2021-133 (2).docx",
    "itemId": "01XTRSRF4LNXE7TKSITZGYKO3KX4HQ53QQ",
    "isFolder": false,
    "fileType": "application/vnd.openxmlformats-officedocument.wordprocessingml.document",
    "fileSizeBytes": 346515,
    "lastModified": "2021-09-14T23:02:48Z",
    "lastModifiedBy": "Tamara Thorpe",
    "extractedAt": "2025-04-08T22:04:05.904883",
    "activityCount": 0,
    "activities": []
  },
  {
    "userPrincipalName": "t.thorpe@lcwmail.com",
    "fileName": "PWD Notes.docx",
    "itemId": "01XTRSRFZX36N6T2XTRVBKLX52UCJMY5TO",
    "isFolder": false,
    "fileType": "application/vnd.openxmlformats-officedocument.wordprocessingml.document",
    "fileSizeBytes": 30544,
    "lastModified": "2023-12-14T22:56:16Z",
    "lastModifiedBy": "Tamara Thorpe",
    "extractedAt": "2025-04-08T22:04:06.742624",
    "activityCount": 0,
    "activities": []
  },
  {
    "userPrincipalName": "t.thorpe@lcwmail.com",
    "fileName": "Richemont BCI Summary.pptx",
    "itemId": "01XTRSRF3AMESNPNKZYVBZNGSNOEKMHFIX",
    "isFolder": false,
    "fileType": "application/vnd.openxmlformats-officedocument.presentationml.presentation",
    "fileSizeBytes": 64469,
    "lastModified": "2023-06-15T21:02:37Z",
    "lastModifiedBy": "Tamara Thorpe",
    "extractedAt": "2025-04-08T22:04:07.539438",
    "activityCount": 0,
    "activities": []
  },
  {
    "userPrincipalName": "t.thorpe@lcwmail.com",
    "fileName": "Tamara @ LCW",
    "itemId": "01XTRSRF4GW7LKY6INNFGZZ2SZV5JUSELN",
    "isFolder": true,
    "fileType": "folder",
    "fileSizeBytes": "N/A",
    "lastModified": "2022-11-18T18:45:59Z",
    "lastModifiedBy": "Tamara Thorpe",
    "extractedAt": "2025-04-08T22:04:08.396036",
    "activityCount": 1,
    "activities": [
      {
        "activityId": "cC84tVZp3Ej+1q8NAAAAAA==",
        "actionType": "edit",
        "performedBy": "Tamara Thorpe",
        "userPrincipalName": "t.thorpe@lcwmail.com",
        "email": "t.thorpe@lcwmail.com",
        "timestamp": "2024-04-30T20:47:10Z"
      }
    ]
  },
  {
    "userPrincipalName": "t.thorpe@lcwmail.com",
    "fileName": "TT 2023-Notes Add.xls",
    "itemId": "01XTRSRF5LFY3J372IM5A32KKIL4ZEY552",
    "isFolder": false,
    "fileType": "application/vnd.ms-excel",
    "fileSizeBytes": 50176,
    "lastModified": "2024-03-28T18:01:58Z",
    "lastModifiedBy": "Tamara Thorpe",
    "extractedAt": "2025-04-08T22:04:09.216469",
    "activityCount": 0,
    "activities": []
  },
  {
    "userPrincipalName": "t.thorpe@lcwmail.com",
    "fileName": "VCA Building a Culture of Inclusion Polls.docx",
    "itemId": "01XTRSRF2233I5IGFNQVBI6I64SVMY5UYZ",
    "isFolder": false,
    "fileType": "application/vnd.openxmlformats-officedocument.wordprocessingml.document",
    "fileSizeBytes": 22511,
    "lastModified": "2024-02-15T23:00:48Z",
    "lastModifiedBy": "Tamara Thorpe",
    "extractedAt": "2025-04-08T22:04:10.702906",
    "activityCount": 0,
    "activities": []
  }
]