[
  {
    "userPrincipalName": "j.guardado@lcwmail.com",
    "fileName": "Microsoft Teams Chat Files",
    "itemId": "012R6NH4JHW5CBN4KN75F2XH2OBYTHNS7Y",
    "isFolder": true,
    "fileType": "folder",
    "fileSizeBytes": "N/A",
    "lastModified": "2020-10-05T22:17:21Z",
    "lastModifiedBy": "Jose G",
    "extractedAt": "2025-04-08T22:02:46.506713",
    "activityCount": 0,
    "activities": []
  },
  {
    "userPrincipalName": "j.guardado@lcwmail.com",
    "fileName": "AstraZeneca - Tom - Ben - Jamila",
    "itemId": "012R6NH4LU6E52PQEIMFCK42GL7VGDCZJ7",
    "isFolder": true,
    "fileType": "folder",
    "fileSizeBytes": "N/A",
    "lastModified": "2021-07-01T15:48:16Z",
    "lastModifiedBy": "Jose G",
    "extractedAt": "2025-04-08T22:02:47.509447",
    "activityCount": 0,
    "activities": []
  },
  {
    "userPrincipalName": "j.guardado@lcwmail.com",
    "fileName": "BCG",
    "itemId": "012R6NH4MUW5TIAYVOHNDJLUF3KD34TZLI",
    "isFolder": true,
    "fileType": "folder",
    "fileSizeBytes": "N/A",
    "lastModified": "2021-12-21T16:34:57Z",
    "lastModifiedBy": "Jose G",
    "extractedAt": "2025-04-08T22:02:48.530207",
    "activityCount": 0,
    "activities": []
  },
  {
    "userPrincipalName": "j.guardado@lcwmail.com",
    "fileName": "Bi-weekly - LQ",
    "itemId": "012R6NH4LOLXC5BSPL2JFJCTLEOROAQ7NC",
    "isFolder": true,
    "fileType": "folder",
    "fileSizeBytes": "N/A",
    "lastModified": "2021-12-01T20:37:20Z",
    "lastModifiedBy": "Jose G",
    "extractedAt": "2025-04-08T22:02:49.490790",
    "activityCount": 0,
    "activities": []
  },
  {
    "userPrincipalName": "j.guardado@lcwmail.com",
    "fileName": "Carta (Zoe account)",
    "itemId": "012R6NH4M47PHBEJOVIZC2MBYFKBJEGQUD",
    "isFolder": true,
    "fileType": "folder",
    "fileSizeBytes": "N/A",
    "lastModified": "2021-12-16T17:16:23Z",
    "lastModifiedBy": "Jose G",
    "extractedAt": "2025-04-08T22:02:50.443353",
    "activityCount": 0,
    "activities": []
  },
  {
    "userPrincipalName": "j.guardado@lcwmail.com",
    "fileName": "Cartier - Robert - Mai",
    "itemId": "012R6NH4PPO5555PSWARFIF7BM6WEI3V4D",
    "isFolder": true,
    "fileType": "folder",
    "fileSizeBytes": "N/A",
    "lastModified": "2021-07-01T15:54:07Z",
    "lastModifiedBy": "Jose G",
    "extractedAt": "2025-04-08T22:02:51.367724",
    "activityCount": 0,
    "activities": []
  },
  {
    "userPrincipalName": "j.guardado@lcwmail.com",
    "fileName": "CCLP Buddy Program",
    "itemId": "012R6NH4PICUNTDNVFWBB26HASPPNHQ6TM",
    "isFolder": true,
    "fileType": "folder",
    "fileSizeBytes": "N/A",
    "lastModified": "2021-07-12T15:02:03Z",
    "lastModifiedBy": "Jose G",
    "extractedAt": "2025-04-08T22:02:52.188239",
    "activityCount": 0,
    "activities": []
  },
  {
    "userPrincipalName": "j.guardado@lcwmail.com",
    "fileName": "Chicago Booth MBA - Leading an Inclusive Organization",
    "itemId": "012R6NH4JVTHBLEAVNVNELNOZA23424YBU",
    "isFolder": true,
    "fileType": "folder",
    "fileSizeBytes": "N/A",
    "lastModified": "2021-09-20T19:02:11Z",
    "lastModifiedBy": "Jose G",
    "extractedAt": "2025-04-08T22:02:53.005208",
    "activityCount": 0,
    "activities": []
  },
  {
    "userPrincipalName": "j.guardado@lcwmail.com",
    "fileName": "Convatec",
    "itemId": "012R6NH4O6VZN55FGNOFDI44N7VGZB5TRF",
    "isFolder": true,
    "fileType": "folder",
    "fileSizeBytes": "N/A",
    "lastModified": "2021-10-13T20:18:38Z",
    "lastModifiedBy": "Jose G",
    "extractedAt": "2025-04-08T22:02:53.900853",
    "activityCount": 0,
    "activities": []
  },
  {
    "userPrincipalName": "j.guardado@lcwmail.com",
    "fileName": "ConvaTec_AWC_Leaders_.BCI-11.10.21-3HRS-On-site.pptx",
    "itemId": "012R6NH4ME3MV3DZELIRFYDP2NB7YV5VSZ",
    "isFolder": false,
    "fileType": "application/vnd.openxmlformats-officedocument.presentationml.presentation",
    "fileSizeBytes": 53281845,
    "lastModified": "2021-11-03T16:12:28Z",
    "lastModifiedBy": "Jose G",
    "extractedAt": "2025-04-08T22:02:54.780693",
    "activityCount": 0,
    "activities": []
  },
  {
    "userPrincipalName": "j.guardado@lcwmail.com",
    "fileName": "CSAA Focus Group",
    "itemId": "012R6NH4NORS63HRQYCFAYCT4NYFYWHLGT",
    "isFolder": true,
    "fileType": "folder",
    "fileSizeBytes": "N/A",
    "lastModified": "2021-08-19T21:02:46Z",
    "lastModifiedBy": "Jose G",
    "extractedAt": "2025-04-08T22:02:55.603515",
    "activityCount": 0,
    "activities": []
  },
  {
    "userPrincipalName": "j.guardado@lcwmail.com",
    "fileName": "DailyPay  Inc - Nicole H_",
    "itemId": "012R6NH4NBDYOYIRPJENAJB34OSIHD5AXR",
    "isFolder": true,
    "fileType": "folder",
    "fileSizeBytes": "N/A",
    "lastModified": "2021-11-18T18:36:57Z",
    "lastModifiedBy": "Jose G",
    "extractedAt": "2025-04-08T22:02:56.486695",
    "activityCount": 0,
    "activities": []
  },
  {
    "userPrincipalName": "j.guardado@lcwmail.com",
    "fileName": "Edrington",
    "itemId": "012R6NH4N6I5F4HK7YYZGLXDLILD4QWPDV",
    "isFolder": true,
    "fileType": "folder",
    "fileSizeBytes": "N/A",
    "lastModified": "2022-02-08T13:29:59Z",
    "lastModifiedBy": "Jose G",
    "extractedAt": "2025-04-08T22:02:57.306183",
    "activityCount": 0,
    "activities": []
  },
  {
    "userPrincipalName": "j.guardado@lcwmail.com",
    "fileName": "Emerson-AZ check-ins - CW",
    "itemId": "012R6NH4JXJQZQIVESBVFIUFK3JS4BDEB7",
    "isFolder": true,
    "fileType": "folder",
    "fileSizeBytes": "N/A",
    "lastModified": "2021-07-13T12:58:12Z",
    "lastModifiedBy": "Jose G",
    "extractedAt": "2025-04-08T22:02:58.200996",
    "activityCount": 0,
    "activities": []
  },
  {
    "userPrincipalName": "j.guardado@lcwmail.com",
    "fileName": "Ferrero - Kamillah - Feng - Antonio",
    "itemId": "012R6NH4O7CEJGLFSGNVFKIAYHHTHZX4BB",
    "isFolder": true,
    "fileType": "folder",
    "fileSizeBytes": "N/A",
    "lastModified": "2021-07-01T15:54:39Z",
    "lastModifiedBy": "Jose G",
    "extractedAt": "2025-04-08T22:02:59.096770",
    "activityCount": 0,
    "activities": []
  },
  {
    "userPrincipalName": "j.guardado@lcwmail.com",
    "fileName": "Forum On Workplace Inclusion",
    "itemId": "012R6NH4IUC6GTZ3JBQ5GYY647TXOT7YKC",
    "isFolder": true,
    "fileType": "folder",
    "fileSizeBytes": "N/A",
    "lastModified": "2022-01-24T18:54:29Z",
    "lastModifiedBy": "Jose G",
    "extractedAt": "2025-04-08T22:02:59.931300",
    "activityCount": 0,
    "activities": []
  },
  {
    "userPrincipalName": "j.guardado@lcwmail.com",
    "fileName": "Genpact - Prisca - Jyoti - Amir",
    "itemId": "012R6NH4K5XPX2W2D52RGKRXD3FV3LLZ6U",
    "isFolder": true,
    "fileType": "folder",
    "fileSizeBytes": "N/A",
    "lastModified": "2021-07-29T13:21:32Z",
    "lastModifiedBy": "Jose G",
    "extractedAt": "2025-04-08T22:03:00.822817",
    "activityCount": 0,
    "activities": []
  },
  {
    "userPrincipalName": "j.guardado@lcwmail.com",
    "fileName": "Gusto",
    "itemId": "012R6NH4IWWSJXM36MAJHL3NIL4TTOIYUE",
    "isFolder": true,
    "fileType": "folder",
    "fileSizeBytes": "N/A",
    "lastModified": "2021-10-27T21:48:14Z",
    "lastModifiedBy": "Jose G",
    "extractedAt": "2025-04-08T22:03:01.691988",
    "activityCount": 0,
    "activities": []
  },
  {
    "userPrincipalName": "j.guardado@lcwmail.com",
    "fileName": "Inclusive Leadership",
    "itemId": "012R6NH4MTE342H4ASFBBYDYBYPFWMBENA",
    "isFolder": true,
    "fileType": "folder",
    "fileSizeBytes": "N/A",
    "lastModified": "2021-07-08T20:01:12Z",
    "lastModifiedBy": "Jose G",
    "extractedAt": "2025-04-08T22:03:02.495836",
    "activityCount": 0,
    "activities": []
  },
  {
    "userPrincipalName": "j.guardado@lcwmail.com",
    "fileName": "Inter-American Development Bank",
    "itemId": "012R6NH4IKEZBRIY4Z5FFZS5SUXG7JN4UQ",
    "isFolder": true,
    "fileType": "folder",
    "fileSizeBytes": "N/A",
    "lastModified": "2021-11-04T13:43:17Z",
    "lastModifiedBy": "Jose G",
    "extractedAt": "2025-04-08T22:03:03.346798",
    "activityCount": 0,
    "activities": []
  },
  {
    "userPrincipalName": "j.guardado@lcwmail.com",
    "fileName": "Jose @ LCW",
    "itemId": "012R6NH4KJLZ2SMVFOTJGZKMJLOJI6USPT",
    "isFolder": true,
    "fileType": "folder",
    "fileSizeBytes": "N/A",
    "lastModified": "2021-07-01T15:42:57Z",
    "lastModifiedBy": "Jose G",
    "extractedAt": "2025-04-08T22:03:04.208089",
    "activityCount": 0,
    "activities": []
  },
  {
    "userPrincipalName": "j.guardado@lcwmail.com",
    "fileName": "JTI - Edward",
    "itemId": "012R6NH4KVIUC2OJFJVBEZC3ET37NBJ2YL",
    "isFolder": true,
    "fileType": "folder",
    "fileSizeBytes": "N/A",
    "lastModified": "2021-07-15T21:22:54Z",
    "lastModifiedBy": "Jose G",
    "extractedAt": "2025-04-08T22:03:05.033228",
    "activityCount": 0,
    "activities": []
  },
  {
    "userPrincipalName": "j.guardado@lcwmail.com",
    "fileName": "Latinx cultural immersion walk through",
    "itemId": "012R6NH4P5FITGJUQXVBGITSY5LNCJR5TZ",
    "isFolder": true,
    "fileType": "folder",
    "fileSizeBytes": "N/A",
    "lastModified": "2021-08-05T17:10:42Z",
    "lastModifiedBy": "Jose G",
    "extractedAt": "2025-04-08T22:03:05.817767",
    "activityCount": 0,
    "activities": []
  },
  {
    "userPrincipalName": "j.guardado@lcwmail.com",
    "fileName": "Legal Aid Society",
    "itemId": "012R6NH4L4CABNIP4KFBALK4MYKK3J4VO7",
    "isFolder": true,
    "fileType": "folder",
    "fileSizeBytes": "N/A",
    "lastModified": "2021-09-16T16:26:00Z",
    "lastModifiedBy": "Jose G",
    "extractedAt": "2025-04-08T22:03:06.653452",
    "activityCount": 0,
    "activities": []
  },
  {
    "userPrincipalName": "j.guardado@lcwmail.com",
    "fileName": "L'Oreal (Zoe account)",
    "itemId": "012R6NH4PW6SIC5BPB2FDZQB2QJD2NYGJR",
    "isFolder": true,
    "fileType": "folder",
    "fileSizeBytes": "N/A",
    "lastModified": "2021-08-24T14:52:58Z",
    "lastModifiedBy": "Jose G",
    "extractedAt": "2025-04-08T22:03:07.432493",
    "activityCount": 0,
    "activities": []
  },
  {
    "userPrincipalName": "j.guardado@lcwmail.com",
    "fileName": "Mill Creek Capital Advisors",
    "itemId": "012R6NH4JPCQO6RF7OBFD3TN3NZ63BEKPU",
    "isFolder": true,
    "fileType": "folder",
    "fileSizeBytes": "N/A",
    "lastModified": "2022-02-10T17:20:56Z",
    "lastModifiedBy": "Jose G",
    "extractedAt": "2025-04-08T22:03:08.272415",
    "activityCount": 0,
    "activities": []
  },
  {
    "userPrincipalName": "j.guardado@lcwmail.com",
    "fileName": "MIT LL",
    "itemId": "012R6NH4NQZET4CPKMHJDYMQLDVI6BDEOR",
    "isFolder": true,
    "fileType": "folder",
    "fileSizeBytes": "N/A",
    "lastModified": "2021-08-04T20:02:35Z",
    "lastModifiedBy": "Jose G",
    "extractedAt": "2025-04-08T22:03:09.102770",
    "activityCount": 0,
    "activities": []
  },
  {
    "userPrincipalName": "j.guardado@lcwmail.com",
    "fileName": "Monthly All Staff Meeting",
    "itemId": "012R6NH4MWBRB3Q6SKKRGI5HUQXL6N73KE",
    "isFolder": true,
    "fileType": "folder",
    "fileSizeBytes": "N/A",
    "lastModified": "2021-07-06T16:01:22Z",
    "lastModifiedBy": "Jose G",
    "extractedAt": "2025-04-08T22:03:09.940824",
    "activityCount": 0,
    "activities": []
  },
  {
    "userPrincipalName": "j.guardado@lcwmail.com",
    "fileName": "Prudential",
    "itemId": "012R6NH4NEGL7XV2REEJFJROC4CXFY2KUK",
    "isFolder": true,
    "fileType": "folder",
    "fileSizeBytes": "N/A",
    "lastModified": "2021-10-07T20:52:59Z",
    "lastModifiedBy": "Jose G",
    "extractedAt": "2025-04-08T22:03:10.823055",
    "activityCount": 0,
    "activities": []
  },
  {
    "userPrincipalName": "j.guardado@lcwmail.com",
    "fileName": "Quad",
    "itemId": "012R6NH4KK3AFRFP6CHRFKYZ4BA3HCUTMX",
    "isFolder": true,
    "fileType": "folder",
    "fileSizeBytes": "N/A",
    "lastModified": "2022-01-24T19:58:11Z",
    "lastModifiedBy": "Jose G",
    "extractedAt": "2025-04-08T22:03:11.826680",
    "activityCount": 0,
    "activities": []
  },
  {
    "userPrincipalName": "j.guardado@lcwmail.com",
    "fileName": "Rexona - Emily - Sania",
    "itemId": "012R6NH4KYGIOKMGKV7VE37WZTXBDGGJPC",
    "isFolder": true,
    "fileType": "folder",
    "fileSizeBytes": "N/A",
    "lastModified": "2021-07-02T12:45:23Z",
    "lastModifiedBy": "Jose G",
    "extractedAt": "2025-04-08T22:03:13.203163",
    "activityCount": 0,
    "activities": []
  },
  {
    "userPrincipalName": "j.guardado@lcwmail.com",
    "fileName": "Richemont - Kelly",
    "itemId": "012R6NH4MTS5W5B33XABGI63W6FWPJ5W66",
    "isFolder": true,
    "fileType": "folder",
    "fileSizeBytes": "N/A",
    "lastModified": "2021-10-05T18:38:54Z",
    "lastModifiedBy": "Jose G",
    "extractedAt": "2025-04-08T22:03:14.073298",
    "activityCount": 0,
    "activities": []
  },
  {
    "userPrincipalName": "j.guardado@lcwmail.com",
    "fileName": "SBDInc - Karen, Mario",
    "itemId": "012R6NH4LDL43YSVLXS5EKY3XPKSWQWXOB",
    "isFolder": true,
    "fileType": "folder",
    "fileSizeBytes": "N/A",
    "lastModified": "2021-08-18T17:49:46Z",
    "lastModifiedBy": "Jose G",
    "extractedAt": "2025-04-08T22:03:14.964915",
    "activityCount": 0,
    "activities": []
  },
  {
    "userPrincipalName": "j.guardado@lcwmail.com",
    "fileName": "Tapestry (Zoe account)",
    "itemId": "012R6NH4NS6FUSM4MOYJHLTKY742HES3LD",
    "isFolder": true,
    "fileType": "folder",
    "fileSizeBytes": "N/A",
    "lastModified": "2021-12-16T14:36:36Z",
    "lastModifiedBy": "Jose G",
    "extractedAt": "2025-04-08T22:03:15.860776",
    "activityCount": 0,
    "activities": []
  },
  {
    "userPrincipalName": "j.guardado@lcwmail.com",
    "fileName": "Team Meetings",
    "itemId": "012R6NH4LQIHLTGXVCHJCI3BKX5NSDWJYP",
    "isFolder": true,
    "fileType": "folder",
    "fileSizeBytes": "N/A",
    "lastModified": "2021-08-17T15:04:07Z",
    "lastModifiedBy": "Jose G",
    "extractedAt": "2025-04-08T22:03:16.735438",
    "activityCount": 0,
    "activities": []
  },
  {
    "userPrincipalName": "j.guardado@lcwmail.com",
    "fileName": "The-ACT-Report.pdf",
    "itemId": "012R6NH4JEVIJPPWUPHJBKDKX3STJCEDOX",
    "isFolder": false,
    "fileType": "application/pdf",
    "fileSizeBytes": 11463931,
    "lastModified": "2021-11-05T13:06:00Z",
    "lastModifiedBy": "Jose G",
    "extractedAt": "2025-04-08T22:03:17.584621",
    "activityCount": 0,
    "activities": []
  },
  {
    "userPrincipalName": "j.guardado@lcwmail.com",
    "fileName": "Unilever",
    "itemId": "012R6NH4JC347S6A2LONH3ZK2MSAFZQRGD",
    "isFolder": true,
    "fileType": "folder",
    "fileSizeBytes": "N/A",
    "lastModified": "2021-07-15T21:48:06Z",
    "lastModifiedBy": "Jose G",
    "extractedAt": "2025-04-08T22:03:18.464732",
    "activityCount": 0,
    "activities": []
  },
  {
    "userPrincipalName": "j.guardado@lcwmail.com",
    "fileName": "Weekly Touch Base - Chuck",
    "itemId": "012R6NH4PEEDFHO6SYGRG2IYGS4YQW5HS4",
    "isFolder": true,
    "fileType": "folder",
    "fileSizeBytes": "N/A",
    "lastModified": "2021-07-01T15:47:36Z",
    "lastModifiedBy": "Jose G",
    "extractedAt": "2025-04-08T22:03:19.400001",
    "activityCount": 1,
    "activities": [
      {
        "activityId": "4PL1Q44d2kgd7QkJAAAAAA==",
        "actionType": "edit",
        "performedBy": "Jose G",
        "userPrincipalName": "j.guardado@lcwmail.com",
        "email": "j.guardado@lcwmail.com",
        "timestamp": "2022-04-13T20:43:28Z"
      }
    ]
  }
]