[
  {
    "userPrincipalName": "m.neu@lcwmail.com",
    "fileName": "Attachments",
    "itemId": "01IRJUBJU4ZMH6ZFIS3ZBLLIX7WKQMGNLB",
    "isFolder": true,
    "fileType": "folder",
    "fileSizeBytes": "N/A",
    "lastModified": "2024-01-28T01:14:32Z",
    "lastModifiedBy": "Melissa Neu",
    "extractedAt": "2025-04-08T22:03:15.440464",
    "activityCount": 0,
    "activities": []
  },
  {
    "userPrincipalName": "m.neu@lcwmail.com",
    "fileName": "Microsoft Teams Chat Files",
    "itemId": "01IRJUBJWCLJLYFE2XRNEL3VZU7YVVBZBV",
    "isFolder": true,
    "fileType": "folder",
    "fileSizeBytes": "N/A",
    "lastModified": "2021-05-24T15:39:00Z",
    "lastModifiedBy": "Melissa Neu",
    "extractedAt": "2025-04-08T22:03:16.314330",
    "activityCount": 0,
    "activities": []
  },
  {
    "userPrincipalName": "m.neu@lcwmail.com",
    "fileName": "Microsoft Teams Data",
    "itemId": "01IRJUBJTZMFH3PSYXYVBJ7JLIOQW3IULS",
    "isFolder": true,
    "fileType": "folder",
    "fileSizeBytes": "N/A",
    "lastModified": "2021-05-19T15:22:31Z",
    "lastModifiedBy": "Melissa Neu",
    "extractedAt": "2025-04-08T22:03:17.251273",
    "activityCount": 0,
    "activities": []
  },
  {
    "userPrincipalName": "m.neu@lcwmail.com",
    "fileName": "New folder",
    "itemId": "01IRJUBJTWELKDU4EIFZFL33FVI6TOMEHW",
    "isFolder": true,
    "fileType": "folder",
    "fileSizeBytes": "N/A",
    "lastModified": "2024-01-19T22:50:45Z",
    "lastModifiedBy": "Melissa Neu",
    "extractedAt": "2025-04-08T22:03:18.100164",
    "activityCount": 0,
    "activities": []
  },
  {
    "userPrincipalName": "m.neu@lcwmail.com",
    "fileName": "Pictures",
    "itemId": "01IRJUBJSK4EYIIIO6ABCYFUOJ74BVQIUF",
    "isFolder": true,
    "fileType": "folder",
    "fileSizeBytes": "N/A",
    "lastModified": "2022-08-18T20:10:54Z",
    "lastModifiedBy": "Melissa Neu",
    "extractedAt": "2025-04-08T22:03:18.970528",
    "activityCount": 0,
    "activities": []
  },
  {
    "userPrincipalName": "m.neu@lcwmail.com",
    "fileName": "Recordings",
    "itemId": "01IRJUBJQIAAV4OD3PGFHISVTHQIN63WZA",
    "isFolder": true,
    "fileType": "folder",
    "fileSizeBytes": "N/A",
    "lastModified": "2022-04-29T15:54:59Z",
    "lastModifiedBy": "Melissa Neu",
    "extractedAt": "2025-04-08T22:03:19.735468",
    "activityCount": 0,
    "activities": []
  },
  {
    "userPrincipalName": "m.neu@lcwmail.com",
    "fileName": "Melissa @ LCW",
    "itemId": "01IRJUBJXMIEEKITLW6FFJXGERF3KRDQEL",
    "isFolder": true,
    "fileType": "folder",
    "fileSizeBytes": "N/A",
    "lastModified": "2022-10-27T03:18:19Z",
    "lastModifiedBy": "Melissa Neu",
    "extractedAt": "2025-04-08T22:03:20.557867",
    "activityCount": 0,
    "activities": []
  }
]