[
  {
    "userPrincipalName": "t.timmons@lcwmail.com",
    "fileName": "Desktop",
    "itemId": "01TDMK5IB7ZB7BVBOEY5CIOOAWS4JQSAEO",
    "isFolder": true,
    "fileType": "folder",
    "fileSizeBytes": "N/A",
    "lastModified": "2022-03-28T20:09:05Z",
    "lastModifiedBy": "Tahitia T",
    "extractedAt": "2025-04-08T22:03:54.084958",
    "activityCount": 1,
    "activities": [
      {
        "activityId": "kJSYc5aH2kiVCNMJAAAAAA==",
        "actionType": "delete",
        "performedBy": "Tahitia T",
        "userPrincipalName": "t.timmons@lcwmail.com",
        "email": "t.timmons@lcwmail.com",
        "timestamp": "2022-08-26T19:09:08Z"
      }
    ]
  },
  {
    "userPrincipalName": "t.timmons@lcwmail.com",
    "fileName": "Documents",
    "itemId": "01TDMK5IGBSOXLDPLBKZAIKXPF4L456PJK",
    "isFolder": true,
    "fileType": "folder",
    "fileSizeBytes": "N/A",
    "lastModified": "2022-03-28T20:09:06Z",
    "lastModifiedBy": "Tahitia T",
    "extractedAt": "2025-04-08T22:03:54.916137",
    "activityCount": 0,
    "activities": []
  },
  {
    "userPrincipalName": "t.timmons@lcwmail.com",
    "fileName": "IDI",
    "itemId": "01TDMK5IBZVARHHDGTHJALUTFDA6OG2ZUD",
    "isFolder": true,
    "fileType": "folder",
    "fileSizeBytes": "N/A",
    "lastModified": "2022-06-23T16:48:59Z",
    "lastModifiedBy": "Tahitia T",
    "extractedAt": "2025-04-08T22:03:55.723894",
    "activityCount": 0,
    "activities": []
  },
  {
    "userPrincipalName": "t.timmons@lcwmail.com",
    "fileName": "Microsoft Teams Chat Files",
    "itemId": "01TDMK5ICHDRUG3YK4RFD2QQ5CKWNHQ3AK",
    "isFolder": true,
    "fileType": "folder",
    "fileSizeBytes": "N/A",
    "lastModified": "2022-06-03T14:19:03Z",
    "lastModifiedBy": "Tahitia T",
    "extractedAt": "2025-04-08T22:03:56.516853",
    "activityCount": 0,
    "activities": []
  },
  {
    "userPrincipalName": "t.timmons@lcwmail.com",
    "fileName": "Pictures",
    "itemId": "01TDMK5IHINHH2IMZF65BIDVSY2SGZZ7WM",
    "isFolder": true,
    "fileType": "folder",
    "fileSizeBytes": "N/A",
    "lastModified": "2022-03-28T20:09:06Z",
    "lastModifiedBy": "Tahitia T",
    "extractedAt": "2025-04-08T22:03:57.355692",
    "activityCount": 0,
    "activities": []
  },
  {
    "userPrincipalName": "t.timmons@lcwmail.com",
    "fileName": "Recordings",
    "itemId": "01TDMK5IFNG3KTY4B4ERA2PYBUAWGFY5LZ",
    "isFolder": true,
    "fileType": "folder",
    "fileSizeBytes": "N/A",
    "lastModified": "2022-04-06T15:51:54Z",
    "lastModifiedBy": "Tahitia T",
    "extractedAt": "2025-04-08T22:03:58.209962",
    "activityCount": 0,
    "activities": []
  },
  {
    "userPrincipalName": "t.timmons@lcwmail.com",
    "fileName": "Whiteboards",
    "itemId": "01TDMK5IFX2NT5RRQFHZFJFVAHAZXAY4HD",
    "isFolder": true,
    "fileType": "folder",
    "fileSizeBytes": "N/A",
    "lastModified": "2022-06-22T15:02:21Z",
    "lastModifiedBy": "Tahitia T",
    "extractedAt": "2025-04-08T22:03:59.046569",
    "activityCount": 0,
    "activities": []
  },
  {
    "userPrincipalName": "t.timmons@lcwmail.com",
    "fileName": "Andrea Transition Notes.xlsx",
    "itemId": "01TDMK5IHUQQRWAOP2AZH25BH5GOOF63R7",
    "isFolder": false,
    "fileType": "application/vnd.openxmlformats-officedocument.spreadsheetml.sheet",
    "fileSizeBytes": 11361,
    "lastModified": "2022-08-23T18:19:32Z",
    "lastModifiedBy": "Tahitia T",
    "extractedAt": "2025-04-08T22:03:59.928629",
    "activityCount": 0,
    "activities": []
  },
  {
    "userPrincipalName": "t.timmons@lcwmail.com",
    "fileName": "BCI Answer key for workbook.docx",
    "itemId": "01TDMK5IB7XDOYQF3IDFDZOQUKV737HK62",
    "isFolder": false,
    "fileType": "application/vnd.openxmlformats-officedocument.wordprocessingml.document",
    "fileSizeBytes": 736500,
    "lastModified": "2022-07-01T13:07:58Z",
    "lastModifiedBy": "Tahitia T",
    "extractedAt": "2025-04-08T22:04:00.843612",
    "activityCount": 0,
    "activities": []
  },
  {
    "userPrincipalName": "t.timmons@lcwmail.com",
    "fileName": "Ensure SOW is signed.docx",
    "itemId": "01TDMK5IE5Q4PTS4RQVJCYZMLSTAM27YS7",
    "isFolder": false,
    "fileType": "application/vnd.openxmlformats-officedocument.wordprocessingml.document",
    "fileSizeBytes": 14728,
    "lastModified": "2022-05-09T20:50:58Z",
    "lastModifiedBy": "Tahitia T",
    "extractedAt": "2025-04-08T22:04:01.730741",
    "activityCount": 0,
    "activities": []
  },
  {
    "userPrincipalName": "t.timmons@lcwmail.com",
    "fileName": "Hassen.docx",
    "itemId": "01TDMK5IEXCXQZVD3UGNCZN2IMUTJ7P3JK",
    "isFolder": false,
    "fileType": "application/vnd.openxmlformats-officedocument.wordprocessingml.document",
    "fileSizeBytes": 17821,
    "lastModified": "2022-07-08T18:49:21Z",
    "lastModifiedBy": "Tahitia T",
    "extractedAt": "2025-04-08T22:04:02.649205",
    "activityCount": 0,
    "activities": []
  },
  {
    "userPrincipalName": "t.timmons@lcwmail.com",
    "fileName": "Levelling references.docx",
    "itemId": "01TDMK5IEY5XFUHSBZVNF3QCVULXRJQK5Y",
    "isFolder": false,
    "fileType": "application/vnd.openxmlformats-officedocument.wordprocessingml.document",
    "fileSizeBytes": 13301,
    "lastModified": "2022-07-28T17:53:30Z",
    "lastModifiedBy": "Tahitia T",
    "extractedAt": "2025-04-08T22:04:03.463504",
    "activityCount": 0,
    "activities": []
  },
  {
    "userPrincipalName": "t.timmons@lcwmail.com",
    "fileName": "notes4.7.docx",
    "itemId": "01TDMK5IFNAB3LOBBMBJAJQQE4UFA7SQQE",
    "isFolder": false,
    "fileType": "application/vnd.openxmlformats-officedocument.wordprocessingml.document",
    "fileSizeBytes": 387026,
    "lastModified": "2022-04-07T20:45:34Z",
    "lastModifiedBy": "Tahitia T",
    "extractedAt": "2025-04-08T22:04:04.332627",
    "activityCount": 0,
    "activities": []
  },
  {
    "userPrincipalName": "t.timmons@lcwmail.com",
    "fileName": "Prework ideas.docx",
    "itemId": "01TDMK5IF4G6Y35E6X5NBJUS3BXITKNAFH",
    "isFolder": false,
    "fileType": "application/vnd.openxmlformats-officedocument.wordprocessingml.document",
    "fileSizeBytes": 176406,
    "lastModified": "2022-06-22T20:31:54Z",
    "lastModifiedBy": "Tahitia T",
    "extractedAt": "2025-04-08T22:04:05.207781",
    "activityCount": 0,
    "activities": []
  },
  {
    "userPrincipalName": "t.timmons@lcwmail.com",
    "fileName": "Progressive elearning requested changes.docx",
    "itemId": "01TDMK5IE5FPSHWGPUABCYZ7SUHRKLHJQ5",
    "isFolder": false,
    "fileType": "application/vnd.openxmlformats-officedocument.wordprocessingml.document",
    "fileSizeBytes": 1273845,
    "lastModified": "2022-07-08T16:32:21Z",
    "lastModifiedBy": "Tahitia T",
    "extractedAt": "2025-04-08T22:04:06.130381",
    "activityCount": 0,
    "activities": []
  },
  {
    "userPrincipalName": "t.timmons@lcwmail.com",
    "fileName": "ProgressiveEdits.v2 TT.pptx",
    "itemId": "01TDMK5ICNF25S73CME5HKHBSNCOQD5SP6",
    "isFolder": false,
    "fileType": "application/vnd.openxmlformats-officedocument.presentationml.presentation",
    "fileSizeBytes": 1079936,
    "lastModified": "2022-07-15T14:16:07Z",
    "lastModifiedBy": "Tahitia T",
    "extractedAt": "2025-04-08T22:04:07.083135",
    "activityCount": 0,
    "activities": []
  },
  {
    "userPrincipalName": "t.timmons@lcwmail.com",
    "fileName": "Project timeline1.xlsx",
    "itemId": "01TDMK5IH3EKLV3YXXEFCL5C5AY6LLGLJB",
    "isFolder": false,
    "fileType": "application/vnd.openxmlformats-officedocument.spreadsheetml.sheet",
    "fileSizeBytes": 60184,
    "lastModified": "2022-04-12T22:53:21Z",
    "lastModifiedBy": "Tahitia T",
    "extractedAt": "2025-04-08T22:04:07.933320",
    "activityCount": 0,
    "activities": []
  },
  {
    "userPrincipalName": "t.timmons@lcwmail.com",
    "fileName": "Resignation.docx",
    "itemId": "01TDMK5IDMAJD5MZ3HUJALVUDAC6ULONMI",
    "isFolder": false,
    "fileType": "application/vnd.openxmlformats-officedocument.wordprocessingml.document",
    "fileSizeBytes": 54955,
    "lastModified": "2022-07-13T20:57:36Z",
    "lastModifiedBy": "Tahitia T",
    "extractedAt": "2025-04-08T22:04:08.789546",
    "activityCount": 0,
    "activities": []
  },
  {
    "userPrincipalName": "t.timmons@lcwmail.com",
    "fileName": "Scrap.docx",
    "itemId": "01TDMK5IGQIWUOM2LKCNGJJ27HMKCDGKKS",
    "isFolder": false,
    "fileType": "application/vnd.openxmlformats-officedocument.wordprocessingml.document",
    "fileSizeBytes": 14273,
    "lastModified": "2022-06-09T19:30:26Z",
    "lastModifiedBy": "Tahitia T",
    "extractedAt": "2025-04-08T22:04:09.661826",
    "activityCount": 0,
    "activities": []
  },
  {
    "userPrincipalName": "t.timmons@lcwmail.com",
    "fileName": "Tahitia @ LCW",
    "itemId": "01TDMK5IGUL4WSEZOWGZAZRX2NU7IYK6Y4",
    "isFolder": true,
    "fileType": "folder",
    "fileSizeBytes": "N/A",
    "lastModified": "2022-04-04T14:59:22Z",
    "lastModifiedBy": "Tahitia T",
    "extractedAt": "2025-04-08T22:04:11.163963",
    "activityCount": 0,
    "activities": []
  },
  {
    "userPrincipalName": "t.timmons@lcwmail.com",
    "fileName": "Tracking any upcoming bill dates.docx",
    "itemId": "01TDMK5IC3GDI564RTSRB3F3HL7VFOASDX",
    "isFolder": false,
    "fileType": "application/vnd.openxmlformats-officedocument.wordprocessingml.document",
    "fileSizeBytes": 14473,
    "lastModified": "2022-04-14T23:01:58Z",
    "lastModifiedBy": "Tahitia T",
    "extractedAt": "2025-04-08T22:04:11.993282",
    "activityCount": 0,
    "activities": []
  },
  {
    "userPrincipalName": "t.timmons@lcwmail.com",
    "fileName": "Years of studies.docx",
    "itemId": "01TDMK5IHGMRJURB6CXJF3ZD7RN5OSCMO4",
    "isFolder": false,
    "fileType": "application/vnd.openxmlformats-officedocument.wordprocessingml.document",
    "fileSizeBytes": 107800,
    "lastModified": "2022-07-15T19:32:28Z",
    "lastModifiedBy": "Tahitia T",
    "extractedAt": "2025-04-08T22:04:12.778739",
    "activityCount": 0,
    "activities": []
  }
]