[
  {
    "userPrincipalName": "h.strack@lcwmail.com",
    "fileName": "Attachments",
    "itemId": "01Z45V6DJF667DYUCC25DZSANWG6OV4IKG",
    "isFolder": true,
    "fileType": "folder",
    "fileSizeBytes": "N/A",
    "lastModified": "2023-03-27T12:33:43Z",
    "lastModifiedBy": "Hannah Strack",
    "extractedAt": "2025-04-08T22:05:00.156189",
    "activityCount": 0,
    "activities": []
  },
  {
    "userPrincipalName": "h.strack@lcwmail.com",
    "fileName": "Desktop",
    "itemId": "01Z45V6DK7TZOP3Q7NJVEZK2MVM42AQVJX",
    "isFolder": true,
    "fileType": "folder",
    "fileSizeBytes": "N/A",
    "lastModified": "2022-06-22T19:56:00Z",
    "lastModifiedBy": "Hannah Strack",
    "extractedAt": "2025-04-08T22:05:01.605648",
    "activityCount": 1,
    "activities": [
      {
        "activityId": "0CqYApBu20jcGLALAAAAAA==",
        "actionType": "delete",
        "performedBy": "Hannah Strack",
        "userPrincipalName": "h.strack@lcwmail.com",
        "email": "h.strack@lcwmail.com",
        "timestamp": "2023-06-16T17:35:00Z"
      }
    ]
  },
  {
    "userPrincipalName": "h.strack@lcwmail.com",
    "fileName": "Documents",
    "itemId": "01Z45V6DOISGBUDDFPRRG2BF2DF4OGE2TK",
    "isFolder": true,
    "fileType": "folder",
    "fileSizeBytes": "N/A",
    "lastModified": "2022-06-22T19:56:00Z",
    "lastModifiedBy": "Hannah Strack",
    "extractedAt": "2025-04-08T22:05:02.392029",
    "activityCount": 0,
    "activities": []
  },
  {
    "userPrincipalName": "h.strack@lcwmail.com",
    "fileName": "Microsoft Teams Chat Files",
    "itemId": "01Z45V6DISOZYC6SIFUVB3U7CCESXINBZX",
    "isFolder": true,
    "fileType": "folder",
    "fileSizeBytes": "N/A",
    "lastModified": "2022-07-15T13:56:47Z",
    "lastModifiedBy": "Hannah Strack",
    "extractedAt": "2025-04-08T22:05:03.222667",
    "activityCount": 0,
    "activities": []
  },
  {
    "userPrincipalName": "h.strack@lcwmail.com",
    "fileName": "Pictures",
    "itemId": "01Z45V6DPATQBJRDNYLVHLVMR3W22YED6X",
    "isFolder": true,
    "fileType": "folder",
    "fileSizeBytes": "N/A",
    "lastModified": "2022-06-22T19:56:00Z",
    "lastModifiedBy": "Hannah Strack",
    "extractedAt": "2025-04-08T22:05:04.138908",
    "activityCount": 0,
    "activities": []
  },
  {
    "userPrincipalName": "h.strack@lcwmail.com",
    "fileName": "Recordings",
    "itemId": "01Z45V6DMQUQ26OOHEPZGJAMIVYMBP325V",
    "isFolder": true,
    "fileType": "folder",
    "fileSizeBytes": "N/A",
    "lastModified": "2022-09-08T13:45:41Z",
    "lastModifiedBy": "Hannah Strack",
    "extractedAt": "2025-04-08T22:05:05.051953",
    "activityCount": 0,
    "activities": []
  },
  {
    "userPrincipalName": "h.strack@lcwmail.com",
    "fileName": "audio.mp3",
    "itemId": "01Z45V6DPN4I6H5X63ABEKB6WOF4D2SIOC",
    "isFolder": false,
    "fileType": "audio/mpeg",
    "fileSizeBytes": 141480,
    "lastModified": "2023-05-18T15:54:33Z",
    "lastModifiedBy": "Hannah Strack",
    "extractedAt": "2025-04-08T22:05:05.972527",
    "activityCount": 0,
    "activities": []
  },
  {
    "userPrincipalName": "h.strack@lcwmail.com",
    "fileName": "Common Impact DEI Blueprint 2023.pdf",
    "itemId": "01Z45V6DKD5FNZZHBQIBHYLITCZAJ2V6FQ",
    "isFolder": false,
    "fileType": "application/pdf",
    "fileSizeBytes": 78243,
    "lastModified": "2023-04-18T18:54:53Z",
    "lastModifiedBy": "Hannah Strack",
    "extractedAt": "2025-04-08T22:05:06.858138",
    "activityCount": 0,
    "activities": []
  },
  {
    "userPrincipalName": "h.strack@lcwmail.com",
    "fileName": "Hannah @ LCW",
    "itemId": "01Z45V6DKJ4XPKI5SSR5CZI7LYTGMHN4PU",
    "isFolder": true,
    "fileType": "folder",
    "fileSizeBytes": "N/A",
    "lastModified": "2022-07-14T18:09:40Z",
    "lastModifiedBy": "Hannah Strack",
    "extractedAt": "2025-04-08T22:05:07.757552",
    "activityCount": 0,
    "activities": []
  },
  {
    "userPrincipalName": "h.strack@lcwmail.com",
    "fileName": "Learners Lounge_White Women_Apr 6.pptx",
    "itemId": "01Z45V6DO6FSBEJ5T34VEIPLOLJD7KTY6A",
    "isFolder": false,
    "fileType": "application/vnd.openxmlformats-officedocument.presentationml.presentation",
    "fileSizeBytes": 10474357,
    "lastModified": "2023-04-24T20:36:46Z",
    "lastModifiedBy": "Hannah Strack",
    "extractedAt": "2025-04-08T22:05:08.679347",
    "activityCount": 0,
    "activities": []
  },
  {
    "userPrincipalName": "h.strack@lcwmail.com",
    "fileName": "No Nav Use Case Landing Page_V1.docx",
    "itemId": "01Z45V6DOSIRG33UVQSNAYJ6XHXPXTHK2I",
    "isFolder": false,
    "fileType": "application/vnd.openxmlformats-officedocument.wordprocessingml.document",
    "fileSizeBytes": 22634,
    "lastModified": "2023-04-12T17:59:40Z",
    "lastModifiedBy": "Hannah Strack",
    "extractedAt": "2025-04-08T22:05:09.569507",
    "activityCount": 0,
    "activities": []
  },
  {
    "userPrincipalName": "h.strack@lcwmail.com",
    "fileName": "Saluda Medical Survey Results July 22.pdf",
    "itemId": "01Z45V6DPATYOGYWSAGFFIRGO23TER7EWR",
    "isFolder": false,
    "fileType": "application/pdf",
    "fileSizeBytes": 530970,
    "lastModified": "2022-07-22T18:31:13Z",
    "lastModifiedBy": "Hannah Strack",
    "extractedAt": "2025-04-08T22:05:10.488791",
    "activityCount": 0,
    "activities": []
  },
  {
    "userPrincipalName": "h.strack@lcwmail.com",
    "fileName": "SlideReplacements.pptx",
    "itemId": "01Z45V6DLLVRVMGEPAA5CJ6Q7VX3FHBQ6L",
    "isFolder": false,
    "fileType": "application/vnd.openxmlformats-officedocument.presentationml.presentation",
    "fileSizeBytes": 35796604,
    "lastModified": "2022-08-18T21:56:03Z",
    "lastModifiedBy": "Hannah Strack",
    "extractedAt": "2025-04-08T22:05:11.355328",
    "activityCount": 0,
    "activities": []
  }
]