[
  {
    "userPrincipalName": "j.bansberg@lcwmail.com",
    "fileName": "Attachments",
    "itemId": "0162PATHHPLHT2NQEZBZC2MAVSFURII7XG",
    "isFolder": true,
    "fileType": "folder",
    "fileSizeBytes": "N/A",
    "lastModified": "2023-03-21T17:14:14Z",
    "lastModifiedBy": "James Bansberg",
    "extractedAt": "2025-04-08T22:04:59.316207",
    "activityCount": 0,
    "activities": []
  },
  {
    "userPrincipalName": "j.bansberg@lcwmail.com",
    "fileName": "Microsoft Teams Chat Files",
    "itemId": "0162PATHE3FU3FJKHDLVGI7HWU4F5PPRGS",
    "isFolder": true,
    "fileType": "folder",
    "fileSizeBytes": "N/A",
    "lastModified": "2022-07-22T14:16:06Z",
    "lastModifiedBy": "James Bansberg",
    "extractedAt": "2025-04-08T22:05:00.170417",
    "activityCount": 0,
    "activities": []
  },
  {
    "userPrincipalName": "j.bansberg@lcwmail.com",
    "fileName": "LCW LOGO THE FINAL.png",
    "itemId": "0162PATHAMOBWSJHAXT5DYMZVD3MX3ANYP",
    "isFolder": false,
    "fileType": "image/png",
    "fileSizeBytes": 12118,
    "lastModified": "2022-10-11T19:46:39Z",
    "lastModifiedBy": "James Bansberg",
    "extractedAt": "2025-04-08T22:05:00.974546",
    "activityCount": 0,
    "activities": []
  }
]