[
  {
    "userPrincipalName": "j.cookson@lcwmail.com",
    "fileName": "Attachments",
    "itemId": "01MPAXXRWTOMXH34Z6WBDK7OBDYUKBPTFA",
    "isFolder": true,
    "fileType": "folder",
    "fileSizeBytes": "N/A",
    "lastModified": "2017-08-29T15:32:54Z",
    "lastModifiedBy": "Jeffrey Cookson",
    "extractedAt": "2025-04-08T22:02:49.881384",
    "activityCount": 0,
    "activities": []
  },
  {
    "userPrincipalName": "j.cookson@lcwmail.com",
    "fileName": "Desktop",
    "itemId": "01MPAXXRWCKT7LFWS4JZHLQFTJUQLDXXVW",
    "isFolder": true,
    "fileType": "folder",
    "fileSizeBytes": "N/A",
    "lastModified": "2021-07-23T14:24:05Z",
    "lastModifiedBy": "Jeffrey Cookson",
    "extractedAt": "2025-04-08T22:02:50.760276",
    "activityCount": 1,
    "activities": [
      {
        "activityId": "0EELmzd320jXor8LAAAAAA==",
        "actionType": "delete",
        "performedBy": "Jeffrey Cookson",
        "userPrincipalName": "j.cookson@lcwmail.com",
        "email": "j.cookson@lcwmail.com",
        "timestamp": "2023-06-27T17:54:51Z"
      }
    ]
  },
  {
    "userPrincipalName": "j.cookson@lcwmail.com",
    "fileName": "Documents",
    "itemId": "01MPAXXRR6HUK65AQZGNH3CTLAH2DEOW3A",
    "isFolder": true,
    "fileType": "folder",
    "fileSizeBytes": "N/A",
    "lastModified": "2018-05-30T17:12:49Z",
    "lastModifiedBy": "Jeffrey Cookson",
    "extractedAt": "2025-04-08T22:02:51.754985",
    "activityCount": 0,
    "activities": []
  },
  {
    "userPrincipalName": "j.cookson@lcwmail.com",
    "fileName": "Microsoft Teams Chat Files",
    "itemId": "01MPAXXRWKNGHPYXXVF5DKSTHOFNKEM35Q",
    "isFolder": true,
    "fileType": "folder",
    "fileSizeBytes": "N/A",
    "lastModified": "2020-03-27T18:36:06Z",
    "lastModifiedBy": "Jeffrey Cookson",
    "extractedAt": "2025-04-08T22:02:52.695720",
    "activityCount": 0,
    "activities": []
  },
  {
    "userPrincipalName": "j.cookson@lcwmail.com",
    "fileName": "Pictures",
    "itemId": "01MPAXXRTYQ6YMDVLFZBCZDKYASSENRHFI",
    "isFolder": true,
    "fileType": "folder",
    "fileSizeBytes": "N/A",
    "lastModified": "2021-07-23T14:24:05Z",
    "lastModifiedBy": "Jeffrey Cookson",
    "extractedAt": "2025-04-08T22:02:53.678889",
    "activityCount": 0,
    "activities": []
  },
  {
    "userPrincipalName": "j.cookson@lcwmail.com",
    "fileName": "Recordings",
    "itemId": "01MPAXXRW6XU6IRMXJAFGITEVW6NLB2KYY",
    "isFolder": true,
    "fileType": "folder",
    "fileSizeBytes": "N/A",
    "lastModified": "2021-04-26T17:01:59Z",
    "lastModifiedBy": "Jeffrey Cookson",
    "extractedAt": "2025-04-08T22:02:54.540362",
    "activityCount": 0,
    "activities": []
  },
  {
    "userPrincipalName": "j.cookson@lcwmail.com",
    "fileName": "1.docx",
    "itemId": "01MPAXXRXVRZAXLLT4SNG3MG7XPI33TVZL",
    "isFolder": false,
    "fileType": "application/vnd.openxmlformats-officedocument.wordprocessingml.document",
    "fileSizeBytes": 13579,
    "lastModified": "2019-08-11T04:18:00Z",
    "lastModifiedBy": "Jeffrey Cookson",
    "extractedAt": "2025-04-08T22:02:55.409305",
    "activityCount": 0,
    "activities": []
  },
  {
    "userPrincipalName": "j.cookson@lcwmail.com",
    "fileName": "2.docx",
    "itemId": "01MPAXXRRKDU2EGD3GDNEYDSTZAZEJCCZ5",
    "isFolder": false,
    "fileType": "application/vnd.openxmlformats-officedocument.wordprocessingml.document",
    "fileSizeBytes": 130423,
    "lastModified": "2020-02-13T17:16:04Z",
    "lastModifiedBy": "Jeffrey Cookson",
    "extractedAt": "2025-04-08T22:02:56.177236",
    "activityCount": 0,
    "activities": []
  },
  {
    "userPrincipalName": "j.cookson@lcwmail.com",
    "fileName": "2020.docx",
    "itemId": "01MPAXXRX4IPNTNBHEQJDYLRTZV5GWCE33",
    "isFolder": false,
    "fileType": "application/vnd.openxmlformats-officedocument.wordprocessingml.document",
    "fileSizeBytes": 35976,
    "lastModified": "2020-02-13T17:15:50Z",
    "lastModifiedBy": "Jeffrey Cookson",
    "extractedAt": "2025-04-08T22:02:57.025892",
    "activityCount": 0,
    "activities": []
  },
  {
    "userPrincipalName": "j.cookson@lcwmail.com",
    "fileName": "6.docx",
    "itemId": "01MPAXXRVFMMT5MFSZABCY7ZKPQZQL3ZWT",
    "isFolder": false,
    "fileType": "application/vnd.openxmlformats-officedocument.wordprocessingml.document",
    "fileSizeBytes": 20282766,
    "lastModified": "2019-06-13T16:55:12Z",
    "lastModifiedBy": "Jeffrey Cookson",
    "extractedAt": "2025-04-08T22:02:57.861943",
    "activityCount": 0,
    "activities": []
  },
  {
    "userPrincipalName": "j.cookson@lcwmail.com",
    "fileName": "ACTION ITEMS.docx",
    "itemId": "01MPAXXRSUVWPE73AV2BDKBKY6IGHPIKEH",
    "isFolder": false,
    "fileType": "application/vnd.openxmlformats-officedocument.wordprocessingml.document",
    "fileSizeBytes": 18136,
    "lastModified": "2020-05-27T16:34:19Z",
    "lastModifiedBy": "Jeffrey Cookson",
    "extractedAt": "2025-04-08T22:02:58.686860",
    "activityCount": 0,
    "activities": []
  },
  {
    "userPrincipalName": "j.cookson@lcwmail.com",
    "fileName": "Allatate.docx",
    "itemId": "01MPAXXRS3ZDAOCHJKKJCLJOVC2754WBDG",
    "isFolder": false,
    "fileType": "application/vnd.openxmlformats-officedocument.wordprocessingml.document",
    "fileSizeBytes": 17787,
    "lastModified": "2020-08-17T13:14:00Z",
    "lastModifiedBy": "Jeffrey Cookson",
    "extractedAt": "2025-04-08T22:02:59.513229",
    "activityCount": 0,
    "activities": []
  },
  {
    "userPrincipalName": "j.cookson@lcwmail.com",
    "fileName": "Allstate Biweekly Calls.docx",
    "itemId": "01MPAXXRSAHOXVBICZLNBL4NYXIW3Z44CA",
    "isFolder": false,
    "fileType": "application/vnd.openxmlformats-officedocument.wordprocessingml.document",
    "fileSizeBytes": 25428,
    "lastModified": "2020-02-13T17:15:59Z",
    "lastModifiedBy": "Jeffrey Cookson",
    "extractedAt": "2025-04-08T22:03:00.397595",
    "activityCount": 0,
    "activities": []
  },
  {
    "userPrincipalName": "j.cookson@lcwmail.com",
    "fileName": "Calls w Chuck.docx",
    "itemId": "01MPAXXRWZLXTWDPBBRNBLI6NIZBPI266E",
    "isFolder": false,
    "fileType": "application/vnd.openxmlformats-officedocument.wordprocessingml.document",
    "fileSizeBytes": 89626,
    "lastModified": "2020-11-26T06:58:21Z",
    "lastModifiedBy": "Jeffrey Cookson",
    "extractedAt": "2025-04-08T22:03:01.230673",
    "activityCount": 0,
    "activities": []
  },
  {
    "userPrincipalName": "j.cookson@lcwmail.com",
    "fileName": "Culture Moments Amid CVID-19.Rmadan.pptx",
    "itemId": "01MPAXXRTRAQ5FX3YIQBBYUCQVBQVQMB7G",
    "isFolder": false,
    "fileType": "application/vnd.openxmlformats-officedocument.presentationml.presentation",
    "fileSizeBytes": 9980286,
    "lastModified": "2020-05-18T05:00:33Z",
    "lastModifiedBy": "Jeffrey Cookson",
    "extractedAt": "2025-04-08T22:03:02.075827",
    "activityCount": 0,
    "activities": []
  },
  {
    "userPrincipalName": "j.cookson@lcwmail.com",
    "fileName": "Current Resume Advice Links.docx",
    "itemId": "01MPAXXRV5SHLOFOS5RFAI6RXY5BUYLE2C",
    "isFolder": false,
    "fileType": "application/vnd.openxmlformats-officedocument.wordprocessingml.document",
    "fileSizeBytes": 12622,
    "lastModified": "2019-06-24T21:15:14Z",
    "lastModifiedBy": "Jeffrey Cookson",
    "extractedAt": "2025-04-08T22:03:02.872893",
    "activityCount": 0,
    "activities": []
  },
  {
    "userPrincipalName": "j.cookson@lcwmail.com",
    "fileName": "d4b8baa9fe09ad4e65dd364a7ce965ec.docx",
    "itemId": "01MPAXXRRQDFIO3KL7EBFLN4DMJBRBV6G7",
    "isFolder": false,
    "fileType": "application/vnd.openxmlformats-officedocument.wordprocessingml.document",
    "fileSizeBytes": 17064,
    "lastModified": "2019-10-28T06:08:11Z",
    "lastModifiedBy": "Jeffrey Cookson",
    "extractedAt": "2025-04-08T22:03:03.678443",
    "activityCount": 0,
    "activities": []
  },
  {
    "userPrincipalName": "j.cookson@lcwmail.com",
    "fileName": "Executive CoachWeber Shandwick Black Experience Chat Pods.docx",
    "itemId": "01MPAXXRVREDX3A3XLHFCZTJVRQCMDVF4J",
    "isFolder": false,
    "fileType": "application/vnd.openxmlformats-officedocument.wordprocessingml.document",
    "fileSizeBytes": 30938,
    "lastModified": "2021-01-15T18:05:25Z",
    "lastModifiedBy": "Jeffrey Cookson",
    "extractedAt": "2025-04-08T22:03:04.617212",
    "activityCount": 0,
    "activities": []
  },
  {
    "userPrincipalName": "j.cookson@lcwmail.com",
    "fileName": "Forum PODCAST EP.docx",
    "itemId": "01MPAXXRVX4KX3Y5BLUNHZO72VAACM7M62",
    "isFolder": false,
    "fileType": "application/vnd.openxmlformats-officedocument.wordprocessingml.document",
    "fileSizeBytes": 16706,
    "lastModified": "2020-09-15T06:28:02Z",
    "lastModifiedBy": "Jeffrey Cookson",
    "extractedAt": "2025-04-08T22:03:05.455760",
    "activityCount": 0,
    "activities": []
  },
  {
    "userPrincipalName": "j.cookson@lcwmail.com",
    "fileName": "I don.docx",
    "itemId": "01MPAXXRVIEDRYFLV46VAL43V23DFGECNN",
    "isFolder": false,
    "fileType": "application/vnd.openxmlformats-officedocument.wordprocessingml.document",
    "fileSizeBytes": 11796,
    "lastModified": "2020-06-13T19:08:22Z",
    "lastModifiedBy": "Jeffrey Cookson",
    "extractedAt": "2025-04-08T22:03:06.258847",
    "activityCount": 0,
    "activities": []
  },
  {
    "userPrincipalName": "j.cookson@lcwmail.com",
    "fileName": "JC Notes Bi.docx",
    "itemId": "01MPAXXRT7LKMMFH26JVHZISW3G5VAAJC7",
    "isFolder": false,
    "fileType": "application/vnd.openxmlformats-officedocument.wordprocessingml.document",
    "fileSizeBytes": 986756,
    "lastModified": "2020-10-01T00:25:56Z",
    "lastModifiedBy": "Jeffrey Cookson",
    "extractedAt": "2025-04-08T22:03:07.108164",
    "activityCount": 0,
    "activities": []
  },
  {
    "userPrincipalName": "j.cookson@lcwmail.com",
    "fileName": "Label6.docx",
    "itemId": "01MPAXXRRUA54JDDFPHZE2Z67MFRF44HCN",
    "isFolder": false,
    "fileType": "application/vnd.openxmlformats-officedocument.wordprocessingml.document",
    "fileSizeBytes": 12791,
    "lastModified": "2020-12-09T03:51:58Z",
    "lastModifiedBy": "Jeffrey Cookson",
    "extractedAt": "2025-04-08T22:03:07.874757",
    "activityCount": 0,
    "activities": []
  },
  {
    "userPrincipalName": "j.cookson@lcwmail.com",
    "fileName": "Nordic CLT BCI.docx",
    "itemId": "01MPAXXRQSFWQPWZNZX5BJXIJVPCZA7ZYL",
    "isFolder": false,
    "fileType": "application/vnd.openxmlformats-officedocument.wordprocessingml.document",
    "fileSizeBytes": 13408,
    "lastModified": "2019-06-18T18:57:00Z",
    "lastModifiedBy": "Jeffrey Cookson",
    "extractedAt": "2025-04-08T22:03:08.692649",
    "activityCount": 0,
    "activities": []
  },
  {
    "userPrincipalName": "j.cookson@lcwmail.com",
    "fileName": "Presentation1.pptx",
    "itemId": "01MPAXXRURA234PXBGYFAIFLCDIBHJNEEM",
    "isFolder": false,
    "fileType": "application/vnd.openxmlformats-officedocument.presentationml.presentation",
    "fileSizeBytes": 41181,
    "lastModified": "2019-12-09T01:26:07Z",
    "lastModifiedBy": "Jeffrey Cookson",
    "extractedAt": "2025-04-08T22:03:09.488734",
    "activityCount": 0,
    "activities": []
  },
  {
    "userPrincipalName": "j.cookson@lcwmail.com",
    "fileName": "Presentation2.pptx",
    "itemId": "01MPAXXRUJCKTWP356SREY2CJIFG2CZ345",
    "isFolder": false,
    "fileType": "application/vnd.openxmlformats-officedocument.presentationml.presentation",
    "fileSizeBytes": 58893,
    "lastModified": "2020-04-06T21:04:13Z",
    "lastModifiedBy": "Jeffrey Cookson",
    "extractedAt": "2025-04-08T22:03:10.267695",
    "activityCount": 0,
    "activities": []
  },
  {
    "userPrincipalName": "j.cookson@lcwmail.com",
    "fileName": "Presentation3.pptx",
    "itemId": "01MPAXXRT7AJO2JGSOURCZJIA4MMGCCDQY",
    "isFolder": false,
    "fileType": "application/vnd.openxmlformats-officedocument.presentationml.presentation",
    "fileSizeBytes": 116442,
    "lastModified": "2020-06-02T21:01:58Z",
    "lastModifiedBy": "Jeffrey Cookson",
    "extractedAt": "2025-04-08T22:03:11.076395",
    "activityCount": 0,
    "activities": []
  },
  {
    "userPrincipalName": "j.cookson@lcwmail.com",
    "fileName": "Project Call Notes BCI Nordic Culture Group.docx",
    "itemId": "01MPAXXRUFRTKIRB2RNVAJFTAFJTORC6TT",
    "isFolder": false,
    "fileType": "application/vnd.openxmlformats-officedocument.wordprocessingml.document",
    "fileSizeBytes": 7465041,
    "lastModified": "2019-09-04T03:45:02Z",
    "lastModifiedBy": "Jeffrey Cookson",
    "extractedAt": "2025-04-08T22:03:11.971950",
    "activityCount": 0,
    "activities": []
  },
  {
    "userPrincipalName": "j.cookson@lcwmail.com",
    "fileName": "Religious views could be considered as a topic for racism too.docx",
    "itemId": "01MPAXXRRTUOVZS2WNCJBLTIAQIAKASOCB",
    "isFolder": false,
    "fileType": "application/vnd.openxmlformats-officedocument.wordprocessingml.document",
    "fileSizeBytes": 15052,
    "lastModified": "2020-09-15T06:27:56Z",
    "lastModifiedBy": "Jeffrey Cookson",
    "extractedAt": "2025-04-08T22:03:12.782708",
    "activityCount": 0,
    "activities": []
  },
  {
    "userPrincipalName": "j.cookson@lcwmail.com",
    "fileName": "Where does being mindful end and being patronizing begin in such conversations.docx",
    "itemId": "01MPAXXRXCE2BNFE37PNCLDUEV7AWGKSHO",
    "isFolder": false,
    "fileType": "application/vnd.openxmlformats-officedocument.wordprocessingml.document",
    "fileSizeBytes": 13712,
    "lastModified": "2020-09-15T06:28:53Z",
    "lastModifiedBy": "Jeffrey Cookson",
    "extractedAt": "2025-04-08T22:03:13.673069",
    "activityCount": 0,
    "activities": []
  }
]