[
  {
    "userPrincipalName": "j.parsons@lcwmail.com",
    "fileName": "Desktop",
    "itemId": "01YJRHHSMGUVW365O3ZRGKOB7NJCFLFQ3Z",
    "isFolder": true,
    "fileType": "folder",
    "fileSizeBytes": "N/A",
    "lastModified": "2022-03-04T18:40:19Z",
    "lastModifiedBy": "Joseph Parsons",
    "extractedAt": "2025-04-08T22:02:47.055661",
    "activityCount": 0,
    "activities": []
  },
  {
    "userPrincipalName": "j.parsons@lcwmail.com",
    "fileName": "Documents",
    "itemId": "01YJRHHSP6HGAPHQHLMNFLNLWIOMWY22BB",
    "isFolder": true,
    "fileType": "folder",
    "fileSizeBytes": "N/A",
    "lastModified": "2022-03-04T18:40:19Z",
    "lastModifiedBy": "Joseph Parsons",
    "extractedAt": "2025-04-08T22:02:47.884334",
    "activityCount": 0,
    "activities": []
  },
  {
    "userPrincipalName": "j.parsons@lcwmail.com",
    "fileName": "Microsoft Teams Chat Files",
    "itemId": "01YJRHHSMUYDTPZTHNG5HLEINWE6BZSDCW",
    "isFolder": true,
    "fileType": "folder",
    "fileSizeBytes": "N/A",
    "lastModified": "2022-03-23T20:12:09Z",
    "lastModifiedBy": "Joseph Parsons",
    "extractedAt": "2025-04-08T22:02:48.742362",
    "activityCount": 0,
    "activities": []
  },
  {
    "userPrincipalName": "j.parsons@lcwmail.com",
    "fileName": "Microsoft Teams Data",
    "itemId": "01YJRHHSI5AU3X2C6LQVDJL6X7DXEO2CYO",
    "isFolder": true,
    "fileType": "folder",
    "fileSizeBytes": "N/A",
    "lastModified": "2022-08-17T14:12:40Z",
    "lastModifiedBy": "Joseph Parsons",
    "extractedAt": "2025-04-08T22:02:49.664627",
    "activityCount": 0,
    "activities": []
  },
  {
    "userPrincipalName": "j.parsons@lcwmail.com",
    "fileName": "Pictures",
    "itemId": "01YJRHHSJXR36MUQ5UAFHIUVXMB57E2F4Q",
    "isFolder": true,
    "fileType": "folder",
    "fileSizeBytes": "N/A",
    "lastModified": "2022-03-04T18:40:19Z",
    "lastModifiedBy": "Joseph Parsons",
    "extractedAt": "2025-04-08T22:02:50.676551",
    "activityCount": 0,
    "activities": []
  },
  {
    "userPrincipalName": "j.parsons@lcwmail.com",
    "fileName": "Recordings",
    "itemId": "01YJRHHSIRM2MGCEGBFRCZFBHSW56H3LDP",
    "isFolder": true,
    "fileType": "folder",
    "fileSizeBytes": "N/A",
    "lastModified": "2022-03-17T17:14:53Z",
    "lastModifiedBy": "Joseph Parsons",
    "extractedAt": "2025-04-08T22:02:51.655717",
    "activityCount": 0,
    "activities": []
  },
  {
    "userPrincipalName": "j.parsons@lcwmail.com",
    "fileName": "Book1.xlsx",
    "itemId": "01YJRHHSJRTLXX754PWJAYJEVKO3HMUK6X",
    "isFolder": false,
    "fileType": "application/vnd.openxmlformats-officedocument.spreadsheetml.sheet",
    "fileSizeBytes": 16288,
    "lastModified": "2022-05-11T14:22:21Z",
    "lastModifiedBy": "Joseph Parsons",
    "extractedAt": "2025-04-08T22:02:52.583729",
    "activityCount": 0,
    "activities": []
  },
  {
    "userPrincipalName": "j.parsons@lcwmail.com",
    "fileName": "CoC_Prysmian Translation Order.docx",
    "itemId": "01YJRHHSNCY5KQLOGBINEZRTJTIAX3DDDU",
    "isFolder": false,
    "fileType": "application/vnd.openxmlformats-officedocument.wordprocessingml.document",
    "fileSizeBytes": 21100,
    "lastModified": "2022-08-09T15:51:51Z",
    "lastModifiedBy": "Joseph Parsons",
    "extractedAt": "2025-04-08T22:02:53.463745",
    "activityCount": 0,
    "activities": []
  },
  {
    "userPrincipalName": "j.parsons@lcwmail.com",
    "fileName": "Code of Conduct_HAIN v5 (002).doc",
    "itemId": "01YJRHHSKXIEWX7A3TYRCYSJVIRSH7YIHK",
    "isFolder": false,
    "fileType": "application/msword",
    "fileSizeBytes": 454656,
    "lastModified": "2022-09-20T19:30:50Z",
    "lastModifiedBy": "Joseph Parsons",
    "extractedAt": "2025-04-08T22:02:54.271969",
    "activityCount": 1,
    "activities": [
      {
        "activityId": "8K9NoD6b2khIs/4JAAAAAA==",
        "actionType": "create",
        "performedBy": "Joseph Parsons",
        "userPrincipalName": "j.parsons@lcwmail.com",
        "email": "j.parsons@lcwmail.com",
        "timestamp": "2022-09-20T19:30:50Z"
      }
    ]
  },
  {
    "userPrincipalName": "j.parsons@lcwmail.com",
    "fileName": "Doc13.docx",
    "itemId": "01YJRHHSLMXAE6V6WQVJCZH7D53SCR7VSD",
    "isFolder": false,
    "fileType": "application/vnd.openxmlformats-officedocument.wordprocessingml.document",
    "fileSizeBytes": 61976,
    "lastModified": "2022-07-20T05:02:47Z",
    "lastModifiedBy": "Joseph Parsons",
    "extractedAt": "2025-04-08T22:02:55.102364",
    "activityCount": 0,
    "activities": []
  },
  {
    "userPrincipalName": "j.parsons@lcwmail.com",
    "fileName": "Estimates.docx",
    "itemId": "01YJRHHSNET74QKOPZLVGZL5UK6JVBQ5FZ",
    "isFolder": false,
    "fileType": "application/vnd.openxmlformats-officedocument.wordprocessingml.document",
    "fileSizeBytes": 334039,
    "lastModified": "2022-06-01T14:05:28Z",
    "lastModifiedBy": "Joseph Parsons",
    "extractedAt": "2025-04-08T22:02:56.180110",
    "activityCount": 0,
    "activities": []
  },
  {
    "userPrincipalName": "j.parsons@lcwmail.com",
    "fileName": "Instructions for DTP.docx",
    "itemId": "01YJRHHSOJQBGKWLLSZVGKOJDCWBDTHDKZ",
    "isFolder": false,
    "fileType": "application/vnd.openxmlformats-officedocument.wordprocessingml.document",
    "fileSizeBytes": 58166,
    "lastModified": "2022-04-21T16:30:06Z",
    "lastModifiedBy": "Joseph Parsons",
    "extractedAt": "2025-04-08T22:02:57.063887",
    "activityCount": 0,
    "activities": []
  },
  {
    "userPrincipalName": "j.parsons@lcwmail.com",
    "fileName": "Joseph @ LCW",
    "itemId": "01YJRHHSMQ2KR7ICBL6JBJ2C2VCF5YBHL3",
    "isFolder": true,
    "fileType": "folder",
    "fileSizeBytes": "N/A",
    "lastModified": "2022-06-03T17:49:59Z",
    "lastModifiedBy": "Joseph Parsons",
    "extractedAt": "2025-04-08T22:02:57.923165",
    "activityCount": 0,
    "activities": []
  }
]