[
  {
    "userPrincipalName": "a.jones@lcwmail.com",
    "fileName": "Apps",
    "itemId": "01FYGKA3SBE3P2NBZJUJHYTQ6OCVM5WHEW",
    "isFolder": true,
    "fileType": "folder",
    "fileSizeBytes": "N/A",
    "lastModified": "2023-07-05T16:34:53Z",
    "lastModifiedBy": "Antonio Jones",
    "extractedAt": "2025-04-08T22:04:00.983465",
    "activityCount": 0,
    "activities": []
  },
  {
    "userPrincipalName": "a.jones@lcwmail.com",
    "fileName": "Attachments",
    "itemId": "01FYGKA3Q5SZAJJ7USIJEZ2PGV7QQT6RGH",
    "isFolder": true,
    "fileType": "folder",
    "fileSizeBytes": "N/A",
    "lastModified": "2023-06-30T22:13:14Z",
    "lastModifiedBy": "Antonio Jones",
    "extractedAt": "2025-04-08T22:04:02.044030",
    "activityCount": 0,
    "activities": []
  },
  {
    "userPrincipalName": "a.jones@lcwmail.com",
    "fileName": "Desktop",
    "itemId": "01FYGKA3SQJCCTWDLPQFAYOWPVK7YXAOAT",
    "isFolder": true,
    "fileType": "folder",
    "fileSizeBytes": "N/A",
    "lastModified": "2023-06-30T22:15:33Z",
    "lastModifiedBy": "Antonio Jones",
    "extractedAt": "2025-04-08T22:04:02.868140",
    "activityCount": 0,
    "activities": []
  },
  {
    "userPrincipalName": "a.jones@lcwmail.com",
    "fileName": "Documents",
    "itemId": "01FYGKA3WSJKKGOSPGGBBJ46ZBD6ZCMIKX",
    "isFolder": true,
    "fileType": "folder",
    "fileSizeBytes": "N/A",
    "lastModified": "2023-06-30T22:15:33Z",
    "lastModifiedBy": "Antonio Jones",
    "extractedAt": "2025-04-08T22:04:04.477631",
    "activityCount": 0,
    "activities": []
  },
  {
    "userPrincipalName": "a.jones@lcwmail.com",
    "fileName": "Microsoft Teams Chat Files",
    "itemId": "01FYGKA3RW33AZQ4RRZFGYLUK3UN6LB3NP",
    "isFolder": true,
    "fileType": "folder",
    "fileSizeBytes": "N/A",
    "lastModified": "2023-07-13T19:41:49Z",
    "lastModifiedBy": "Antonio Jones",
    "extractedAt": "2025-04-08T22:04:05.333391",
    "activityCount": 0,
    "activities": []
  },
  {
    "userPrincipalName": "a.jones@lcwmail.com",
    "fileName": "Pictures",
    "itemId": "01FYGKA3T3HEYREI6G7ZFZSWMESLDCVFNN",
    "isFolder": true,
    "fileType": "folder",
    "fileSizeBytes": "N/A",
    "lastModified": "2023-06-30T22:15:33Z",
    "lastModifiedBy": "Antonio Jones",
    "extractedAt": "2025-04-08T22:04:06.231097",
    "activityCount": 0,
    "activities": []
  },
  {
    "userPrincipalName": "a.jones@lcwmail.com",
    "fileName": "Recordings",
    "itemId": "01FYGKA3TOA6N4VPBBANCKVBUYDLTM3YXR",
    "isFolder": true,
    "fileType": "folder",
    "fileSizeBytes": "N/A",
    "lastModified": "2023-07-05T21:33:01Z",
    "lastModifiedBy": "Antonio Jones",
    "extractedAt": "2025-04-08T22:04:07.193737",
    "activityCount": 0,
    "activities": []
  },
  {
    "userPrincipalName": "a.jones@lcwmail.com",
    "fileName": "accounting procedures.xlsx",
    "itemId": "01FYGKA3TLMUYLHTJ2DFEJQI3PS2KKFJMX",
    "isFolder": false,
    "fileType": "application/vnd.openxmlformats-officedocument.spreadsheetml.sheet",
    "fileSizeBytes": 11794,
    "lastModified": "2023-07-13T00:16:18Z",
    "lastModifiedBy": "Antonio Jones",
    "extractedAt": "2025-04-08T22:04:08.114211",
    "activityCount": 0,
    "activities": []
  },
  {
    "userPrincipalName": "a.jones@lcwmail.com",
    "fileName": "Answers to Beth's Questions.xlsx",
    "itemId": "01FYGKA3XZJXYGCMXW3BC3Z7MMUSBQ2NET",
    "isFolder": false,
    "fileType": "application/vnd.openxmlformats-officedocument.spreadsheetml.sheet",
    "fileSizeBytes": 21071,
    "lastModified": "2023-09-02T03:29:15Z",
    "lastModifiedBy": "Antonio Jones",
    "extractedAt": "2025-04-08T22:04:09.060926",
    "activityCount": 0,
    "activities": []
  },
  {
    "userPrincipalName": "a.jones@lcwmail.com",
    "fileName": "BD  bonus structure 9.19.23.xlsx",
    "itemId": "01FYGKA3QP5DTI5QMOBBAJKKAKK3AP7TVB",
    "isFolder": false,
    "fileType": "application/vnd.openxmlformats-officedocument.spreadsheetml.sheet",
    "fileSizeBytes": 17493,
    "lastModified": "2023-09-19T16:59:27Z",
    "lastModifiedBy": "Antonio Jones",
    "extractedAt": "2025-04-08T22:04:09.953217",
    "activityCount": 0,
    "activities": []
  },
  {
    "userPrincipalName": "a.jones@lcwmail.com",
    "fileName": "BD  commission structure 10.10.23_RP.xlsx",
    "itemId": "01FYGKA3TVRTTULBGARJA25UY577HIQZS7",
    "isFolder": false,
    "fileType": "application/vnd.openxmlformats-officedocument.spreadsheetml.sheet",
    "fileSizeBytes": 20803,
    "lastModified": "2023-10-30T21:42:46Z",
    "lastModifiedBy": "Antonio Jones",
    "extractedAt": "2025-04-08T22:04:11.375800",
    "activityCount": 0,
    "activities": []
  },
  {
    "userPrincipalName": "a.jones@lcwmail.com",
    "fileName": "BD  commission structure 10.27.23.xlsx",
    "itemId": "01FYGKA3VB2ZG7J3PCOFH33SBCLQ6SBJD3",
    "isFolder": false,
    "fileType": "application/vnd.openxmlformats-officedocument.spreadsheetml.sheet",
    "fileSizeBytes": 511680,
    "lastModified": "2023-10-27T20:11:20Z",
    "lastModifiedBy": "Antonio Jones",
    "extractedAt": "2025-04-08T22:04:12.845771",
    "activityCount": 0,
    "activities": []
  },
  {
    "userPrincipalName": "a.jones@lcwmail.com",
    "fileName": "Book6.xlsx",
    "itemId": "01FYGKA3VGWUIRKLMX3JDIRGHW72MOJ3E5",
    "isFolder": false,
    "fileType": "application/vnd.openxmlformats-officedocument.spreadsheetml.sheet",
    "fileSizeBytes": 17324,
    "lastModified": "2023-10-13T21:14:03Z",
    "lastModifiedBy": "Antonio Jones",
    "extractedAt": "2025-04-08T22:04:13.767159",
    "activityCount": 0,
    "activities": []
  },
  {
    "userPrincipalName": "a.jones@lcwmail.com",
    "fileName": "CASH FLOW ANALYSIS WEEK ENDING 12.15.23.xlsx",
    "itemId": "01FYGKA3WUMDOTSO45YNHIWUWKPLYMF3BW",
    "isFolder": false,
    "fileType": "application/vnd.openxmlformats-officedocument.spreadsheetml.sheet",
    "fileSizeBytes": 88588,
    "lastModified": "2023-12-20T01:32:51Z",
    "lastModifiedBy": "Antonio Jones",
    "extractedAt": "2025-04-08T22:04:14.606497",
    "activityCount": 0,
    "activities": []
  },
  {
    "userPrincipalName": "a.jones@lcwmail.com",
    "fileName": "CASH FLOW ANALYSIS WEEK ENDING 12.8.23.xlsx",
    "itemId": "01FYGKA3RTPHWFLXH4YJELTQO2OBQXKOWH",
    "isFolder": false,
    "fileType": "application/vnd.openxmlformats-officedocument.spreadsheetml.sheet",
    "fileSizeBytes": 88600,
    "lastModified": "2023-12-20T01:32:08Z",
    "lastModifiedBy": "Antonio Jones",
    "extractedAt": "2025-04-08T22:04:15.401680",
    "activityCount": 0,
    "activities": []
  },
  {
    "userPrincipalName": "a.jones@lcwmail.com",
    "fileName": "CERTIFICATE OF INSURANCE.Pdf",
    "itemId": "01FYGKA3X3KVCMN5SIF5DZFYO2ATZ7TIAV",
    "isFolder": false,
    "fileType": "application/pdf",
    "fileSizeBytes": 232544,
    "lastModified": "2023-07-06T18:00:25Z",
    "lastModifiedBy": "Antonio Jones",
    "extractedAt": "2025-04-08T22:04:16.194395",
    "activityCount": 0,
    "activities": []
  },
  {
    "userPrincipalName": "a.jones@lcwmail.com",
    "fileName": "Clockify_Time_Report_Detailed_01_01_2023-12_31_2023.xlsx",
    "itemId": "01FYGKA3QQGKM3LKN3LJA2JDXH3T6IWMWV",
    "isFolder": false,
    "fileType": "application/vnd.openxmlformats-officedocument.spreadsheetml.sheet",
    "fileSizeBytes": 799893,
    "lastModified": "2023-09-29T17:12:00Z",
    "lastModifiedBy": "Antonio Jones",
    "extractedAt": "2025-04-08T22:04:17.009987",
    "activityCount": 0,
    "activities": []
  },
  {
    "userPrincipalName": "a.jones@lcwmail.com",
    "fileName": "Covenant Compliance Cert 6.30.23 v 2.xlsx",
    "itemId": "01FYGKA3RNJ7RJBXAWQNCKJRADKKMFM6ER",
    "isFolder": false,
    "fileType": "application/vnd.openxmlformats-officedocument.spreadsheetml.sheet",
    "fileSizeBytes": 426536,
    "lastModified": "2023-09-12T16:52:52Z",
    "lastModifiedBy": "Antonio Jones",
    "extractedAt": "2025-04-08T22:04:17.853226",
    "activityCount": 0,
    "activities": []
  },
  {
    "userPrincipalName": "a.jones@lcwmail.com",
    "fileName": "Covenant Compliance Cert 9.30.23.xlsx",
    "itemId": "01FYGKA3R7UCI5TIIIOFEJLHSHT35ZOJ5T",
    "isFolder": false,
    "fileType": "application/vnd.openxmlformats-officedocument.spreadsheetml.sheet",
    "fileSizeBytes": 420251,
    "lastModified": "2023-12-07T02:41:48Z",
    "lastModifiedBy": "Antonio Jones",
    "extractedAt": "2025-04-08T22:04:18.695809",
    "activityCount": 0,
    "activities": []
  },
  {
    "userPrincipalName": "a.jones@lcwmail.com",
    "fileName": "From-Toni_Product sales analysis 10.27.23.xlsx",
    "itemId": "01FYGKA3XIY5QOTWTF2NFYEBXIDNVVUP7M",
    "isFolder": false,
    "fileType": "application/vnd.openxmlformats-officedocument.spreadsheetml.sheet",
    "fileSizeBytes": 300319,
    "lastModified": "2023-11-06T14:15:36Z",
    "lastModifiedBy": "Antonio Jones",
    "extractedAt": "2025-04-08T22:04:19.496749",
    "activityCount": 0,
    "activities": []
  },
  {
    "userPrincipalName": "a.jones@lcwmail.com",
    "fileName": "Language  Culture Worldwide L (003).xlsx",
    "itemId": "01FYGKA3S7D4VZAN6KEVEKISECCF5PDLWL",
    "isFolder": false,
    "fileType": "application/vnd.openxmlformats-officedocument.spreadsheetml.sheet",
    "fileSizeBytes": 16949,
    "lastModified": "2023-10-13T21:15:24Z",
    "lastModifiedBy": "Antonio Jones",
    "extractedAt": "2025-04-08T22:04:20.319856",
    "activityCount": 0,
    "activities": []
  },
  {
    "userPrincipalName": "a.jones@lcwmail.com",
    "fileName": "Language and Culture Worldwide - Finance Update August 2023.pptx",
    "itemId": "01FYGKA3VXHCXTWKYJ3VG33PP4TZGOVB42",
    "isFolder": false,
    "fileType": "application/vnd.openxmlformats-officedocument.presentationml.presentation",
    "fileSizeBytes": 4916744,
    "lastModified": "2023-08-20T16:00:05Z",
    "lastModifiedBy": "Antonio Jones",
    "extractedAt": "2025-04-08T22:04:21.182187",
    "activityCount": 0,
    "activities": []
  },
  {
    "userPrincipalName": "a.jones@lcwmail.com",
    "fileName": "LCW Acco Monthly Calander.xlsx",
    "itemId": "01FYGKA3R6O6EUWUBFIRBYIM2RB7GJXHVE",
    "isFolder": false,
    "fileType": "application/vnd.openxmlformats-officedocument.spreadsheetml.sheet",
    "fileSizeBytes": 294368,
    "lastModified": "2023-12-20T16:22:17Z",
    "lastModifiedBy": "Antonio Jones",
    "extractedAt": "2025-04-08T22:04:22.021744",
    "activityCount": 1,
    "activities": [
      {
        "activityId": "wE8/1XcB3Eg5R9UMAAAAAA==",
        "actionType": "edit",
        "performedBy": "Antonio Jones",
        "userPrincipalName": "a.jones@lcwmail.com",
        "email": "a.jones@lcwmail.com",
        "timestamp": "2023-12-20T16:22:17Z"
      }
    ]
  },
  {
    "userPrincipalName": "a.jones@lcwmail.com",
    "fileName": "LCW CFF - 8.28.23 (002).xlsx",
    "itemId": "01FYGKA3R4Y5Z7IOWFQ5BJSYCTR2IYVQ5E",
    "isFolder": false,
    "fileType": "application/vnd.openxmlformats-officedocument.spreadsheetml.sheet",
    "fileSizeBytes": 1062370,
    "lastModified": "2023-08-30T15:14:27Z",
    "lastModifiedBy": "Antonio Jones",
    "extractedAt": "2025-04-08T22:04:22.845864",
    "activityCount": 0,
    "activities": []
  },
  {
    "userPrincipalName": "a.jones@lcwmail.com",
    "fileName": "LCW Income Statement Trailing 12 Months.xlsx",
    "itemId": "01FYGKA3V7WVNPUPDWS5BINYSAGWKIK4CB",
    "isFolder": false,
    "fileType": "application/vnd.openxmlformats-officedocument.spreadsheetml.sheet",
    "fileSizeBytes": 25212,
    "lastModified": "2023-12-07T03:14:12Z",
    "lastModifiedBy": "Antonio Jones",
    "extractedAt": "2025-04-08T22:04:23.634854",
    "activityCount": 0,
    "activities": []
  },
  {
    "userPrincipalName": "a.jones@lcwmail.com",
    "fileName": "Maria Mercado Contractor Timesheet 8.31.23.xlsx",
    "itemId": "01FYGKA3UL7ONJQ4ZMIRGLSQBFKZ7LVMOZ",
    "isFolder": false,
    "fileType": "application/vnd.openxmlformats-officedocument.spreadsheetml.sheet",
    "fileSizeBytes": 107465,
    "lastModified": "2023-08-31T20:30:02Z",
    "lastModifiedBy": "Antonio Jones",
    "extractedAt": "2025-04-08T22:04:24.407093",
    "activityCount": 0,
    "activities": []
  },
  {
    "userPrincipalName": "a.jones@lcwmail.com",
    "fileName": "mortgage calculator adjusted 6227 saint lawrence.xlsx",
    "itemId": "01FYGKA3T7XBE7SIR74FDLJ2VXV3S5UL7M",
    "isFolder": false,
    "fileType": "application/vnd.openxmlformats-officedocument.spreadsheetml.sheet",
    "fileSizeBytes": 107014,
    "lastModified": "2023-08-31T19:48:19Z",
    "lastModifiedBy": "Antonio Jones",
    "extractedAt": "2025-04-08T22:04:25.153848",
    "activityCount": 0,
    "activities": []
  },
  {
    "userPrincipalName": "a.jones@lcwmail.com",
    "fileName": "mortgage calculator adjusted.xlsx",
    "itemId": "01FYGKA3QMTRBBLC5TAFCYGQYLC3YJ74EL",
    "isFolder": false,
    "fileType": "application/vnd.openxmlformats-officedocument.spreadsheetml.sheet",
    "fileSizeBytes": 106839,
    "lastModified": "2023-09-18T16:07:16Z",
    "lastModifiedBy": "Antonio Jones",
    "extractedAt": "2025-04-08T22:04:26.052295",
    "activityCount": 0,
    "activities": []
  },
  {
    "userPrincipalName": "a.jones@lcwmail.com",
    "fileName": "My Notebook @ LCW",
    "itemId": "01FYGKA3SNR2UPP2MYQFA2N32VRE3R46MT",
    "isFolder": true,
    "fileType": "folder",
    "fileSizeBytes": "N/A",
    "lastModified": "2023-07-25T01:51:25Z",
    "lastModifiedBy": "Antonio Jones",
    "extractedAt": "2025-04-08T22:04:26.920244",
    "activityCount": 0,
    "activities": []
  },
  {
    "userPrincipalName": "a.jones@lcwmail.com",
    "fileName": "overdue invoices 10.4.23.xlsx",
    "itemId": "01FYGKA3SJRMWAXT3VIRFZZJI7O7JQUO76",
    "isFolder": false,
    "fileType": "application/vnd.openxmlformats-officedocument.spreadsheetml.sheet",
    "fileSizeBytes": 34259,
    "lastModified": "2023-10-04T20:41:50Z",
    "lastModifiedBy": "Antonio Jones",
    "extractedAt": "2025-04-08T22:04:27.836114",
    "activityCount": 0,
    "activities": []
  },
  {
    "userPrincipalName": "a.jones@lcwmail.com",
    "fileName": "Pro Forma - 5019 w augusta.xlsx",
    "itemId": "01FYGKA3X4DWXTRUBLTBAJB6P2DWO33LZ5",
    "isFolder": false,
    "fileType": "application/vnd.openxmlformats-officedocument.spreadsheetml.sheet",
    "fileSizeBytes": 80215,
    "lastModified": "2023-08-26T16:24:39Z",
    "lastModifiedBy": "Antonio Jones",
    "extractedAt": "2025-04-08T22:04:28.720200",
    "activityCount": 0,
    "activities": []
  },
  {
    "userPrincipalName": "a.jones@lcwmail.com",
    "fileName": "Pro Forma - Rillito Crossing - 18 July 2023.xlsx",
    "itemId": "01FYGKA3W2TJ6B6HYC7NHYODMLXZ4LM453",
    "isFolder": false,
    "fileType": "application/vnd.openxmlformats-officedocument.spreadsheetml.sheet",
    "fileSizeBytes": 80171,
    "lastModified": "2023-08-26T16:20:20Z",
    "lastModifiedBy": "Antonio Jones",
    "extractedAt": "2025-04-08T22:04:29.640235",
    "activityCount": 0,
    "activities": []
  },
  {
    "userPrincipalName": "a.jones@lcwmail.com",
    "fileName": "STABILIZATION PLAN v3.xlsx",
    "itemId": "01FYGKA3UKBLD5JY72GFGYFF2DZU3FAD5A",
    "isFolder": false,
    "fileType": "application/vnd.openxmlformats-officedocument.spreadsheetml.sheet",
    "fileSizeBytes": 25060,
    "lastModified": "2023-11-16T22:26:32Z",
    "lastModifiedBy": "Antonio Jones",
    "extractedAt": "2025-04-08T22:04:30.552376",
    "activityCount": 0,
    "activities": []
  },
  {
    "userPrincipalName": "a.jones@lcwmail.com",
    "fileName": "sutker moran notes.xlsx",
    "itemId": "01FYGKA3VDKQWJXZ24NFHZAXKHGINH4TLH",
    "isFolder": false,
    "fileType": "application/vnd.openxmlformats-officedocument.spreadsheetml.sheet",
    "fileSizeBytes": 16970,
    "lastModified": "2023-08-29T20:26:02Z",
    "lastModifiedBy": "Antonio Jones",
    "extractedAt": "2025-04-08T22:04:31.524049",
    "activityCount": 0,
    "activities": []
  },
  {
    "userPrincipalName": "a.jones@lcwmail.com",
    "fileName": "value statement- fulton grace realtor.xlsx",
    "itemId": "01FYGKA3XASZFFR72FTRHJUMIE6C2NSPEZ",
    "isFolder": false,
    "fileType": "application/vnd.openxmlformats-officedocument.spreadsheetml.sheet",
    "fileSizeBytes": 102794,
    "lastModified": "2023-09-08T16:25:40Z",
    "lastModifiedBy": "Antonio Jones",
    "extractedAt": "2025-04-08T22:04:32.419534",
    "activityCount": 0,
    "activities": []
  },
  {
    "userPrincipalName": "a.jones@lcwmail.com",
    "fileName": "Weekly XLT Meeting notes 7.11.23.xlsx",
    "itemId": "01FYGKA3X7H26LWNYWSVHK27LEM3EJP4KW",
    "isFolder": false,
    "fileType": "application/vnd.openxmlformats-officedocument.spreadsheetml.sheet",
    "fileSizeBytes": 290301,
    "lastModified": "2023-07-13T16:46:56Z",
    "lastModifiedBy": "Antonio Jones",
    "extractedAt": "2025-04-08T22:04:33.233319",
    "activityCount": 0,
    "activities": []
  },
  {
    "userPrincipalName": "a.jones@lcwmail.com",
    "fileName": "wework intros.docx",
    "itemId": "01FYGKA3X43EINSP7PJBDIOCABXB3CH5BZ",
    "isFolder": false,
    "fileType": "application/vnd.openxmlformats-officedocument.wordprocessingml.document",
    "fileSizeBytes": 19527,
    "lastModified": "2023-09-28T17:33:19Z",
    "lastModifiedBy": "Antonio Jones",
    "extractedAt": "2025-04-08T22:04:34.000579",
    "activityCount": 0,
    "activities": []
  },
  {
    "userPrincipalName": "a.jones@lcwmail.com",
    "fileName": "ZBB Expense Reduction detail (003).xlsx",
    "itemId": "01FYGKA3X2KRI7LMVXAFAY6HMEOP7ROKTJ",
    "isFolder": false,
    "fileType": "application/vnd.openxmlformats-officedocument.spreadsheetml.sheet",
    "fileSizeBytes": 154250,
    "lastModified": "2023-09-08T16:24:08Z",
    "lastModifiedBy": "Antonio Jones",
    "extractedAt": "2025-04-08T22:04:34.772925",
    "activityCount": 0,
    "activities": []
  }
]