[
  {
    "userPrincipalName": "l.murray@lcwmail.com",
    "fileName": "Attachments",
    "itemId": "01B3J6T2BHNAOVFN2VNZFKXDTLM7KMS7JR",
    "isFolder": true,
    "fileType": "folder",
    "fileSizeBytes": "N/A",
    "lastModified": "2022-05-24T15:28:17Z",
    "lastModifiedBy": "LaQuanda Murray",
    "extractedAt": "2025-04-08T22:02:55.843045",
    "activityCount": 0,
    "activities": []
  },
  {
    "userPrincipalName": "l.murray@lcwmail.com",
    "fileName": "Microsoft Teams Chat Files",
    "itemId": "01B3J6T2EFCLCHKHQSERDISNG4H57TKBW6",
    "isFolder": true,
    "fileType": "folder",
    "fileSizeBytes": "N/A",
    "lastModified": "2020-10-06T18:28:28Z",
    "lastModifiedBy": "LaQuanda Murray",
    "extractedAt": "2025-04-08T22:02:56.729172",
    "activityCount": 0,
    "activities": []
  },
  {
    "userPrincipalName": "l.murray@lcwmail.com",
    "fileName": "Microsoft Teams Data",
    "itemId": "01B3J6T2DZM6F6DYHSHJH2GP6JJUQJ25RV",
    "isFolder": true,
    "fileType": "folder",
    "fileSizeBytes": "N/A",
    "lastModified": "2021-07-12T20:01:50Z",
    "lastModifiedBy": "LaQuanda Murray",
    "extractedAt": "2025-04-08T22:02:57.561008",
    "activityCount": 0,
    "activities": []
  },
  {
    "userPrincipalName": "l.murray@lcwmail.com",
    "fileName": "Recordings",
    "itemId": "01B3J6T2CEXUQKKUGFNVDZV32RF43GM4UA",
    "isFolder": true,
    "fileType": "folder",
    "fileSizeBytes": "N/A",
    "lastModified": "2021-09-16T19:03:18Z",
    "lastModifiedBy": "LaQuanda Murray",
    "extractedAt": "2025-04-08T22:02:58.365008",
    "activityCount": 0,
    "activities": []
  },
  {
    "userPrincipalName": "l.murray@lcwmail.com",
    "fileName": "Expenses.xlsx",
    "itemId": "01B3J6T2CX2XO6H77ZJ5HI7CN6XGPWTKV4",
    "isFolder": false,
    "fileType": "application/vnd.openxmlformats-officedocument.spreadsheetml.sheet",
    "fileSizeBytes": 850986,
    "lastModified": "2022-04-23T00:29:10Z",
    "lastModifiedBy": "LaQuanda Murray",
    "extractedAt": "2025-04-08T22:02:59.202601",
    "activityCount": 0,
    "activities": []
  },
  {
    "userPrincipalName": "l.murray@lcwmail.com",
    "fileName": "From Day One Conference Notes.docx",
    "itemId": "01B3J6T2HDHAX5EBHY3ZH3NDGDPDSZKFDK",
    "isFolder": false,
    "fileType": "application/vnd.openxmlformats-officedocument.wordprocessingml.document",
    "fileSizeBytes": 15996,
    "lastModified": "2022-05-26T14:18:49Z",
    "lastModifiedBy": "LaQuanda Murray",
    "extractedAt": "2025-04-08T22:03:00.059462",
    "activityCount": 0,
    "activities": []
  },
  {
    "userPrincipalName": "l.murray@lcwmail.com",
    "fileName": "LaQuanda @ LCW",
    "itemId": "01B3J6T2C2X5K4IZ2EMFBKBO3RPCUD5FJM",
    "isFolder": true,
    "fileType": "folder",
    "fileSizeBytes": "N/A",
    "lastModified": "2021-09-14T13:28:32Z",
    "lastModifiedBy": "LaQuanda Murray",
    "extractedAt": "2025-04-08T22:03:00.928250",
    "activityCount": 1,
    "activities": [
      {
        "activityId": "EO2TQa9U2kiyAHoJAAAAAA==",
        "actionType": "edit",
        "performedBy": "LaQuanda Murray",
        "userPrincipalName": "l.murray@lcwmail.com",
        "email": "l.murray@lcwmail.com",
        "timestamp": "2022-06-23T00:28:12Z"
      }
    ]
  },
  {
    "userPrincipalName": "l.murray@lcwmail.com",
    "fileName": "Presentation1.pptx",
    "itemId": "01B3J6T2HO7EVBHLV2YFHKDFXOZ7FLKWI7",
    "isFolder": false,
    "fileType": "application/vnd.openxmlformats-officedocument.presentationml.presentation",
    "fileSizeBytes": 38986,
    "lastModified": "2022-05-31T20:46:35Z",
    "lastModifiedBy": "LaQuanda Murray",
    "extractedAt": "2025-04-08T22:03:01.789727",
    "activityCount": 0,
    "activities": []
  }
]