[
  {
    "userPrincipalName": "k.washington@lcwmail.com",
    "fileName": "Attachments",
    "itemId": "01LP6IDCNOJ6TAZHPSBNDYG5M3NOQSFA2I",
    "isFolder": true,
    "fileType": "folder",
    "fileSizeBytes": "N/A",
    "lastModified": "2023-04-11T14:34:24Z",
    "lastModifiedBy": "Kendall Washington",
    "extractedAt": "2025-04-08T22:02:47.254370",
    "activityCount": 0,
    "activities": []
  },
  {
    "userPrincipalName": "k.washington@lcwmail.com",
    "fileName": "Microsoft Teams Chat Files",
    "itemId": "01LP6IDCKVKYHH3DY5AFC3WQF34AJDJUZO",
    "isFolder": true,
    "fileType": "folder",
    "fileSizeBytes": "N/A",
    "lastModified": "2020-11-02T17:59:31Z",
    "lastModifiedBy": "Kendall Washington",
    "extractedAt": "2025-04-08T22:02:48.089537",
    "activityCount": 0,
    "activities": []
  },
  {
    "userPrincipalName": "k.washington@lcwmail.com",
    "fileName": "Recordings",
    "itemId": "01LP6IDCJPCIRLERJ4EFHIEP2JVTLXBENI",
    "isFolder": true,
    "fileType": "folder",
    "fileSizeBytes": "N/A",
    "lastModified": "2023-03-20T18:19:16Z",
    "lastModifiedBy": "Kendall Washington",
    "extractedAt": "2025-04-08T22:02:48.905437",
    "activityCount": 1,
    "activities": [
      {
        "activityId": "MKoef6zO20h644AMAAAAAA==",
        "actionType": "delete",
        "performedBy": "Kendall Washington",
        "userPrincipalName": "k.washington@lcwmail.com",
        "email": "k.washington@lcwmail.com",
        "timestamp": "2023-10-17T01:00:46Z"
      }
    ]
  },
  {
    "userPrincipalName": "k.washington@lcwmail.com",
    "fileName": "Teams Meeting Recordings",
    "itemId": "01LP6IDCLZREXTECPPKZBZXTXLCMPACFPY",
    "isFolder": true,
    "fileType": "folder",
    "fileSizeBytes": "N/A",
    "lastModified": "2021-12-16T18:24:18Z",
    "lastModifiedBy": "Kendall Washington",
    "extractedAt": "2025-04-08T22:02:49.847052",
    "activityCount": 0,
    "activities": []
  },
  {
    "userPrincipalName": "k.washington@lcwmail.com",
    "fileName": "Whiteboards",
    "itemId": "01LP6IDCJ7OZRIWMDXRVA23HLMBHHNLZOJ",
    "isFolder": true,
    "fileType": "folder",
    "fileSizeBytes": "N/A",
    "lastModified": "2022-06-21T17:45:42Z",
    "lastModifiedBy": "Kendall Washington",
    "extractedAt": "2025-04-08T22:02:50.752463",
    "activityCount": 0,
    "activities": []
  },
  {
    "userPrincipalName": "k.washington@lcwmail.com",
    "fileName": "Kendall @ LCW",
    "itemId": "01LP6IDCOQEQL6SYINCZBZQJ5LNBYRE2KE",
    "isFolder": true,
    "fileType": "folder",
    "fileSizeBytes": "N/A",
    "lastModified": "2022-07-14T18:08:44Z",
    "lastModifiedBy": "Kendall Washington",
    "extractedAt": "2025-04-08T22:02:51.762488",
    "activityCount": 0,
    "activities": []
  }
]