[
  {
    "userPrincipalName": "m.marcel@lcwmail.com",
    "fileName": "Apps",
    "itemId": "01UQ47VLSDWFABDRGCTFDKUNDZK66FQQ5T",
    "isFolder": true,
    "fileType": "folder",
    "fileSizeBytes": "N/A",
    "lastModified": "2024-05-15T15:43:45Z",
    "lastModifiedBy": "Monica Marcel",
    "extractedAt": "2025-04-08T22:03:12.924688",
    "activityCount": 0,
    "activities": []
  },
  {
    "userPrincipalName": "m.marcel@lcwmail.com",
    "fileName": "Attachments",
    "itemId": "01UQ47VLU74AD7LBLH2FD2XXF2UTHK5VE5",
    "isFolder": true,
    "fileType": "folder",
    "fileSizeBytes": "N/A",
    "lastModified": "2017-01-05T01:53:30Z",
    "lastModifiedBy": "Monica Marcel",
    "extractedAt": "2025-04-08T22:03:13.830287",
    "activityCount": 0,
    "activities": []
  },
  {
    "userPrincipalName": "m.marcel@lcwmail.com",
    "fileName": "Documents",
    "itemId": "01UQ47VLQLUVLVJ7TBDBAJGPDYCE6I5HPG",
    "isFolder": true,
    "fileType": "folder",
    "fileSizeBytes": "N/A",
    "lastModified": "2018-03-02T18:17:40Z",
    "lastModifiedBy": "Monica Marcel",
    "extractedAt": "2025-04-08T22:03:14.733035",
    "activityCount": 0,
    "activities": []
  },
  {
    "userPrincipalName": "m.marcel@lcwmail.com",
    "fileName": "Microsoft Teams Chat Files",
    "itemId": "01UQ47VLR3VIHU3LJCOZFZKAQOBFANQFOY",
    "isFolder": true,
    "fileType": "folder",
    "fileSizeBytes": "N/A",
    "lastModified": "2020-04-09T14:56:39Z",
    "lastModifiedBy": "Monica Marcel",
    "extractedAt": "2025-04-08T22:03:15.617768",
    "activityCount": 0,
    "activities": []
  },
  {
    "userPrincipalName": "m.marcel@lcwmail.com",
    "fileName": "Microsoft Teams Data",
    "itemId": "01UQ47VLUJV73NJXMO6RG2DFON47U2Q4FE",
    "isFolder": true,
    "fileType": "folder",
    "fileSizeBytes": "N/A",
    "lastModified": "2021-07-20T19:03:26Z",
    "lastModifiedBy": "Monica Marcel",
    "extractedAt": "2025-04-08T22:03:16.521154",
    "activityCount": 0,
    "activities": []
  },
  {
    "userPrincipalName": "m.marcel@lcwmail.com",
    "fileName": "New folder",
    "itemId": "01UQ47VLTPYCRBYY6HGJDZ7P25SMYMJIUN",
    "isFolder": true,
    "fileType": "folder",
    "fileSizeBytes": "N/A",
    "lastModified": "2014-06-02T17:36:15Z",
    "lastModifiedBy": "Monica Marcel",
    "extractedAt": "2025-04-08T22:03:17.378730",
    "activityCount": 0,
    "activities": []
  },
  {
    "userPrincipalName": "m.marcel@lcwmail.com",
    "fileName": "Notebooks",
    "itemId": "01UQ47VLTZN5XMRTZ7VJHKTRWMXHDI4GAD",
    "isFolder": true,
    "fileType": "folder",
    "fileSizeBytes": "N/A",
    "lastModified": "2017-03-21T17:11:46Z",
    "lastModifiedBy": "Monica Marcel",
    "extractedAt": "2025-04-08T22:03:18.274393",
    "activityCount": 0,
    "activities": []
  },
  {
    "userPrincipalName": "m.marcel@lcwmail.com",
    "fileName": "Recordings",
    "itemId": "01UQ47VLQPYIBENFL4KVF32HLFJPSDGSGZ",
    "isFolder": true,
    "fileType": "folder",
    "fileSizeBytes": "N/A",
    "lastModified": "2021-02-01T16:59:15Z",
    "lastModifiedBy": "Monica Marcel",
    "extractedAt": "2025-04-08T22:03:19.206349",
    "activityCount": 0,
    "activities": []
  },
  {
    "userPrincipalName": "m.marcel@lcwmail.com",
    "fileName": "Shared with Everyone",
    "itemId": "01UQ47VLUSFNEMIMUFHFHJQRGGLMEK4HJZ",
    "isFolder": true,
    "fileType": "folder",
    "fileSizeBytes": "N/A",
    "lastModified": "2013-10-31T13:53:05Z",
    "lastModifiedBy": "Monica Marcel",
    "extractedAt": "2025-04-08T22:03:20.109981",
    "activityCount": 0,
    "activities": []
  },
  {
    "userPrincipalName": "m.marcel@lcwmail.com",
    "fileName": "Videos",
    "itemId": "01UQ47VLUVLTGGGZR4BBBKC4FFPKNMEDOJ",
    "isFolder": true,
    "fileType": "folder",
    "fileSizeBytes": "N/A",
    "lastModified": "2023-11-13T18:38:38Z",
    "lastModifiedBy": "Monica Marcel",
    "extractedAt": "2025-04-08T22:03:20.978760",
    "activityCount": 35,
    "activities": [
      {
        "activityId": "EDC5C+1F3Ui5XOYOAAAAAA==",
        "actionType": "edit",
        "performedBy": "Monica Marcel",
        "userPrincipalName": "m.marcel@lcwmail.com",
        "email": "m.marcel@lcwmail.com",
        "timestamp": "2025-02-05T13:57:36Z"
      },
      {
        "activityId": "EEMkC+1F3Ui4XOYOAAAAAA==",
        "actionType": "rename",
        "performedBy": "Monica Marcel",
        "userPrincipalName": "m.marcel@lcwmail.com",
        "email": "m.marcel@lcwmail.com",
        "timestamp": "2025-02-05T13:57:35Z"
      },
      {
        "activityId": "oJL+Cu1F3Ui3XOYOAAAAAA==",
        "actionType": "edit",
        "performedBy": "Monica Marcel",
        "userPrincipalName": "m.marcel@lcwmail.com",
        "email": "m.marcel@lcwmail.com",
        "timestamp": "2025-02-05T13:57:35Z"
      },
      {
        "activityId": "gLhiBe1F3UiyXOYOAAAAAA==",
        "actionType": "create",
        "performedBy": "Monica Marcel",
        "userPrincipalName": "m.marcel@lcwmail.com",
        "email": "m.marcel@lcwmail.com",
        "timestamp": "2025-02-05T13:57:25Z"
      },
      {
        "activityId": "MHI2uexF3Uh9XOYOAAAAAA==",
        "actionType": "edit",
        "performedBy": "Monica Marcel",
        "userPrincipalName": "m.marcel@lcwmail.com",
        "email": "m.marcel@lcwmail.com",
        "timestamp": "2025-02-05T13:55:17Z"
      },
      {
        "activityId": "EKFmsexF3Uh2XOYOAAAAAA==",
        "actionType": "edit",
        "performedBy": "Monica Marcel",
        "userPrincipalName": "m.marcel@lcwmail.com",
        "email": "m.marcel@lcwmail.com",
        "timestamp": "2025-02-05T13:55:04Z"
      },
      {
        "activityId": "AJwlrexF3UhyXOYOAAAAAA==",
        "actionType": "edit",
        "performedBy": "Monica Marcel",
        "userPrincipalName": "m.marcel@lcwmail.com",
        "email": "m.marcel@lcwmail.com",
        "timestamp": "2025-02-05T13:54:57Z"
      },
      {
        "activityId": "YLgxjuxF3UgUXOYOAAAAAA==",
        "actionType": "edit",
        "performedBy": "Monica Marcel",
        "userPrincipalName": "m.marcel@lcwmail.com",
        "email": "m.marcel@lcwmail.com",
        "timestamp": "2025-02-05T13:54:05Z"
      },
      {
        "activityId": "QLXsjOxF3UgRXOYOAAAAAA==",
        "actionType": "edit",
        "performedBy": "Monica Marcel",
        "userPrincipalName": "m.marcel@lcwmail.com",
        "email": "m.marcel@lcwmail.com",
        "timestamp": "2025-02-05T13:54:03Z"
      },
      {
        "activityId": "kBywduxF3Uj+W+YOAAAAAA==",
        "actionType": "edit",
        "performedBy": "Monica Marcel",
        "userPrincipalName": "m.marcel@lcwmail.com",
        "email": "m.marcel@lcwmail.com",
        "timestamp": "2025-02-05T13:53:26Z"
      },
      {
        "activityId": "4Hhrc+xF3Uj6W+YOAAAAAA==",
        "actionType": "edit",
        "performedBy": "Monica Marcel",
        "userPrincipalName": "m.marcel@lcwmail.com",
        "email": "m.marcel@lcwmail.com",
        "timestamp": "2025-02-05T13:53:20Z"
      },
      {
        "activityId": "oHXSaOxF3Uj0W+YOAAAAAA==",
        "actionType": "edit",
        "performedBy": "Monica Marcel",
        "userPrincipalName": "m.marcel@lcwmail.com",
        "email": "m.marcel@lcwmail.com",
        "timestamp": "2025-02-05T13:53:02Z"
      },
      {
        "activityId": "cE1vZexF3UjvW+YOAAAAAA==",
        "actionType": "edit",
        "performedBy": "Monica Marcel",
        "userPrincipalName": "m.marcel@lcwmail.com",
        "email": "m.marcel@lcwmail.com",
        "timestamp": "2025-02-05T13:52:57Z"
      },
      {
        "activityId": "0O+HY+xF3UjuW+YOAAAAAA==",
        "actionType": "edit",
        "performedBy": "Monica Marcel",
        "userPrincipalName": "m.marcel@lcwmail.com",
        "email": "m.marcel@lcwmail.com",
        "timestamp": "2025-02-05T13:52:54Z"
      },
      {
        "activityId": "8Kws0+tF3UjxWuYOAAAAAA==",
        "actionType": "edit",
        "performedBy": "Monica Marcel",
        "userPrincipalName": "m.marcel@lcwmail.com",
        "email": "m.marcel@lcwmail.com",
        "timestamp": "2025-02-05T13:48:51Z"
      },
      {
        "activityId": "UIevJetF3Ui7WeYOAAAAAA==",
        "actionType": "edit",
        "performedBy": "Monica Marcel",
        "userPrincipalName": "m.marcel@lcwmail.com",
        "email": "m.marcel@lcwmail.com",
        "timestamp": "2025-02-05T13:44:00Z"
      },
      {
        "activityId": "gJz43epF3UhjWeYOAAAAAA==",
        "actionType": "edit",
        "performedBy": "Monica Marcel",
        "userPrincipalName": "m.marcel@lcwmail.com",
        "email": "m.marcel@lcwmail.com",
        "timestamp": "2025-02-05T13:42:00Z"
      },
      {
        "activityId": "kCpc3OpF3UhWWeYOAAAAAA==",
        "actionType": "rename",
        "performedBy": "Monica Marcel",
        "userPrincipalName": "m.marcel@lcwmail.com",
        "email": "m.marcel@lcwmail.com",
        "timestamp": "2025-02-05T13:41:57Z"
      },
      {
        "activityId": "MLhH3OpF3UhVWeYOAAAAAA==",
        "actionType": "edit",
        "performedBy": "Monica Marcel",
        "userPrincipalName": "m.marcel@lcwmail.com",
        "email": "m.marcel@lcwmail.com",
        "timestamp": "2025-02-05T13:41:57Z"
      },
      {
        "activityId": "gMcw0OpF3Ug4WeYOAAAAAA==",
        "actionType": "edit",
        "performedBy": "Monica Marcel",
        "userPrincipalName": "m.marcel@lcwmail.com",
        "email": "m.marcel@lcwmail.com",
        "timestamp": "2025-02-05T13:41:37Z"
      },
      {
        "activityId": "sBFTz+pF3Ug2WeYOAAAAAA==",
        "actionType": "create",
        "performedBy": "Monica Marcel",
        "userPrincipalName": "m.marcel@lcwmail.com",
        "email": "m.marcel@lcwmail.com",
        "timestamp": "2025-02-05T13:41:35Z"
      },
      {
        "activityId": "YFxixepF3UglWeYOAAAAAA==",
        "actionType": "create",
        "performedBy": "Monica Marcel",
        "userPrincipalName": "m.marcel@lcwmail.com",
        "email": "m.marcel@lcwmail.com",
        "timestamp": "2025-02-05T13:41:19Z"
      },
      {
        "activityId": "MDMOw+pF3UgIWeYOAAAAAA==",
        "actionType": "edit",
        "performedBy": "Monica Marcel",
        "userPrincipalName": "m.marcel@lcwmail.com",
        "email": "m.marcel@lcwmail.com",
        "timestamp": "2025-02-05T13:41:15Z"
      },
      {
        "activityId": "sOP7wupF3UgFWeYOAAAAAA==",
        "actionType": "create",
        "performedBy": "Monica Marcel",
        "userPrincipalName": "m.marcel@lcwmail.com",
        "email": "m.marcel@lcwmail.com",
        "timestamp": "2025-02-05T13:41:15Z"
      },
      {
        "activityId": "MJTpwupF3UgDWeYOAAAAAA==",
        "actionType": "edit",
        "performedBy": "Monica Marcel",
        "userPrincipalName": "m.marcel@lcwmail.com",
        "email": "m.marcel@lcwmail.com",
        "timestamp": "2025-02-05T13:41:15Z"
      },
      {
        "activityId": "wNzZwupF3UgBWeYOAAAAAA==",
        "actionType": "create",
        "performedBy": "Monica Marcel",
        "userPrincipalName": "m.marcel@lcwmail.com",
        "email": "m.marcel@lcwmail.com",
        "timestamp": "2025-02-05T13:41:15Z"
      },
      {
        "activityId": "IBiPwupF3Uj5WOYOAAAAAA==",
        "actionType": "edit",
        "performedBy": "Monica Marcel",
        "userPrincipalName": "m.marcel@lcwmail.com",
        "email": "m.marcel@lcwmail.com",
        "timestamp": "2025-02-05T13:41:14Z"
      },
      {
        "activityId": "QBE1wupF3UjvWOYOAAAAAA==",
        "actionType": "create",
        "performedBy": "Monica Marcel",
        "userPrincipalName": "m.marcel@lcwmail.com",
        "email": "m.marcel@lcwmail.com",
        "timestamp": "2025-02-05T13:41:13Z"
      },
      {
        "activityId": "4GZIr+pF3Uh+WOYOAAAAAA==",
        "actionType": "edit",
        "performedBy": "Monica Marcel",
        "userPrincipalName": "m.marcel@lcwmail.com",
        "email": "m.marcel@lcwmail.com",
        "timestamp": "2025-02-05T13:40:42Z"
      },
      {
        "activityId": "wMVAr+pF3Uh9WOYOAAAAAA==",
        "actionType": "edit",
        "performedBy": "Monica Marcel",
        "userPrincipalName": "m.marcel@lcwmail.com",
        "email": "m.marcel@lcwmail.com",
        "timestamp": "2025-02-05T13:40:42Z"
      },
      {
        "activityId": "wJA0r+pF3Uh8WOYOAAAAAA==",
        "actionType": "create",
        "performedBy": "Monica Marcel",
        "userPrincipalName": "m.marcel@lcwmail.com",
        "email": "m.marcel@lcwmail.com",
        "timestamp": "2025-02-05T13:40:42Z"
      },
      {
        "activityId": "UA4xr+pF3Uh7WOYOAAAAAA==",
        "actionType": "create",
        "performedBy": "Monica Marcel",
        "userPrincipalName": "m.marcel@lcwmail.com",
        "email": "m.marcel@lcwmail.com",
        "timestamp": "2025-02-05T13:40:42Z"
      },
      {
        "activityId": "sIcvr+pF3Uh6WOYOAAAAAA==",
        "actionType": "create",
        "performedBy": "Monica Marcel",
        "userPrincipalName": "m.marcel@lcwmail.com",
        "email": "m.marcel@lcwmail.com",
        "timestamp": "2025-02-05T13:40:42Z"
      },
      {
        "activityId": "kEcDr+pF3Uh5WOYOAAAAAA==",
        "actionType": "edit",
        "performedBy": "Monica Marcel",
        "userPrincipalName": "m.marcel@lcwmail.com",
        "email": "m.marcel@lcwmail.com",
        "timestamp": "2025-02-05T13:40:41Z"
      },
      {
        "activityId": "EMPkrupF3Uh4WOYOAAAAAA==",
        "actionType": "create",
        "performedBy": "Monica Marcel",
        "userPrincipalName": "m.marcel@lcwmail.com",
        "email": "m.marcel@lcwmail.com",
        "timestamp": "2025-02-05T13:40:41Z"
      }
    ]
  },
  {
    "userPrincipalName": "m.marcel@lcwmail.com",
    "fileName": "1225.jpg",
    "itemId": "01UQ47VLSZUQEZFUGS6RBKPBVOSPLRDIT4",
    "isFolder": false,
    "fileType": "image/jpeg",
    "fileSizeBytes": 2536088,
    "lastModified": "2013-11-09T20:16:16Z",
    "lastModifiedBy": "Monica Marcel",
    "extractedAt": "2025-04-08T22:03:21.838373",
    "activityCount": 0,
    "activities": []
  },
  {
    "userPrincipalName": "m.marcel@lcwmail.com",
    "fileName": "20130809_Lean_In_vfin.pptx",
    "itemId": "01UQ47VLTOFEEOTWLZS5HLIOA5KMAOV35W",
    "isFolder": false,
    "fileType": "application/vnd.openxmlformats-officedocument.presentationml.presentation",
    "fileSizeBytes": 4858511,
    "lastModified": "2014-03-05T04:11:04Z",
    "lastModifiedBy": "Monica Marcel",
    "extractedAt": "2025-04-08T22:03:22.669657",
    "activityCount": 0,
    "activities": []
  },
  {
    "userPrincipalName": "m.marcel@lcwmail.com",
    "fileName": "All About Bias.docx",
    "itemId": "01UQ47VLXASL4SMPSSQBGLFXSZK7BZ2KY7",
    "isFolder": false,
    "fileType": "application/vnd.openxmlformats-officedocument.wordprocessingml.document",
    "fileSizeBytes": 2480219,
    "lastModified": "2014-05-09T13:52:58Z",
    "lastModifiedBy": "Monica Marcel",
    "extractedAt": "2025-04-08T22:03:23.616566",
    "activityCount": 0,
    "activities": []
  },
  {
    "userPrincipalName": "m.marcel@lcwmail.com",
    "fileName": "CL.PARKER.POI.NA.2013.PG-V4.docx",
    "itemId": "01UQ47VLWQFZQQEWBXR5DLPDZDUBS6PWZT",
    "isFolder": false,
    "fileType": "application/vnd.openxmlformats-officedocument.wordprocessingml.document",
    "fileSizeBytes": 1799779,
    "lastModified": "2014-01-24T20:08:40Z",
    "lastModifiedBy": "Monica Marcel",
    "extractedAt": "2025-04-08T22:03:24.444703",
    "activityCount": 0,
    "activities": []
  },
  {
    "userPrincipalName": "m.marcel@lcwmail.com",
    "fileName": "Copy of LCW Freelancer List (2).xls",
    "itemId": "01UQ47VLUCPGB4MM37YJBJ227RKPDVPMXA",
    "isFolder": false,
    "fileType": "application/vnd.ms-excel",
    "fileSizeBytes": 361472,
    "lastModified": "2013-06-18T17:45:26Z",
    "lastModifiedBy": "Monica Marcel",
    "extractedAt": "2025-04-08T22:03:25.319362",
    "activityCount": 0,
    "activities": []
  },
  {
    "userPrincipalName": "m.marcel@lcwmail.com",
    "fileName": "Document (1).docx",
    "itemId": "01UQ47VLQKJGCATMEB5REIMNG43DKUW6FF",
    "isFolder": false,
    "fileType": "application/vnd.openxmlformats-officedocument.wordprocessingml.document",
    "fileSizeBytes": 15738,
    "lastModified": "2024-10-11T00:31:05Z",
    "lastModifiedBy": "Monica Marcel",
    "extractedAt": "2025-04-08T22:03:26.193294",
    "activityCount": 0,
    "activities": []
  },
  {
    "userPrincipalName": "m.marcel@lcwmail.com",
    "fileName": "Document.docx",
    "itemId": "01UQ47VLWZOECKTPLTS5BJNK4JALK5YU6N",
    "isFolder": false,
    "fileType": "application/vnd.openxmlformats-officedocument.wordprocessingml.document",
    "fileSizeBytes": 17623,
    "lastModified": "2024-05-01T19:30:47Z",
    "lastModifiedBy": "Monica Marcel",
    "extractedAt": "2025-04-08T22:03:27.054684",
    "activityCount": 0,
    "activities": []
  },
  {
    "userPrincipalName": "m.marcel@lcwmail.com",
    "fileName": "EOTB for Accenture v 2003.ppt",
    "itemId": "01UQ47VLVEFTKTZVLKGNA2YYZNSZF4MLDI",
    "isFolder": false,
    "fileType": "application/vnd.ms-powerpoint",
    "fileSizeBytes": 833024,
    "lastModified": "2011-01-11T18:11:54Z",
    "lastModifiedBy": "Monica Marcel",
    "extractedAt": "2025-04-08T22:03:27.868179",
    "activityCount": 0,
    "activities": []
  },
  {
    "userPrincipalName": "m.marcel@lcwmail.com",
    "fileName": "EOTB for Accenture.pptx",
    "itemId": "01UQ47VLR3N55KNFRVFFCLMGIURLZGSCOL",
    "isFolder": false,
    "fileType": "application/vnd.openxmlformats-officedocument.presentationml.presentation",
    "fileSizeBytes": 318972,
    "lastModified": "2011-01-11T17:43:44Z",
    "lastModifiedBy": "Monica Marcel",
    "extractedAt": "2025-04-08T22:03:28.699872",
    "activityCount": 0,
    "activities": []
  },
  {
    "userPrincipalName": "m.marcel@lcwmail.com",
    "fileName": "Forum Lean In Discussion FINAL.pdf",
    "itemId": "01UQ47VLV6TZX22QOLUNAY7W6F2HWAYWIB",
    "isFolder": false,
    "fileType": "application/pdf",
    "fileSizeBytes": 4074203,
    "lastModified": "2014-03-21T21:09:28Z",
    "lastModifiedBy": "Monica Marcel",
    "extractedAt": "2025-04-08T22:03:29.612958",
    "activityCount": 0,
    "activities": []
  },
  {
    "userPrincipalName": "m.marcel@lcwmail.com",
    "fileName": "Forum Lean In Discussion FINAL.pptx",
    "itemId": "01UQ47VLWB6I32E7MFGJA3AE6HLFVUQSLN",
    "isFolder": false,
    "fileType": "application/vnd.openxmlformats-officedocument.presentationml.presentation",
    "fileSizeBytes": 6184934,
    "lastModified": "2014-03-21T20:47:41Z",
    "lastModifiedBy": "Monica Marcel",
    "extractedAt": "2025-04-08T22:03:30.604602",
    "activityCount": 0,
    "activities": []
  },
  {
    "userPrincipalName": "m.marcel@lcwmail.com",
    "fileName": "Forum Lean In Discussion.pptx",
    "itemId": "01UQ47VLUUPON3GLJNFFE2L5Q74ECK6HGG",
    "isFolder": false,
    "fileType": "application/vnd.openxmlformats-officedocument.presentationml.presentation",
    "fileSizeBytes": 5520423,
    "lastModified": "2014-03-06T22:28:21Z",
    "lastModifiedBy": "Monica Marcel",
    "extractedAt": "2025-04-08T22:03:31.536608",
    "activityCount": 0,
    "activities": []
  },
  {
    "userPrincipalName": "m.marcel@lcwmail.com",
    "fileName": "How do you say UB in French_2022.docx",
    "itemId": "01UQ47VLV3ZZ7AIBO54VFJUAQSZ6A6ANJC",
    "isFolder": false,
    "fileType": "application/vnd.openxmlformats-officedocument.wordprocessingml.document",
    "fileSizeBytes": 25298,
    "lastModified": "2022-06-21T01:55:44Z",
    "lastModifiedBy": "Monica Marcel",
    "extractedAt": "2025-04-08T22:03:32.472548",
    "activityCount": 0,
    "activities": []
  },
  {
    "userPrincipalName": "m.marcel@lcwmail.com",
    "fileName": "I.docx",
    "itemId": "01UQ47VLQZQH5KN3PYYRB27MF6UJI6L2CG",
    "isFolder": false,
    "fileType": "application/vnd.openxmlformats-officedocument.wordprocessingml.document",
    "fileSizeBytes": 23807,
    "lastModified": "2024-12-11T03:03:29Z",
    "lastModifiedBy": "Monica Marcel",
    "extractedAt": "2025-04-08T22:03:33.402586",
    "activityCount": 0,
    "activities": []
  },
  {
    "userPrincipalName": "m.marcel@lcwmail.com",
    "fileName": "IMG_4961.jpg",
    "itemId": "01UQ47VLWL5WZOPV2PIJFL4SV7542IAK24",
    "isFolder": false,
    "fileType": "image/jpeg",
    "fileSizeBytes": 6800512,
    "lastModified": "2014-09-08T18:57:16Z",
    "lastModifiedBy": "Monica Marcel",
    "extractedAt": "2025-04-08T22:03:34.335711",
    "activityCount": 0,
    "activities": []
  },
  {
    "userPrincipalName": "m.marcel@lcwmail.com",
    "fileName": "Inclusion in Talent Management_Resource Guide.zip",
    "itemId": "01UQ47VLSSC3R4JKEBSZF2XORJYNLVYRCF",
    "isFolder": false,
    "fileType": "application/zip",
    "fileSizeBytes": 6328638,
    "lastModified": "2013-08-29T09:00:26Z",
    "lastModifiedBy": "Monica Marcel",
    "extractedAt": "2025-04-08T22:03:35.268351",
    "activityCount": 0,
    "activities": []
  },
  {
    "userPrincipalName": "m.marcel@lcwmail.com",
    "fileName": "Monica @ LCW",
    "itemId": "01UQ47VLWLUKPLQ66S3VELTP6MIWHABXE4",
    "isFolder": true,
    "fileType": "folder",
    "fileSizeBytes": "N/A",
    "lastModified": "2022-02-01T18:34:35Z",
    "lastModifiedBy": "Monica Marcel",
    "extractedAt": "2025-04-08T22:03:36.282728",
    "activityCount": 0,
    "activities": []
  },
  {
    "userPrincipalName": "m.marcel@lcwmail.com",
    "fileName": "MonicaNotes",
    "itemId": "01UQ47VLUUCIBDKA2AC5ELCRDZDL27AZOZ",
    "isFolder": true,
    "fileType": "folder",
    "fileSizeBytes": "N/A",
    "lastModified": "2013-11-21T02:46:02Z",
    "lastModifiedBy": "Jeffrey Cookson",
    "extractedAt": "2025-04-08T22:03:37.240503",
    "activityCount": 0,
    "activities": []
  },
  {
    "userPrincipalName": "m.marcel@lcwmail.com",
    "fileName": "NC.X.IN.2011.ACCENTURE.DECK.pptx",
    "itemId": "01UQ47VLQNI2YFOIJN2BGZOPU5QC6KPDYE",
    "isFolder": false,
    "fileType": "application/vnd.openxmlformats-officedocument.presentationml.presentation",
    "fileSizeBytes": 8096625,
    "lastModified": "2011-01-18T02:10:48Z",
    "lastModifiedBy": "Monica Marcel",
    "extractedAt": "2025-04-08T22:03:38.207057",
    "activityCount": 0,
    "activities": []
  },
  {
    "userPrincipalName": "m.marcel@lcwmail.com",
    "fileName": "NEW ADM 22April2014.pptx",
    "itemId": "01UQ47VLXBFREODE6WQZHJIQ2KDLFLWQQK",
    "isFolder": false,
    "fileType": "application/vnd.openxmlformats-officedocument.presentationml.presentation",
    "fileSizeBytes": 80373273,
    "lastModified": "2014-06-02T17:25:04Z",
    "lastModifiedBy": "Monica Marcel",
    "extractedAt": "2025-04-08T22:03:39.157304",
    "activityCount": 0,
    "activities": []
  },
  {
    "userPrincipalName": "m.marcel@lcwmail.com",
    "fileName": "November 11.docx",
    "itemId": "01UQ47VLRN2P6TGL7LDRCJ4UT3B43G6ZT4",
    "isFolder": false,
    "fileType": "application/vnd.openxmlformats-officedocument.wordprocessingml.document",
    "fileSizeBytes": 1358536,
    "lastModified": "2024-11-14T18:47:42Z",
    "lastModifiedBy": "Monica Marcel",
    "extractedAt": "2025-04-08T22:03:40.180296",
    "activityCount": 0,
    "activities": []
  },
  {
    "userPrincipalName": "m.marcel@lcwmail.com",
    "fileName": "NYNJ-PA_BusinessCaseDiversity.pdf",
    "itemId": "01UQ47VLS2ZNZXNDUFAZDYPDDVCRNRQM6D",
    "isFolder": false,
    "fileType": "application/pdf",
    "fileSizeBytes": 1578308,
    "lastModified": "2013-08-26T10:15:38Z",
    "lastModifiedBy": "Monica Marcel",
    "extractedAt": "2025-04-08T22:03:41.116572",
    "activityCount": 0,
    "activities": []
  },
  {
    "userPrincipalName": "m.marcel@lcwmail.com",
    "fileName": "O.ICTM.BiasTalentManagement.4hr.MCFv2.pptx",
    "itemId": "01UQ47VLRFWHLXRONBSNBLJSDYKGMR24SX",
    "isFolder": false,
    "fileType": "application/vnd.openxmlformats-officedocument.presentationml.presentation",
    "fileSizeBytes": 83481338,
    "lastModified": "2014-02-28T23:53:04Z",
    "lastModifiedBy": "Monica Marcel",
    "extractedAt": "2025-04-08T22:03:42.039663",
    "activityCount": 0,
    "activities": []
  },
  {
    "userPrincipalName": "m.marcel@lcwmail.com",
    "fileName": "PANYNJ 29August2013 Diversity Update with HRDs.pdf",
    "itemId": "01UQ47VLWPLLPAVDEPMFHZUKEZJ57MMU2Z",
    "isFolder": false,
    "fileType": "application/pdf",
    "fileSizeBytes": 4111751,
    "lastModified": "2013-08-29T08:58:24Z",
    "lastModifiedBy": "Monica Marcel",
    "extractedAt": "2025-04-08T22:03:42.990248",
    "activityCount": 0,
    "activities": []
  },
  {
    "userPrincipalName": "m.marcel@lcwmail.com",
    "fileName": "PANYNJ 29August2013 Diversity Update with HRDs.pptx",
    "itemId": "01UQ47VLXTVKLFFXWV7FE2DPT6VHERYLYJ",
    "isFolder": false,
    "fileType": "application/vnd.openxmlformats-officedocument.presentationml.presentation",
    "fileSizeBytes": 59312416,
    "lastModified": "2013-08-29T13:37:09Z",
    "lastModifiedBy": "Monica Marcel",
    "extractedAt": "2025-04-08T22:03:43.974160",
    "activityCount": 0,
    "activities": []
  },
  {
    "userPrincipalName": "m.marcel@lcwmail.com",
    "fileName": "PERLA.pptx",
    "itemId": "01UQ47VLX6EGD6A2DI2VDJQXL36APCRDDM",
    "isFolder": false,
    "fileType": "application/vnd.openxmlformats-officedocument.presentationml.presentation",
    "fileSizeBytes": 5265122,
    "lastModified": "2024-08-20T15:17:07Z",
    "lastModifiedBy": "Monica Marcel",
    "extractedAt": "2025-04-08T22:03:44.887273",
    "activityCount": 0,
    "activities": []
  },
  {
    "userPrincipalName": "m.marcel@lcwmail.com",
    "fileName": "Presentation1.pptx",
    "itemId": "01UQ47VLU2MSCWZ6FRRVEJ4SI46O3FRR6U",
    "isFolder": false,
    "fileType": "application/vnd.openxmlformats-officedocument.presentationml.presentation",
    "fileSizeBytes": 8265531,
    "lastModified": "2020-04-27T13:02:51Z",
    "lastModifiedBy": "Monica Marcel",
    "extractedAt": "2025-04-08T22:03:45.902872",
    "activityCount": 0,
    "activities": []
  },
  {
    "userPrincipalName": "m.marcel@lcwmail.com",
    "fileName": "Pricing Calculator v2.0 Template2.xlsx",
    "itemId": "01UQ47VLTQHFKG76BJPBEKHG4S34IGUFJZ",
    "isFolder": false,
    "fileType": "application/vnd.openxmlformats-officedocument.spreadsheetml.sheet",
    "fileSizeBytes": 389417,
    "lastModified": "2021-11-12T23:25:27Z",
    "lastModifiedBy": "Monica Marcel",
    "extractedAt": "2025-04-08T22:03:46.818457",
    "activityCount": 0,
    "activities": []
  },
  {
    "userPrincipalName": "m.marcel@lcwmail.com",
    "fileName": "Should We All Lean In Handout.pdf",
    "itemId": "01UQ47VLQC2VNEEIAWOZD3AN74TIPKMUXC",
    "isFolder": false,
    "fileType": "application/pdf",
    "fileSizeBytes": 924774,
    "lastModified": "2014-03-18T06:34:08Z",
    "lastModifiedBy": "Monica Marcel",
    "extractedAt": "2025-04-08T22:03:47.722159",
    "activityCount": 0,
    "activities": []
  },
  {
    "userPrincipalName": "m.marcel@lcwmail.com",
    "fileName": "Test from Monica's pH.docx",
    "itemId": "01UQ47VLRYGMMJYTAETNEIASG2YNLK6QGK",
    "isFolder": false,
    "fileType": "application/vnd.openxmlformats-officedocument.wordprocessingml.document",
    "fileSizeBytes": 20209,
    "lastModified": "2013-11-05T19:50:16Z",
    "lastModifiedBy": "Monica Marcel",
    "extractedAt": "2025-04-08T22:03:48.633401",
    "activityCount": 0,
    "activities": []
  },
  {
    "userPrincipalName": "m.marcel@lcwmail.com",
    "fileName": "Visa Bias.pptx",
    "itemId": "01UQ47VLVGKMV2E5RLOVFY2HT6E7TW4VWJ",
    "isFolder": false,
    "fileType": "application/vnd.openxmlformats-officedocument.presentationml.presentation",
    "fileSizeBytes": 9108839,
    "lastModified": "2014-05-20T11:09:34Z",
    "lastModifiedBy": "Monica Marcel",
    "extractedAt": "2025-04-08T22:03:49.569440",
    "activityCount": 0,
    "activities": []
  }
]