[
  {
    "userPrincipalName": "c.williams@lcwmail.com",
    "fileName": "Attachments",
    "itemId": "01CBXNI7O3YHAV5WVLORCJWRQS2GWKWD2P",
    "isFolder": true,
    "fileType": "folder",
    "fileSizeBytes": "N/A",
    "lastModified": "2023-04-03T14:32:49Z",
    "lastModifiedBy": "Conner Williams",
    "extractedAt": "2025-04-08T22:04:39.012834",
    "activityCount": 0,
    "activities": []
  },
  {
    "userPrincipalName": "c.williams@lcwmail.com",
    "fileName": "Meetings",
    "itemId": "01CBXNI7KUL6QM3LU5IBH3USCZKBYYSUHI",
    "isFolder": true,
    "fileType": "folder",
    "fileSizeBytes": "N/A",
    "lastModified": "2023-08-21T17:44:17Z",
    "lastModifiedBy": "Conner Williams",
    "extractedAt": "2025-04-08T22:04:39.979182",
    "activityCount": 0,
    "activities": []
  },
  {
    "userPrincipalName": "c.williams@lcwmail.com",
    "fileName": "Microsoft Teams Chat Files",
    "itemId": "01CBXNI7NNXGUVCXIW6JD3WAXM77ALGUSH",
    "isFolder": true,
    "fileType": "folder",
    "fileSizeBytes": "N/A",
    "lastModified": "2020-05-06T18:42:31Z",
    "lastModifiedBy": "Conner Williams",
    "extractedAt": "2025-04-08T22:04:40.798587",
    "activityCount": 0,
    "activities": []
  },
  {
    "userPrincipalName": "c.williams@lcwmail.com",
    "fileName": "Microsoft Teams Data",
    "itemId": "01CBXNI7P7XCWRURZZX5GK7CBQ73KB3SPV",
    "isFolder": true,
    "fileType": "folder",
    "fileSizeBytes": "N/A",
    "lastModified": "2020-04-09T16:33:40Z",
    "lastModifiedBy": "Conner Williams",
    "extractedAt": "2025-04-08T22:04:41.617118",
    "activityCount": 0,
    "activities": []
  },
  {
    "userPrincipalName": "c.williams@lcwmail.com",
    "fileName": "Recordings",
    "itemId": "01CBXNI7MIZ6QG3IURRZGJIIKGBHCRFSQG",
    "isFolder": true,
    "fileType": "folder",
    "fileSizeBytes": "N/A",
    "lastModified": "2022-03-18T16:01:05Z",
    "lastModifiedBy": "Conner Williams",
    "extractedAt": "2025-04-08T22:04:42.358090",
    "activityCount": 0,
    "activities": []
  },
  {
    "userPrincipalName": "c.williams@lcwmail.com",
    "fileName": "Whiteboards",
    "itemId": "01CBXNI7O7GZCVVNHNANFLQVW6MIVAWLDT",
    "isFolder": true,
    "fileType": "folder",
    "fileSizeBytes": "N/A",
    "lastModified": "2023-05-30T14:31:57Z",
    "lastModifiedBy": "Conner Williams",
    "extractedAt": "2025-04-08T22:04:43.147303",
    "activityCount": 0,
    "activities": []
  },
  {
    "userPrincipalName": "c.williams@lcwmail.com",
    "fileName": "Book1.xlsx",
    "itemId": "01CBXNI7MI4CEFZZG4QVC3VO5SA5HP2PST",
    "isFolder": false,
    "fileType": "application/vnd.openxmlformats-officedocument.spreadsheetml.sheet",
    "fileSizeBytes": 12190,
    "lastModified": "2023-02-14T15:13:04Z",
    "lastModifiedBy": "Conner Williams",
    "extractedAt": "2025-04-08T22:04:43.958021",
    "activityCount": 0,
    "activities": []
  },
  {
    "userPrincipalName": "c.williams@lcwmail.com",
    "fileName": "Conner @ LCW",
    "itemId": "01CBXNI7LTVYNKXYIJHZG3ZYD4GEIHYPGT",
    "isFolder": true,
    "fileType": "folder",
    "fileSizeBytes": "N/A",
    "lastModified": "2022-04-29T15:26:55Z",
    "lastModifiedBy": "Conner Williams",
    "extractedAt": "2025-04-08T22:04:44.775208",
    "activityCount": 0,
    "activities": []
  },
  {
    "userPrincipalName": "c.williams@lcwmail.com",
    "fileName": "Culture and DEI Article V1 (AutoRecovered).docx",
    "itemId": "01CBXNI7LVJUW3VGWAERCKT2HE4FZJZS2S",
    "isFolder": false,
    "fileType": "application/vnd.openxmlformats-officedocument.wordprocessingml.document",
    "fileSizeBytes": 27400,
    "lastModified": "2023-07-26T19:44:09Z",
    "lastModifiedBy": "Conner Williams",
    "extractedAt": "2025-04-08T22:04:45.538828",
    "activityCount": 0,
    "activities": []
  },
  {
    "userPrincipalName": "c.williams@lcwmail.com",
    "fileName": "EC Cultural Competence Group Debrief_101222.pptx",
    "itemId": "01CBXNI7MKWQP7URSBRBAIP64MXTSUFRZV",
    "isFolder": false,
    "fileType": "application/vnd.openxmlformats-officedocument.presentationml.presentation",
    "fileSizeBytes": 2786528,
    "lastModified": "2022-10-12T13:23:06Z",
    "lastModifiedBy": "Conner Williams",
    "extractedAt": "2025-04-08T22:04:46.339957",
    "activityCount": 0,
    "activities": []
  },
  {
    "userPrincipalName": "c.williams@lcwmail.com",
    "fileName": "How will we engage.docx",
    "itemId": "01CBXNI7IME4AWLJBXSZGLCL7ER73IBGL3",
    "isFolder": false,
    "fileType": "application/vnd.openxmlformats-officedocument.wordprocessingml.document",
    "fileSizeBytes": 13779,
    "lastModified": "2022-12-20T16:25:41Z",
    "lastModifiedBy": "Conner Williams",
    "extractedAt": "2025-04-08T22:04:47.159322",
    "activityCount": 0,
    "activities": []
  },
  {
    "userPrincipalName": "c.williams@lcwmail.com",
    "fileName": "Pairing cohort 3_VF (002).xlsx",
    "itemId": "01CBXNI7JAHWU2H7OKUJF2ZT6UUUNSO7E6",
    "isFolder": false,
    "fileType": "application/vnd.openxmlformats-officedocument.spreadsheetml.sheet",
    "fileSizeBytes": 22456,
    "lastModified": "2023-09-05T21:08:55Z",
    "lastModifiedBy": "Conner Williams",
    "extractedAt": "2025-04-08T22:04:47.999313",
    "activityCount": 1,
    "activities": [
      {
        "activityId": "UMzdS1Su20jbOkIMAAAAAA==",
        "actionType": "create",
        "performedBy": "Conner Williams",
        "userPrincipalName": "c.williams@lcwmail.com",
        "email": "c.williams@lcwmail.com",
        "timestamp": "2023-09-05T21:08:47Z"
      }
    ]
  },
  {
    "userPrincipalName": "c.williams@lcwmail.com",
    "fileName": "Pairing cohort 3_VF.xlsx",
    "itemId": "01CBXNI7LTG4V35GY4VJE2YTHC2JJGBWSV",
    "isFolder": false,
    "fileType": "application/vnd.openxmlformats-officedocument.spreadsheetml.sheet",
    "fileSizeBytes": 22452,
    "lastModified": "2023-08-29T16:32:53Z",
    "lastModifiedBy": "Conner Williams",
    "extractedAt": "2025-04-08T22:04:48.835747",
    "activityCount": 0,
    "activities": []
  },
  {
    "userPrincipalName": "c.williams@lcwmail.com",
    "fileName": "Rockwell Automation 22.docx",
    "itemId": "01CBXNI7OISTZUSLEF6BD2WU7FYGMWK56J",
    "isFolder": false,
    "fileType": "application/vnd.openxmlformats-officedocument.wordprocessingml.document",
    "fileSizeBytes": 14754,
    "lastModified": "2022-02-17T17:32:15Z",
    "lastModifiedBy": "Conner Williams",
    "extractedAt": "2025-04-08T22:04:49.699946",
    "activityCount": 0,
    "activities": []
  },
  {
    "userPrincipalName": "c.williams@lcwmail.com",
    "fileName": "Virtual Engagement Article and Checklist_V5.docx",
    "itemId": "01CBXNI7NUSSVK2I3OX5EJKIPKSASP34G3",
    "isFolder": false,
    "fileType": "application/vnd.openxmlformats-officedocument.wordprocessingml.document",
    "fileSizeBytes": 45546,
    "lastModified": "2022-10-25T14:37:43Z",
    "lastModifiedBy": "Conner Williams",
    "extractedAt": "2025-04-08T22:04:50.506349",
    "activityCount": 0,
    "activities": []
  }
]