[
  {
    "userPrincipalName": "d.gough@lcwmail.com",
    "fileName": "Apps",
    "itemId": "01EH753GA2QTMHDDMEBBBLMT7DBKWJYF3M",
    "isFolder": true,
    "fileType": "folder",
    "fileSizeBytes": "N/A",
    "lastModified": "2023-06-22T15:35:13Z",
    "lastModifiedBy": "Daniel Gough",
    "extractedAt": "2025-04-08T22:04:46.221156",
    "activityCount": 0,
    "activities": []
  },
  {
    "userPrincipalName": "d.gough@lcwmail.com",
    "fileName": "Attachments",
    "itemId": "01EH753GHCXL4NMLZGY5GIWHV3676JTQ63",
    "isFolder": true,
    "fileType": "folder",
    "fileSizeBytes": "N/A",
    "lastModified": "2023-03-27T02:23:53Z",
    "lastModifiedBy": "Daniel Gough",
    "extractedAt": "2025-04-08T22:04:47.097330",
    "activityCount": 0,
    "activities": []
  },
  {
    "userPrincipalName": "d.gough@lcwmail.com",
    "fileName": "Documents",
    "itemId": "01EH753GDRETPJS23PJFBL4HJ2VJ4AVEIQ",
    "isFolder": true,
    "fileType": "folder",
    "fileSizeBytes": "N/A",
    "lastModified": "2022-04-14T20:27:49Z",
    "lastModifiedBy": "Daniel Gough",
    "extractedAt": "2025-04-08T22:04:47.967627",
    "activityCount": 0,
    "activities": []
  },
  {
    "userPrincipalName": "d.gough@lcwmail.com",
    "fileName": "Microsoft Teams Chat Files",
    "itemId": "01EH753GFHURQN66U33VFZ7L2LBFGNJMDQ",
    "isFolder": true,
    "fileType": "folder",
    "fileSizeBytes": "N/A",
    "lastModified": "2021-07-27T19:13:31Z",
    "lastModifiedBy": "Daniel Gough",
    "extractedAt": "2025-04-08T22:04:49.006632",
    "activityCount": 0,
    "activities": []
  },
  {
    "userPrincipalName": "d.gough@lcwmail.com",
    "fileName": "Recordings",
    "itemId": "01EH753GF3VCT7IN2PMBHZDCJMWMHLODR6",
    "isFolder": true,
    "fileType": "folder",
    "fileSizeBytes": "N/A",
    "lastModified": "2022-07-11T16:58:23Z",
    "lastModifiedBy": "Daniel Gough",
    "extractedAt": "2025-04-08T22:04:49.864693",
    "activityCount": 1,
    "activities": [
      {
        "activityId": "wO2fJsOX3EhFdtMNAAAAAA==",
        "actionType": "share",
        "performedBy": "Alisa Kolodizner",
        "userPrincipalName": "a.kolodizner@lcwmail.com",
        "email": "a.kolodizner@lcwmail.com",
        "timestamp": "2024-06-28T22:39:20Z"
      }
    ]
  },
  {
    "userPrincipalName": "d.gough@lcwmail.com",
    "fileName": "Whiteboards",
    "itemId": "01EH753GD6RTRZM7HH3JHL2ZEFWJZ3VYFJ",
    "isFolder": true,
    "fileType": "folder",
    "fileSizeBytes": "N/A",
    "lastModified": "2022-08-08T16:37:57Z",
    "lastModifiedBy": "Daniel Gough",
    "extractedAt": "2025-04-08T22:04:50.650852",
    "activityCount": 0,
    "activities": []
  },
  {
    "userPrincipalName": "d.gough@lcwmail.com",
    "fileName": "20.09.09.docx",
    "itemId": "01EH753GG34PSQHIN4DJHY73GFILNLH3QX",
    "isFolder": false,
    "fileType": "application/vnd.openxmlformats-officedocument.wordprocessingml.document",
    "fileSizeBytes": 31570,
    "lastModified": "2020-09-10T17:57:51Z",
    "lastModifiedBy": "Daniel Gough",
    "extractedAt": "2025-04-08T22:04:51.513689",
    "activityCount": 0,
    "activities": []
  },
  {
    "userPrincipalName": "d.gough@lcwmail.com",
    "fileName": "21.11.05 JJI Proposal v2.pdf",
    "itemId": "01EH753GC4JAHLIEKOE5BLVZE7NSFNQYNV",
    "isFolder": false,
    "fileType": "application/pdf",
    "fileSizeBytes": 682831,
    "lastModified": "2021-11-05T23:32:56Z",
    "lastModifiedBy": "Daniel Gough",
    "extractedAt": "2025-04-08T22:04:52.272292",
    "activityCount": 0,
    "activities": []
  },
  {
    "userPrincipalName": "d.gough@lcwmail.com",
    "fileName": "21.11.05 JJI Proposal v2.pptx",
    "itemId": "01EH753GFNKNE6A7BQGBD3VPZCSBBEYNX5",
    "isFolder": false,
    "fileType": "application/vnd.openxmlformats-officedocument.presentationml.presentation",
    "fileSizeBytes": 7749827,
    "lastModified": "2021-11-05T23:35:12Z",
    "lastModifiedBy": "Daniel Gough",
    "extractedAt": "2025-04-08T22:04:53.033305",
    "activityCount": 0,
    "activities": []
  },
  {
    "userPrincipalName": "d.gough@lcwmail.com",
    "fileName": "23.02.08 VP Storyboard .docx",
    "itemId": "01EH753GGD22ICI5ZMMZHYQOQNVI6XIO27",
    "isFolder": false,
    "fileType": "application/vnd.openxmlformats-officedocument.wordprocessingml.document",
    "fileSizeBytes": 34920,
    "lastModified": "2023-02-09T00:06:09Z",
    "lastModifiedBy": "Daniel Gough",
    "extractedAt": "2025-04-08T22:04:53.798223",
    "activityCount": 0,
    "activities": []
  },
  {
    "userPrincipalName": "d.gough@lcwmail.com",
    "fileName": "23.02.10 FH budget working.xlsx",
    "itemId": "01EH753GB2VMNSHBRQ2JHYX2VL5PVBDXUV",
    "isFolder": false,
    "fileType": "application/vnd.openxmlformats-officedocument.spreadsheetml.sheet",
    "fileSizeBytes": 23653,
    "lastModified": "2023-02-10T18:47:09Z",
    "lastModifiedBy": "Daniel Gough",
    "extractedAt": "2025-04-08T22:04:54.609282",
    "activityCount": 0,
    "activities": []
  },
  {
    "userPrincipalName": "d.gough@lcwmail.com",
    "fileName": "23.06.06 LCW Solutions for UL Solutions.pdf",
    "itemId": "01EH753GHV2GAZSCIPB5AIUQYM5SK2YPNI",
    "isFolder": false,
    "fileType": "application/pdf",
    "fileSizeBytes": 918570,
    "lastModified": "2023-06-06T17:33:52Z",
    "lastModifiedBy": "Daniel Gough",
    "extractedAt": "2025-04-08T22:04:55.390061",
    "activityCount": 0,
    "activities": []
  },
  {
    "userPrincipalName": "d.gough@lcwmail.com",
    "fileName": "23.06.08 LCW Solutions for UL Solutions.pptx",
    "itemId": "01EH753GG65VGSILEJYBD2VUJC7PAWCMDH",
    "isFolder": false,
    "fileType": "application/vnd.openxmlformats-officedocument.presentationml.presentation",
    "fileSizeBytes": 15658004,
    "lastModified": "2023-06-08T19:40:44Z",
    "lastModifiedBy": "Daniel Gough",
    "extractedAt": "2025-04-08T22:04:56.193223",
    "activityCount": 0,
    "activities": []
  },
  {
    "userPrincipalName": "d.gough@lcwmail.com",
    "fileName": "23.09.07 Draft Questions Business Impact of DEI Panel SCG Input.pptx",
    "itemId": "01EH753GBPBDNMWXJCEVEISUNA2QGG2BSZ",
    "isFolder": false,
    "fileType": "application/vnd.openxmlformats-officedocument.presentationml.presentation",
    "fileSizeBytes": 10606333,
    "lastModified": "2023-09-07T18:36:28Z",
    "lastModifiedBy": "Daniel Gough",
    "extractedAt": "2025-04-08T22:04:56.962525",
    "activityCount": 0,
    "activities": []
  },
  {
    "userPrincipalName": "d.gough@lcwmail.com",
    "fileName": "23.10.06 Miniworkshops.pptx",
    "itemId": "01EH753GA3QARBXVI65FFLA3LRL6TOSY2U",
    "isFolder": false,
    "fileType": "application/vnd.openxmlformats-officedocument.presentationml.presentation",
    "fileSizeBytes": 5036669,
    "lastModified": "2023-10-06T16:34:19Z",
    "lastModifiedBy": "Daniel Gough",
    "extractedAt": "2025-04-08T22:04:57.763991",
    "activityCount": 0,
    "activities": []
  },
  {
    "userPrincipalName": "d.gough@lcwmail.com",
    "fileName": "23.11.20 Focus Group Questions.pdf",
    "itemId": "01EH753GFXMJHXHEIKJJC2SBH5RDHTI4BZ",
    "isFolder": false,
    "fileType": "application/pdf",
    "fileSizeBytes": 609321,
    "lastModified": "2023-11-20T22:33:27Z",
    "lastModifiedBy": "Daniel Gough",
    "extractedAt": "2025-04-08T22:04:58.556068",
    "activityCount": 0,
    "activities": []
  },
  {
    "userPrincipalName": "d.gough@lcwmail.com",
    "fileName": "Book1.xlsx",
    "itemId": "01EH753GEUIEFUAZ22KFHJ3KW55RDVX3IC",
    "isFolder": false,
    "fileType": "application/vnd.openxmlformats-officedocument.spreadsheetml.sheet",
    "fileSizeBytes": 11340,
    "lastModified": "2022-12-22T19:11:33Z",
    "lastModifiedBy": "Daniel Gough",
    "extractedAt": "2025-04-08T22:04:59.463935",
    "activityCount": 0,
    "activities": []
  },
  {
    "userPrincipalName": "d.gough@lcwmail.com",
    "fileName": "Building Executive Presence Among a Diverse Group of Leaders Polls.docx",
    "itemId": "01EH753GDN3ZPQ3RS6KRDLRAAAZTYL552F",
    "isFolder": false,
    "fileType": "application/vnd.openxmlformats-officedocument.wordprocessingml.document",
    "fileSizeBytes": 15363,
    "lastModified": "2022-06-17T17:12:52Z",
    "lastModifiedBy": "Daniel Gough",
    "extractedAt": "2025-04-08T22:05:00.237129",
    "activityCount": 0,
    "activities": []
  },
  {
    "userPrincipalName": "d.gough@lcwmail.com",
    "fileName": "Consulting Team Meeting 31 23.06.12.pptx",
    "itemId": "01EH753GFRF6KSQZARCVELOPI7OVSTWXF2",
    "isFolder": false,
    "fileType": "application/vnd.openxmlformats-officedocument.presentationml.presentation",
    "fileSizeBytes": 1227288,
    "lastModified": "2023-06-12T16:39:54Z",
    "lastModifiedBy": "Daniel Gough",
    "extractedAt": "2025-04-08T22:05:01.048541",
    "activityCount": 0,
    "activities": []
  },
  {
    "userPrincipalName": "d.gough@lcwmail.com",
    "fileName": "Copy of 23.09.01 New Pricing.xlsx",
    "itemId": "01EH753GCK2ZL2P3SWD5CKNGOR3SV3DT57",
    "isFolder": false,
    "fileType": "application/vnd.openxmlformats-officedocument.spreadsheetml.sheet",
    "fileSizeBytes": 39153,
    "lastModified": "2023-09-01T16:26:23Z",
    "lastModifiedBy": "Daniel Gough",
    "extractedAt": "2025-04-08T22:05:01.820538",
    "activityCount": 0,
    "activities": []
  },
  {
    "userPrincipalName": "d.gough@lcwmail.com",
    "fileName": "Daniel @ LCW",
    "itemId": "01EH753GDVIUDRJCZ6TJBJKC7766SZ2P5M",
    "isFolder": true,
    "fileType": "folder",
    "fileSizeBytes": "N/A",
    "lastModified": "2021-08-05T16:51:01Z",
    "lastModifiedBy": "Daniel Gough",
    "extractedAt": "2025-04-08T22:05:02.604342",
    "activityCount": 0,
    "activities": []
  },
  {
    "userPrincipalName": "d.gough@lcwmail.com",
    "fileName": "Feedback_Video Script.docx",
    "itemId": "01EH753GGIPBB5LNVPMZBK6MJMFJSLZRJF",
    "isFolder": false,
    "fileType": "application/vnd.openxmlformats-officedocument.wordprocessingml.document",
    "fileSizeBytes": 14622,
    "lastModified": "2023-03-08T01:26:30Z",
    "lastModifiedBy": "Daniel Gough",
    "extractedAt": "2025-04-08T22:05:03.379619",
    "activityCount": 0,
    "activities": []
  },
  {
    "userPrincipalName": "d.gough@lcwmail.com",
    "fileName": "JJI Narrative Final for Materials (003).pptx",
    "itemId": "01EH753GCF2I6PZP2HVVGI6I4ZIASDTJZL",
    "isFolder": false,
    "fileType": "application/vnd.openxmlformats-officedocument.presentationml.presentation",
    "fileSizeBytes": 7128257,
    "lastModified": "2023-11-02T02:48:25Z",
    "lastModifiedBy": "Daniel Gough",
    "extractedAt": "2025-04-08T22:05:04.223870",
    "activityCount": 0,
    "activities": []
  },
  {
    "userPrincipalName": "d.gough@lcwmail.com",
    "fileName": "JJI Narrative Final for Materials.pptx",
    "itemId": "01EH753GAMWEQHF3JYBRCINOTHE62TFYID",
    "isFolder": false,
    "fileType": "application/vnd.openxmlformats-officedocument.presentationml.presentation",
    "fileSizeBytes": 7120527,
    "lastModified": "2023-10-25T23:47:12Z",
    "lastModifiedBy": "Daniel Gough",
    "extractedAt": "2025-04-08T22:05:05.088026",
    "activityCount": 0,
    "activities": []
  },
  {
    "userPrincipalName": "d.gough@lcwmail.com",
    "fileName": "King Cake.pptx",
    "itemId": "01EH753GEYEJNUCZ65Q5DLC5KWQTF4MMVT",
    "isFolder": false,
    "fileType": "application/vnd.openxmlformats-officedocument.presentationml.presentation",
    "fileSizeBytes": 4455123,
    "lastModified": "2021-01-06T17:21:12Z",
    "lastModifiedBy": "Daniel Gough",
    "extractedAt": "2025-04-08T22:05:05.918979",
    "activityCount": 0,
    "activities": []
  },
  {
    "userPrincipalName": "d.gough@lcwmail.com",
    "fileName": "Leader led discussion guide (AutoRecovered).docx",
    "itemId": "01EH753GHOZAHXZ3MJ7NCZGIEZL7Z6XZNA",
    "isFolder": false,
    "fileType": "application/vnd.openxmlformats-officedocument.wordprocessingml.document",
    "fileSizeBytes": 502942,
    "lastModified": "2021-03-05T23:05:52Z",
    "lastModifiedBy": "Daniel Gough",
    "extractedAt": "2025-04-08T22:05:06.763422",
    "activityCount": 0,
    "activities": []
  },
  {
    "userPrincipalName": "d.gough@lcwmail.com",
    "fileName": "LnD - JNJ-GW-4557 - Palmer - 2022 JRD GRA DEI Training - LANGUAGE and CULTURE WORLDWIDE LLC  (2) (002).docx",
    "itemId": "01EH753GB2VYKIA7NGMZBZLC5MNOE4CGSF",
    "isFolder": false,
    "fileType": "application/vnd.openxmlformats-officedocument.wordprocessingml.document",
    "fileSizeBytes": 38657,
    "lastModified": "2022-12-21T16:58:21Z",
    "lastModifiedBy": "Daniel Gough",
    "extractedAt": "2025-04-08T22:05:07.658448",
    "activityCount": 0,
    "activities": []
  },
  {
    "userPrincipalName": "d.gough@lcwmail.com",
    "fileName": "PO Attachment LCW SOW New, Exploring Our Diversity.docx",
    "itemId": "01EH753GG2SMN7O56FGJD3FJCJF6UUKUUA",
    "isFolder": false,
    "fileType": "application/vnd.openxmlformats-officedocument.wordprocessingml.document",
    "fileSizeBytes": 35994,
    "lastModified": "2023-06-08T18:28:54Z",
    "lastModifiedBy": "Daniel Gough",
    "extractedAt": "2025-04-08T22:05:08.582900",
    "activityCount": 0,
    "activities": []
  },
  {
    "userPrincipalName": "d.gough@lcwmail.com",
    "fileName": "Presentation1.pptx",
    "itemId": "01EH753GH6QDO2BUC2TZHL5DRFJ7T7WTLC",
    "isFolder": false,
    "fileType": "application/vnd.openxmlformats-officedocument.presentationml.presentation",
    "fileSizeBytes": 7936488,
    "lastModified": "2022-09-15T16:12:21Z",
    "lastModifiedBy": "Daniel Gough",
    "extractedAt": "2025-04-08T22:05:09.458702",
    "activityCount": 0,
    "activities": []
  },
  {
    "userPrincipalName": "d.gough@lcwmail.com",
    "fileName": "Talen lifecycle.pptx",
    "itemId": "01EH753GB2XGDHEVOKE5A2MAKFI3EFZ2WD",
    "isFolder": false,
    "fileType": "application/vnd.openxmlformats-officedocument.presentationml.presentation",
    "fileSizeBytes": 268281,
    "lastModified": "2023-09-08T14:08:23Z",
    "lastModifiedBy": "Daniel Gough",
    "extractedAt": "2025-04-08T22:05:10.335243",
    "activityCount": 0,
    "activities": []
  },
  {
    "userPrincipalName": "d.gough@lcwmail.com",
    "fileName": "UL Solutions DEI Forum_Regional Delivery_09202023_LCW edits 230928.xlsx",
    "itemId": "01EH753GAYDLQAFWI3EBBJ77LHZ66AV5JB",
    "isFolder": false,
    "fileType": "application/vnd.openxmlformats-officedocument.spreadsheetml.sheet",
    "fileSizeBytes": 990644,
    "lastModified": "2023-09-28T22:46:45Z",
    "lastModifiedBy": "Daniel Gough",
    "extractedAt": "2025-04-08T22:05:11.264877",
    "activityCount": 0,
    "activities": []
  },
  {
    "userPrincipalName": "d.gough@lcwmail.com",
    "fileName": "World Cafe Debrief.pptx",
    "itemId": "01EH753GC25LJ4KIPLRBAJIL2REVHV6XML",
    "isFolder": false,
    "fileType": "application/vnd.openxmlformats-officedocument.presentationml.presentation",
    "fileSizeBytes": 45963,
    "lastModified": "2023-03-17T13:57:35Z",
    "lastModifiedBy": "Daniel Gough",
    "extractedAt": "2025-04-08T22:05:12.139056",
    "activityCount": 0,
    "activities": []
  }
]