[
  {
    "userPrincipalName": "m.fagrelius@lcwmail.com",
    "fileName": "Attachments",
    "itemId": "01I5IXYVS77VVBEZGT65H3OFDU5RYK3JXQ",
    "isFolder": true,
    "fileType": "folder",
    "fileSizeBytes": "N/A",
    "lastModified": "2017-08-29T14:09:30Z",
    "lastModifiedBy": "Maria Fagrelius",
    "extractedAt": "2025-04-08T22:03:10.840307",
    "activityCount": 0,
    "activities": []
  },
  {
    "userPrincipalName": "m.fagrelius@lcwmail.com",
    "fileName": "Desktop",
    "itemId": "01I5IXYVRNL3WZB7SCLZH35B5TK7RS4CZK",
    "isFolder": true,
    "fileType": "folder",
    "fileSizeBytes": "N/A",
    "lastModified": "2021-07-23T19:00:45Z",
    "lastModifiedBy": "Maria Fagrelius",
    "extractedAt": "2025-04-08T22:03:11.727591",
    "activityCount": 0,
    "activities": []
  },
  {
    "userPrincipalName": "m.fagrelius@lcwmail.com",
    "fileName": "Documents",
    "itemId": "01I5IXYVR5ANBYDSKUZZB3LUM7WTRM3OQI",
    "isFolder": true,
    "fileType": "folder",
    "fileSizeBytes": "N/A",
    "lastModified": "2018-05-30T16:54:18Z",
    "lastModifiedBy": "Maria Fagrelius",
    "extractedAt": "2025-04-08T22:03:12.593217",
    "activityCount": 0,
    "activities": []
  },
  {
    "userPrincipalName": "m.fagrelius@lcwmail.com",
    "fileName": "Microsoft Teams Chat Files",
    "itemId": "01I5IXYVVNE6ILG4DJGBEKSLKYVAFXI6VZ",
    "isFolder": true,
    "fileType": "folder",
    "fileSizeBytes": "N/A",
    "lastModified": "2021-03-03T21:33:51Z",
    "lastModifiedBy": "Maria Fagrelius",
    "extractedAt": "2025-04-08T22:03:13.468387",
    "activityCount": 0,
    "activities": []
  },
  {
    "userPrincipalName": "m.fagrelius@lcwmail.com",
    "fileName": "Pictures",
    "itemId": "01I5IXYVSC5RZJLYPNSVH2DULZ762ZXLPP",
    "isFolder": true,
    "fileType": "folder",
    "fileSizeBytes": "N/A",
    "lastModified": "2021-07-23T19:00:45Z",
    "lastModifiedBy": "Maria Fagrelius",
    "extractedAt": "2025-04-08T22:03:14.352724",
    "activityCount": 0,
    "activities": []
  },
  {
    "userPrincipalName": "m.fagrelius@lcwmail.com",
    "fileName": "Recordings",
    "itemId": "01I5IXYVRMFYTTWRQXP5CL6GSHAYUFJWFC",
    "isFolder": true,
    "fileType": "folder",
    "fileSizeBytes": "N/A",
    "lastModified": "2023-09-29T13:52:06Z",
    "lastModifiedBy": "Maria Fagrelius",
    "extractedAt": "2025-04-08T22:03:15.188092",
    "activityCount": 0,
    "activities": []
  },
  {
    "userPrincipalName": "m.fagrelius@lcwmail.com",
    "fileName": "\ud83d\udc3e Hey there.docx",
    "itemId": "01I5IXYVWU7P54FI3LRBGZPSYLIZCGP6AN",
    "isFolder": false,
    "fileType": "application/vnd.openxmlformats-officedocument.wordprocessingml.document",
    "fileSizeBytes": 21715,
    "lastModified": "2023-10-31T16:06:00Z",
    "lastModifiedBy": "Maria Fagrelius",
    "extractedAt": "2025-04-08T22:03:16.020892",
    "activityCount": 0,
    "activities": []
  },
  {
    "userPrincipalName": "m.fagrelius@lcwmail.com",
    "fileName": "\ud83d\udc3e Meet Jeremy.docx",
    "itemId": "01I5IXYVVPJ66NXM2JKFHKQP5N6YQT4ZQ5",
    "isFolder": false,
    "fileType": "application/vnd.openxmlformats-officedocument.wordprocessingml.document",
    "fileSizeBytes": 14402,
    "lastModified": "2024-01-11T19:28:51Z",
    "lastModifiedBy": "Maria Fagrelius",
    "extractedAt": "2025-04-08T22:03:16.863661",
    "activityCount": 0,
    "activities": []
  },
  {
    "userPrincipalName": "m.fagrelius@lcwmail.com",
    "fileName": "CoC Storyboard Intellectual Property 2nd Ed_ARA.pdf",
    "itemId": "01I5IXYVVOLMXVVM7YAREJKN57O5VQGJX3",
    "isFolder": false,
    "fileType": "application/pdf",
    "fileSizeBytes": 1002415,
    "lastModified": "2023-12-01T14:41:33Z",
    "lastModifiedBy": "Maria Fagrelius",
    "extractedAt": "2025-04-08T22:03:17.726091",
    "activityCount": 0,
    "activities": []
  },
  {
    "userPrincipalName": "m.fagrelius@lcwmail.com",
    "fileName": "CoC_Steelcase-MP4_v1_BUR.pdf",
    "itemId": "01I5IXYVSMYNTL3BBZHREJ4GCYBAREXILY",
    "isFolder": false,
    "fileType": "application/pdf",
    "fileSizeBytes": 593088,
    "lastModified": "2024-01-03T14:15:24Z",
    "lastModifiedBy": "Maria Fagrelius",
    "extractedAt": "2025-04-08T22:03:18.527068",
    "activityCount": 0,
    "activities": []
  },
  {
    "userPrincipalName": "m.fagrelius@lcwmail.com",
    "fileName": "Code of Conduct Topic and Language Selection Form (Foreign)_Seadrill_RL (002).docx",
    "itemId": "01I5IXYVTNPAB2YXMS5JDI3WSNCGGVM23S",
    "isFolder": false,
    "fileType": "application/vnd.openxmlformats-officedocument.wordprocessingml.document",
    "fileSizeBytes": 41560,
    "lastModified": "2022-08-15T14:49:01Z",
    "lastModifiedBy": "Maria Fagrelius",
    "extractedAt": "2025-04-08T22:03:19.470722",
    "activityCount": 0,
    "activities": []
  },
  {
    "userPrincipalName": "m.fagrelius@lcwmail.com",
    "fileName": "DCH Community Health Worker Role-Flyer_v10 old logo-HC.pdf",
    "itemId": "01I5IXYVVLVDYWN7OY6VAIBES7KTZ7X4SE",
    "isFolder": false,
    "fileType": "application/pdf",
    "fileSizeBytes": 269442,
    "lastModified": "2024-02-08T15:55:03Z",
    "lastModifiedBy": "Maria Fagrelius",
    "extractedAt": "2025-04-08T22:03:20.474974",
    "activityCount": 0,
    "activities": []
  },
  {
    "userPrincipalName": "m.fagrelius@lcwmail.com",
    "fileName": "Diligent Timeline.docx",
    "itemId": "01I5IXYVUTKSJEHZE2SFD3DWYGGWASOTWX",
    "isFolder": false,
    "fileType": "application/vnd.openxmlformats-officedocument.wordprocessingml.document",
    "fileSizeBytes": 20000,
    "lastModified": "2023-11-14T22:48:19Z",
    "lastModifiedBy": "Maria Fagrelius",
    "extractedAt": "2025-04-08T22:03:21.389055",
    "activityCount": 0,
    "activities": []
  },
  {
    "userPrincipalName": "m.fagrelius@lcwmail.com",
    "fileName": "Final Copy_789719_Spot Grant_V3.docx",
    "itemId": "01I5IXYVW3CI43LLDVOBHZDRBR3FA5BTKY",
    "isFolder": false,
    "fileType": "application/vnd.openxmlformats-officedocument.wordprocessingml.document",
    "fileSizeBytes": 211811,
    "lastModified": "2022-06-22T15:24:25Z",
    "lastModifiedBy": "Maria Fagrelius",
    "extractedAt": "2025-04-08T22:03:22.222159",
    "activityCount": 0,
    "activities": []
  },
  {
    "userPrincipalName": "m.fagrelius@lcwmail.com",
    "fileName": "Great insights.docx",
    "itemId": "01I5IXYVVAODXFHWUPQBDYYMKLNYOILUOI",
    "isFolder": false,
    "fileType": "application/vnd.openxmlformats-officedocument.wordprocessingml.document",
    "fileSizeBytes": 12524,
    "lastModified": "2022-06-28T21:02:24Z",
    "lastModifiedBy": "Maria Fagrelius",
    "extractedAt": "2025-04-08T22:03:23.073046",
    "activityCount": 0,
    "activities": []
  },
  {
    "userPrincipalName": "m.fagrelius@lcwmail.com",
    "fileName": "HealthCare page info.docx",
    "itemId": "01I5IXYVWLMCQL74YIORGIM5EHPUEX6WXM",
    "isFolder": false,
    "fileType": "application/vnd.openxmlformats-officedocument.wordprocessingml.document",
    "fileSizeBytes": 13582,
    "lastModified": "2022-09-09T20:52:07Z",
    "lastModifiedBy": "Maria Fagrelius",
    "extractedAt": "2025-04-08T22:03:23.987999",
    "activityCount": 0,
    "activities": []
  },
  {
    "userPrincipalName": "m.fagrelius@lcwmail.com",
    "fileName": "Invoice_February2024_Ondrej Sendler.pdf",
    "itemId": "01I5IXYVTLDDVOZWBWBZEJZ56CFMAODBPX",
    "isFolder": false,
    "fileType": "application/pdf",
    "fileSizeBytes": 150437,
    "lastModified": "2024-02-06T14:22:50Z",
    "lastModifiedBy": "Maria Fagrelius",
    "extractedAt": "2025-04-08T22:03:24.881331",
    "activityCount": 0,
    "activities": []
  },
  {
    "userPrincipalName": "m.fagrelius@lcwmail.com",
    "fileName": "LCW CC info - Kelly.docx",
    "itemId": "01I5IXYVXKK42PGQ3XL5DJTKSAVBA4RHXP",
    "isFolder": false,
    "fileType": "application/vnd.openxmlformats-officedocument.wordprocessingml.document",
    "fileSizeBytes": 12643,
    "lastModified": "2022-08-19T19:07:48Z",
    "lastModifiedBy": "Maria Fagrelius",
    "extractedAt": "2025-04-08T22:03:25.724667",
    "activityCount": 0,
    "activities": []
  },
  {
    "userPrincipalName": "m.fagrelius@lcwmail.com",
    "fileName": "Maria @ LCW",
    "itemId": "01I5IXYVQ3QGGJ5ZUHR5FIM3AC26M2CWYM",
    "isFolder": true,
    "fileType": "folder",
    "fileSizeBytes": "N/A",
    "lastModified": "2021-07-26T16:10:21Z",
    "lastModifiedBy": "Maria Fagrelius",
    "extractedAt": "2025-04-08T22:03:26.570489",
    "activityCount": 0,
    "activities": []
  },
  {
    "userPrincipalName": "m.fagrelius@lcwmail.com",
    "fileName": "MBI Translation Standard COGS.xlsm",
    "itemId": "01I5IXYVTMYU5FHCC7EZELCAIWWWHWULSV",
    "isFolder": false,
    "fileType": "application/vnd.ms-excel.sheet.macroEnabled.12",
    "fileSizeBytes": 114719,
    "lastModified": "2024-03-11T18:28:21Z",
    "lastModifiedBy": "Maria Fagrelius",
    "extractedAt": "2025-04-08T22:03:27.417759",
    "activityCount": 0,
    "activities": []
  },
  {
    "userPrincipalName": "m.fagrelius@lcwmail.com",
    "fileName": "MBTR Video Script REFERENCE.docx",
    "itemId": "01I5IXYVVX22VR76BGYNEY55O7ET4D362M",
    "isFolder": false,
    "fileType": "application/vnd.openxmlformats-officedocument.wordprocessingml.document",
    "fileSizeBytes": 33525,
    "lastModified": "2024-03-13T14:07:49Z",
    "lastModifiedBy": "Maria Fagrelius",
    "extractedAt": "2025-04-08T22:03:28.255104",
    "activityCount": 1,
    "activities": [
      {
        "activityId": "sDPw9mZD3EgYPGwNAAAAAA==",
        "actionType": "create",
        "performedBy": "Maria Fagrelius",
        "userPrincipalName": "m.fagrelius@lcwmail.com",
        "email": "m.fagrelius@lcwmail.com",
        "timestamp": "2024-03-13T14:07:48Z"
      }
    ]
  },
  {
    "userPrincipalName": "m.fagrelius@lcwmail.com",
    "fileName": "Narration-Script-CoC module storyboard_Misappropriation of Resources_v2_CZE.xlsx",
    "itemId": "01I5IXYVWU7OUXYVZF7VELTIVQ7NEJO5YW",
    "isFolder": false,
    "fileType": "application/vnd.openxmlformats-officedocument.spreadsheetml.sheet",
    "fileSizeBytes": 21536,
    "lastModified": "2023-11-30T21:16:21Z",
    "lastModifiedBy": "Maria Fagrelius",
    "extractedAt": "2025-04-08T22:03:29.106959",
    "activityCount": 0,
    "activities": []
  },
  {
    "userPrincipalName": "m.fagrelius@lcwmail.com",
    "fileName": "NOTE.docx",
    "itemId": "01I5IXYVTL722XDSXFPZE3WEOYIGRD4R2D",
    "isFolder": false,
    "fileType": "application/vnd.openxmlformats-officedocument.wordprocessingml.document",
    "fileSizeBytes": 757458,
    "lastModified": "2022-01-10T14:09:31Z",
    "lastModifiedBy": "Maria Fagrelius",
    "extractedAt": "2025-04-08T22:03:30.025531",
    "activityCount": 0,
    "activities": []
  },
  {
    "userPrincipalName": "m.fagrelius@lcwmail.com",
    "fileName": "Pain Scale.docx",
    "itemId": "01I5IXYVWQKO4GZFDKFFBIBJI6KO5R33QM",
    "isFolder": false,
    "fileType": "application/vnd.openxmlformats-officedocument.wordprocessingml.document",
    "fileSizeBytes": 21298,
    "lastModified": "2024-03-11T19:57:52Z",
    "lastModifiedBy": "Maria Fagrelius",
    "extractedAt": "2025-04-08T22:03:31.009388",
    "activityCount": 0,
    "activities": []
  },
  {
    "userPrincipalName": "m.fagrelius@lcwmail.com",
    "fileName": "Questions Storyline Files.docx",
    "itemId": "01I5IXYVV7BC7ZIG37YVGYZH5JISBPHPVN",
    "isFolder": false,
    "fileType": "application/vnd.openxmlformats-officedocument.wordprocessingml.document",
    "fileSizeBytes": 2661542,
    "lastModified": "2022-06-22T21:08:37Z",
    "lastModifiedBy": "Maria Fagrelius",
    "extractedAt": "2025-04-08T22:03:31.955878",
    "activityCount": 0,
    "activities": []
  },
  {
    "userPrincipalName": "m.fagrelius@lcwmail.com",
    "fileName": "Reference Letter for Isabelle Louis.pdf",
    "itemId": "01I5IXYVS6M6WHGTIIGRCYZU5X5Z73RZNC",
    "isFolder": false,
    "fileType": "application/pdf",
    "fileSizeBytes": 80830,
    "lastModified": "2024-01-12T18:54:11Z",
    "lastModifiedBy": "Maria Fagrelius",
    "extractedAt": "2025-04-08T22:03:32.887442",
    "activityCount": 0,
    "activities": []
  },
  {
    "userPrincipalName": "m.fagrelius@lcwmail.com",
    "fileName": "Rosemont research - retreat.docx",
    "itemId": "01I5IXYVR6GLOMFG5ON5FJY7EMMHQ64YX6",
    "isFolder": false,
    "fileType": "application/vnd.openxmlformats-officedocument.wordprocessingml.document",
    "fileSizeBytes": 66832,
    "lastModified": "2022-12-28T17:12:46Z",
    "lastModifiedBy": "Maria Fagrelius",
    "extractedAt": "2025-04-08T22:03:33.849636",
    "activityCount": 0,
    "activities": []
  },
  {
    "userPrincipalName": "m.fagrelius@lcwmail.com",
    "fileName": "Slide 1.docx",
    "itemId": "01I5IXYVVPZFVNNZDCZVCKGVTKBYRZRBNO",
    "isFolder": false,
    "fileType": "application/vnd.openxmlformats-officedocument.wordprocessingml.document",
    "fileSizeBytes": 2104135,
    "lastModified": "2021-12-13T16:58:48Z",
    "lastModifiedBy": "Maria Fagrelius",
    "extractedAt": "2025-04-08T22:03:34.813917",
    "activityCount": 0,
    "activities": []
  }
]