[
  {
    "userPrincipalName": "m.benoit@lcwmail.com",
    "fileName": "Alliant Share Folder",
    "itemId": "01EDXBIXKKTIQCTC4DY5E3GLRBZWBGZOFE",
    "isFolder": true,
    "fileType": "folder",
    "fileSizeBytes": "N/A",
    "lastModified": "2024-05-09T12:03:19Z",
    "lastModifiedBy": "Maya Benoit",
    "extractedAt": "2025-04-08T22:03:13.088697",
    "activityCount": 0,
    "activities": []
  },
  {
    "userPrincipalName": "m.benoit@lcwmail.com",
    "fileName": "Apps",
    "itemId": "01EDXBIXNXR5Y72XCS6RGY7BGQ22GVP6LS",
    "isFolder": true,
    "fileType": "folder",
    "fileSizeBytes": "N/A",
    "lastModified": "2024-05-10T15:46:10Z",
    "lastModifiedBy": "Maya Benoit",
    "extractedAt": "2025-04-08T22:03:14.045196",
    "activityCount": 0,
    "activities": []
  },
  {
    "userPrincipalName": "m.benoit@lcwmail.com",
    "fileName": "Attachments",
    "itemId": "01EDXBIXK7AA7N7ZMZPNAJV5M24MJHODSH",
    "isFolder": true,
    "fileType": "folder",
    "fileSizeBytes": "N/A",
    "lastModified": "2023-03-21T12:00:30Z",
    "lastModifiedBy": "Maya Benoit",
    "extractedAt": "2025-04-08T22:03:14.934126",
    "activityCount": 0,
    "activities": []
  },
  {
    "userPrincipalName": "m.benoit@lcwmail.com",
    "fileName": "Desktop",
    "itemId": "01EDXBIXKOC56YXY6UDZCJXVU3NUJDH7MV",
    "isFolder": true,
    "fileType": "folder",
    "fileSizeBytes": "N/A",
    "lastModified": "2022-11-22T20:01:02Z",
    "lastModifiedBy": "Maya Benoit",
    "extractedAt": "2025-04-08T22:03:15.758190",
    "activityCount": 1,
    "activities": [
      {
        "activityId": "QAtXcpuX3EgmQtMNAAAAAA==",
        "actionType": "edit",
        "performedBy": "Maya Benoit",
        "userPrincipalName": "m.benoit@lcwmail.com",
        "email": "M.Benoit@lcwmail.com",
        "timestamp": "2024-06-28T17:55:07Z"
      }
    ]
  },
  {
    "userPrincipalName": "m.benoit@lcwmail.com",
    "fileName": "Documents",
    "itemId": "01EDXBIXLSULXFVLHHQRD275SKK4V45DYH",
    "isFolder": true,
    "fileType": "folder",
    "fileSizeBytes": "N/A",
    "lastModified": "2022-11-22T20:01:02Z",
    "lastModifiedBy": "Maya Benoit",
    "extractedAt": "2025-04-08T22:03:16.610346",
    "activityCount": 0,
    "activities": []
  },
  {
    "userPrincipalName": "m.benoit@lcwmail.com",
    "fileName": "Microsoft Teams Chat Files",
    "itemId": "01EDXBIXKTJ6AQ4TUL75EZRE6AAPLK2KAR",
    "isFolder": true,
    "fileType": "folder",
    "fileSizeBytes": "N/A",
    "lastModified": "2023-04-04T15:55:32Z",
    "lastModifiedBy": "Maya Benoit",
    "extractedAt": "2025-04-08T22:03:17.492305",
    "activityCount": 0,
    "activities": []
  },
  {
    "userPrincipalName": "m.benoit@lcwmail.com",
    "fileName": "Pictures",
    "itemId": "01EDXBIXMQDBO4HWKGZRDLK2JJH6P7PQGN",
    "isFolder": true,
    "fileType": "folder",
    "fileSizeBytes": "N/A",
    "lastModified": "2022-11-22T20:01:02Z",
    "lastModifiedBy": "Maya Benoit",
    "extractedAt": "2025-04-08T22:03:18.376130",
    "activityCount": 0,
    "activities": []
  },
  {
    "userPrincipalName": "m.benoit@lcwmail.com",
    "fileName": "052304LCWed.pdf",
    "itemId": "01EDXBIXISDIM47HHYEZGJRHUXJBPGNYFA",
    "isFolder": false,
    "fileType": "application/pdf",
    "fileSizeBytes": 21163,
    "lastModified": "2023-04-06T15:51:57Z",
    "lastModifiedBy": "Maya Benoit",
    "extractedAt": "2025-04-08T22:03:19.306695",
    "activityCount": 0,
    "activities": []
  },
  {
    "userPrincipalName": "m.benoit@lcwmail.com",
    "fileName": "Copy of Invoice LCW202302_updated.pdf",
    "itemId": "01EDXBIXMX752J37DNF5DZCAHCGEIMQSCE",
    "isFolder": false,
    "fileType": "application/pdf",
    "fileSizeBytes": 41466,
    "lastModified": "2023-06-06T19:42:54Z",
    "lastModifiedBy": "Maya Benoit",
    "extractedAt": "2025-04-08T22:03:20.217861",
    "activityCount": 0,
    "activities": []
  },
  {
    "userPrincipalName": "m.benoit@lcwmail.com",
    "fileName": "Copy of Invoice_MF-1.pdf",
    "itemId": "01EDXBIXIUJHA5U7R7XZGI5LB3LFYZD4WL",
    "isFolder": false,
    "fileType": "application/pdf",
    "fileSizeBytes": 192005,
    "lastModified": "2023-04-28T13:50:07Z",
    "lastModifiedBy": "Maya Benoit",
    "extractedAt": "2025-04-08T22:03:21.085613",
    "activityCount": 0,
    "activities": []
  },
  {
    "userPrincipalName": "m.benoit@lcwmail.com",
    "fileName": "LCW-88-PCI-BR-QA.xlsx",
    "itemId": "01EDXBIXJVHNJA5ERST5AZYGXOT563RV65",
    "isFolder": false,
    "fileType": "application/vnd.openxmlformats-officedocument.spreadsheetml.sheet",
    "fileSizeBytes": 29341,
    "lastModified": "2023-06-01T18:36:30Z",
    "lastModifiedBy": "Maya Benoit",
    "extractedAt": "2025-04-08T22:03:21.973678",
    "activityCount": 0,
    "activities": []
  },
  {
    "userPrincipalName": "m.benoit@lcwmail.com",
    "fileName": "SSCP-AS-2022 Rev 1 -Patient_(lav).pdf",
    "itemId": "01EDXBIXPP5JIYROHEN5CJVKG3UYO3IWOJ",
    "isFolder": false,
    "fileType": "application/pdf",
    "fileSizeBytes": 1198184,
    "lastModified": "2023-06-16T22:28:42Z",
    "lastModifiedBy": "Maya Benoit",
    "extractedAt": "2025-04-08T22:03:22.858406",
    "activityCount": 0,
    "activities": []
  }
]