[
  {
    "userPrincipalName": "l.baker@lcwmail.com",
    "fileName": "Apps",
    "itemId": "013OF5BDQ63LDGW4MHVZGZZD373HQHT6YP",
    "isFolder": true,
    "fileType": "folder",
    "fileSizeBytes": "N/A",
    "lastModified": "2023-07-10T14:12:23Z",
    "lastModifiedBy": "Larry Baker",
    "extractedAt": "2025-04-08T22:02:51.685362",
    "activityCount": 0,
    "activities": []
  },
  {
    "userPrincipalName": "l.baker@lcwmail.com",
    "fileName": "Attachments",
    "itemId": "013OF5BDTB4TMI7XKNKJAYD2DPSYKVEJZH",
    "isFolder": true,
    "fileType": "folder",
    "fileSizeBytes": "N/A",
    "lastModified": "2023-03-28T15:29:32Z",
    "lastModifiedBy": "Larry Baker",
    "extractedAt": "2025-04-08T22:02:52.666193",
    "activityCount": 0,
    "activities": []
  },
  {
    "userPrincipalName": "l.baker@lcwmail.com",
    "fileName": "Desktop",
    "itemId": "013OF5BDV57LMBBNZGRNEIJIDITBOCJO6Y",
    "isFolder": true,
    "fileType": "folder",
    "fileSizeBytes": "N/A",
    "lastModified": "2021-07-23T20:10:42Z",
    "lastModifiedBy": "Larry Baker",
    "extractedAt": "2025-04-08T22:02:53.619739",
    "activityCount": 0,
    "activities": []
  },
  {
    "userPrincipalName": "l.baker@lcwmail.com",
    "fileName": "Documents",
    "itemId": "013OF5BDR7UGNMEBDUDBDIOXMOLSNDSTFB",
    "isFolder": true,
    "fileType": "folder",
    "fileSizeBytes": "N/A",
    "lastModified": "2021-07-23T20:10:42Z",
    "lastModifiedBy": "Larry Baker",
    "extractedAt": "2025-04-08T22:02:55.035945",
    "activityCount": 0,
    "activities": []
  },
  {
    "userPrincipalName": "l.baker@lcwmail.com",
    "fileName": "Microsoft Copilot Chat Files",
    "itemId": "013OF5BDT6SST65JE5QJFJTW63CHW4ZL3J",
    "isFolder": true,
    "fileType": "folder",
    "fileSizeBytes": "N/A",
    "lastModified": "2025-03-13T00:00:13Z",
    "lastModifiedBy": "Larry Baker",
    "extractedAt": "2025-04-08T22:02:55.931301",
    "activityCount": 1,
    "activities": [
      {
        "activityId": "kI4lB8Jh3Uj0nxcPAAAAAA==",
        "actionType": "create",
        "performedBy": "Larry Baker",
        "userPrincipalName": "l.baker@lcwmail.com",
        "email": "l.baker@lcwmail.com",
        "timestamp": "2025-03-13T00:00:12Z"
      }
    ]
  },
  {
    "userPrincipalName": "l.baker@lcwmail.com",
    "fileName": "Microsoft Teams Chat Files",
    "itemId": "013OF5BDRSQAMCODIIZRHJOEHZ5CJY43YE",
    "isFolder": true,
    "fileType": "folder",
    "fileSizeBytes": "N/A",
    "lastModified": "2024-10-03T14:34:31Z",
    "lastModifiedBy": "Larry Baker",
    "extractedAt": "2025-04-08T22:02:56.754745",
    "activityCount": 0,
    "activities": []
  },
  {
    "userPrincipalName": "l.baker@lcwmail.com",
    "fileName": "Notebooks",
    "itemId": "013OF5BDSJXA4SAE7ZP5FI4JUAWEPOHZNH",
    "isFolder": true,
    "fileType": "folder",
    "fileSizeBytes": "N/A",
    "lastModified": "2018-12-04T16:40:59Z",
    "lastModifiedBy": "Larry Baker",
    "extractedAt": "2025-04-08T22:02:58.172741",
    "activityCount": 0,
    "activities": []
  },
  {
    "userPrincipalName": "l.baker@lcwmail.com",
    "fileName": "OfficeMobile",
    "itemId": "013OF5BDR5IEU2YVF7XZB2WM6C7V7W6G5K",
    "isFolder": true,
    "fileType": "folder",
    "fileSizeBytes": "N/A",
    "lastModified": "2025-02-03T18:11:11Z",
    "lastModifiedBy": "Larry Baker",
    "extractedAt": "2025-04-08T22:02:59.044378",
    "activityCount": 0,
    "activities": []
  },
  {
    "userPrincipalName": "l.baker@lcwmail.com",
    "fileName": "Pictures",
    "itemId": "013OF5BDVNWOH2SOGNMNEZKDORTEOS7YMR",
    "isFolder": true,
    "fileType": "folder",
    "fileSizeBytes": "N/A",
    "lastModified": "2021-07-23T20:10:43Z",
    "lastModifiedBy": "Larry Baker",
    "extractedAt": "2025-04-08T22:02:59.947187",
    "activityCount": 0,
    "activities": []
  },
  {
    "userPrincipalName": "l.baker@lcwmail.com",
    "fileName": "Recordings",
    "itemId": "013OF5BDWUKFAZMEBMJRDKKSC4RMTSS3YG",
    "isFolder": true,
    "fileType": "folder",
    "fileSizeBytes": "N/A",
    "lastModified": "2023-10-16T20:22:19Z",
    "lastModifiedBy": "Larry Baker",
    "extractedAt": "2025-04-08T22:03:00.864725",
    "activityCount": 0,
    "activities": []
  },
  {
    "userPrincipalName": "l.baker@lcwmail.com",
    "fileName": "Scans",
    "itemId": "013OF5BDTD6RYHKOXTMVD3VCCD6XPATUOI",
    "isFolder": true,
    "fileType": "folder",
    "fileSizeBytes": "N/A",
    "lastModified": "2024-11-06T02:45:27Z",
    "lastModifiedBy": "Larry Baker",
    "extractedAt": "2025-04-08T22:03:01.714889",
    "activityCount": 0,
    "activities": []
  },
  {
    "userPrincipalName": "l.baker@lcwmail.com",
    "fileName": "23.08.23 ERG leadership.pptx",
    "itemId": "013OF5BDUWONCDMCPY3FAJGTBAITMQLPKF",
    "isFolder": false,
    "fileType": "application/vnd.openxmlformats-officedocument.presentationml.presentation",
    "fileSizeBytes": 200304133,
    "lastModified": "2023-08-30T18:07:27Z",
    "lastModifiedBy": "Larry Baker",
    "extractedAt": "2025-04-08T22:03:02.540371",
    "activityCount": 0,
    "activities": []
  },
  {
    "userPrincipalName": "l.baker@lcwmail.com",
    "fileName": "23.10.30 Draft Building A Culture Of Inclusion.pptx",
    "itemId": "013OF5BDXHEQHTFTAWTZHL7TE7M32JT5TN",
    "isFolder": false,
    "fileType": "application/vnd.openxmlformats-officedocument.presentationml.presentation",
    "fileSizeBytes": 4762878,
    "lastModified": "2023-11-01T10:56:37Z",
    "lastModifiedBy": "Larry Baker",
    "extractedAt": "2025-04-08T22:03:03.370481",
    "activityCount": 0,
    "activities": []
  },
  {
    "userPrincipalName": "l.baker@lcwmail.com",
    "fileName": "23.11.9 - MIT LL Tracker (003).xlsx",
    "itemId": "013OF5BDXKS4R63T2WLRDYL5D2RDJHKYHW",
    "isFolder": false,
    "fileType": "application/vnd.openxmlformats-officedocument.spreadsheetml.sheet",
    "fileSizeBytes": 22037,
    "lastModified": "2023-11-30T19:57:13Z",
    "lastModifiedBy": "Larry Baker",
    "extractedAt": "2025-04-08T22:03:04.186359",
    "activityCount": 0,
    "activities": []
  },
  {
    "userPrincipalName": "l.baker@lcwmail.com",
    "fileName": "23.3.7 - BCI_4hr_IRL_Ball Horitcultural.saved.pptx",
    "itemId": "013OF5BDRVO54PG7R4MBDIDW62EIQ6RH7A",
    "isFolder": false,
    "fileType": "application/vnd.openxmlformats-officedocument.presentationml.presentation",
    "fileSizeBytes": 39851860,
    "lastModified": "2023-03-16T02:23:28Z",
    "lastModifiedBy": "Larry Baker",
    "extractedAt": "2025-04-08T22:03:04.995488",
    "activityCount": 0,
    "activities": []
  },
  {
    "userPrincipalName": "l.baker@lcwmail.com",
    "fileName": "5. CreatingEqualOppty_23May2018_EC_Pre-Read.pptx",
    "itemId": "013OF5BDQDCTFDWWZLRBDI2QWVTDOKFAOY",
    "isFolder": false,
    "fileType": "application/vnd.openxmlformats-officedocument.presentationml.presentation",
    "fileSizeBytes": 3332176,
    "lastModified": "2025-01-29T16:04:03Z",
    "lastModifiedBy": "Larry Baker",
    "extractedAt": "2025-04-08T22:03:05.812798",
    "activityCount": 0,
    "activities": []
  },
  {
    "userPrincipalName": "l.baker@lcwmail.com",
    "fileName": "Ada Speaker notes V2_May 2022 Live Stream Production Sheet (002).docx",
    "itemId": "013OF5BDU2ZYNCBBWMLZBZ73KQD2MJGGQJ",
    "isFolder": false,
    "fileType": "application/vnd.openxmlformats-officedocument.wordprocessingml.document",
    "fileSizeBytes": 32632,
    "lastModified": "2022-06-04T03:58:15Z",
    "lastModifiedBy": "Larry Baker",
    "extractedAt": "2025-04-08T22:03:06.637167",
    "activityCount": 0,
    "activities": []
  },
  {
    "userPrincipalName": "l.baker@lcwmail.com",
    "fileName": "AGENDA_VIRTUAL_GroupM_UnconsciousBias_2.5 hours v3.docx",
    "itemId": "013OF5BDSBKVCMQBPNPBAZW5ZRTK5Z2KKR",
    "isFolder": false,
    "fileType": "application/vnd.openxmlformats-officedocument.wordprocessingml.document",
    "fileSizeBytes": 49782,
    "lastModified": "2020-07-13T23:57:06Z",
    "lastModifiedBy": "Larry Baker",
    "extractedAt": "2025-04-08T22:03:07.417886",
    "activityCount": 0,
    "activities": []
  },
  {
    "userPrincipalName": "l.baker@lcwmail.com",
    "fileName": "April 2023 Livestream_Wellness.docx",
    "itemId": "013OF5BDX5HTN7VW4VFBFKBA53L3J4JSPT",
    "isFolder": false,
    "fileType": "application/vnd.openxmlformats-officedocument.wordprocessingml.document",
    "fileSizeBytes": 26102,
    "lastModified": "2023-04-25T13:28:32Z",
    "lastModifiedBy": "Larry Baker",
    "extractedAt": "2025-04-08T22:03:08.196087",
    "activityCount": 0,
    "activities": []
  },
  {
    "userPrincipalName": "l.baker@lcwmail.com",
    "fileName": "April 2023 Livestream_Wellness.lbjversion.docx",
    "itemId": "013OF5BDUKJPVAJENTMBFITXCSDBPVACG2",
    "isFolder": false,
    "fileType": "application/vnd.openxmlformats-officedocument.wordprocessingml.document",
    "fileSizeBytes": 26078,
    "lastModified": "2023-04-25T13:29:25Z",
    "lastModifiedBy": "Larry Baker",
    "extractedAt": "2025-04-08T22:03:08.976804",
    "activityCount": 0,
    "activities": []
  },
  {
    "userPrincipalName": "l.baker@lcwmail.com",
    "fileName": "BCBS.DEIDay_12.11.23.pdf",
    "itemId": "013OF5BDVRC24KBJCGAVF2LUV4T3WXZMV2",
    "isFolder": false,
    "fileType": "application/pdf",
    "fileSizeBytes": 1133786,
    "lastModified": "2023-12-04T21:01:10Z",
    "lastModifiedBy": "Larry Baker",
    "extractedAt": "2025-04-08T22:03:09.866400",
    "activityCount": 0,
    "activities": []
  },
  {
    "userPrincipalName": "l.baker@lcwmail.com",
    "fileName": "BCI-BSC_Slidesfrom-2019.pptx",
    "itemId": "013OF5BDURGNSKYC72ZJGZZ2FS3CE5KMWM",
    "isFolder": false,
    "fileType": "application/vnd.openxmlformats-officedocument.presentationml.presentation",
    "fileSizeBytes": 2731802,
    "lastModified": "2019-08-26T21:02:52Z",
    "lastModifiedBy": "Larry Baker",
    "extractedAt": "2025-04-08T22:03:10.704871",
    "activityCount": 0,
    "activities": []
  },
  {
    "userPrincipalName": "l.baker@lcwmail.com",
    "fileName": "Bill-LBJInvoice.08.21.2020.docx",
    "itemId": "013OF5BDT7RI5VKC5DFZA2SWTTXSDOFRGL",
    "isFolder": false,
    "fileType": "application/vnd.openxmlformats-officedocument.wordprocessingml.document",
    "fileSizeBytes": 19609,
    "lastModified": "2020-08-21T18:14:58Z",
    "lastModifiedBy": "Larry Baker",
    "extractedAt": "2025-04-08T22:03:11.544614",
    "activityCount": 0,
    "activities": []
  },
  {
    "userPrincipalName": "l.baker@lcwmail.com",
    "fileName": "Bio Slide Larry Baker.updated.pptx",
    "itemId": "013OF5BDS5AS3PEZAPQZB3IQKTVZXYEGPY",
    "isFolder": false,
    "fileType": "application/vnd.openxmlformats-officedocument.presentationml.presentation",
    "fileSizeBytes": 186043,
    "lastModified": "2024-05-31T14:13:01Z",
    "lastModifiedBy": "Larry Baker",
    "extractedAt": "2025-04-08T22:03:12.337404",
    "activityCount": 0,
    "activities": []
  },
  {
    "userPrincipalName": "l.baker@lcwmail.com",
    "fileName": "Bldg_Culture_Inclusion_SDSN rev12Feb.pptx",
    "itemId": "013OF5BDT42ZJF2KINSBAYKLSF5NK3XD3E",
    "isFolder": false,
    "fileType": "application/vnd.openxmlformats-officedocument.presentationml.presentation",
    "fileSizeBytes": 33692284,
    "lastModified": "2024-03-26T11:26:47Z",
    "lastModifiedBy": "Larry Baker",
    "extractedAt": "2025-04-08T22:03:13.144868",
    "activityCount": 0,
    "activities": []
  },
  {
    "userPrincipalName": "l.baker@lcwmail.com",
    "fileName": "Brave_Conversations_LAS24.pptx",
    "itemId": "013OF5BDSKHGKFH3SIUNFIXYUPGMBR73ND",
    "isFolder": false,
    "fileType": "application/vnd.openxmlformats-officedocument.presentationml.presentation",
    "fileSizeBytes": 60500307,
    "lastModified": "2024-06-27T14:13:24Z",
    "lastModifiedBy": "Larry Baker",
    "extractedAt": "2025-04-08T22:03:14.074476",
    "activityCount": 0,
    "activities": []
  },
  {
    "userPrincipalName": "l.baker@lcwmail.com",
    "fileName": "BSC-ArdenHills-2019-75.docx",
    "itemId": "013OF5BDQQG6VQVHGEXRA2UAFAOUMA2IZN",
    "isFolder": false,
    "fileType": "application/vnd.openxmlformats-officedocument.wordprocessingml.document",
    "fileSizeBytes": 210109,
    "lastModified": "2019-08-02T16:47:38Z",
    "lastModifiedBy": "Larry Baker",
    "extractedAt": "2025-04-08T22:03:14.966106",
    "activityCount": 0,
    "activities": []
  },
  {
    "userPrincipalName": "l.baker@lcwmail.com",
    "fileName": "Building-Executive-Presence_2021_Zoom.lbj.pptx",
    "itemId": "013OF5BDVFC6LU2AYLLNGI24ZJ44D5XX4R",
    "isFolder": false,
    "fileType": "application/vnd.openxmlformats-officedocument.presentationml.presentation",
    "fileSizeBytes": 55706660,
    "lastModified": "2021-11-08T21:19:06Z",
    "lastModifiedBy": "Larry Baker",
    "extractedAt": "2025-04-08T22:03:15.830287",
    "activityCount": 0,
    "activities": []
  },
  {
    "userPrincipalName": "l.baker@lcwmail.com",
    "fileName": "Cargill-ERGInfo.docx",
    "itemId": "013OF5BDXG7TXVS7TDGRCIHCMV2STUGOWB",
    "isFolder": false,
    "fileType": "application/vnd.openxmlformats-officedocument.wordprocessingml.document",
    "fileSizeBytes": 16921,
    "lastModified": "2019-06-24T19:41:14Z",
    "lastModifiedBy": "Larry Baker",
    "extractedAt": "2025-04-08T22:03:16.721049",
    "activityCount": 0,
    "activities": []
  },
  {
    "userPrincipalName": "l.baker@lcwmail.com",
    "fileName": "Chase LB 2023 01 thru 2023 04.xlsx",
    "itemId": "013OF5BDQMVIXIT7HCOREJJNRARGZAZOPO",
    "isFolder": false,
    "fileType": "application/vnd.openxmlformats-officedocument.spreadsheetml.sheet",
    "fileSizeBytes": 17945,
    "lastModified": "2023-06-09T19:46:26Z",
    "lastModifiedBy": "Larry Baker",
    "extractedAt": "2025-04-08T22:03:17.583630",
    "activityCount": 0,
    "activities": []
  },
  {
    "userPrincipalName": "l.baker@lcwmail.com",
    "fileName": "ChicagolandChamberOfCommerce_BAKER.xlsx",
    "itemId": "013OF5BDUWQ6TWFIT2ONGZASC4X63LGMEP",
    "isFolder": false,
    "fileType": "application/vnd.openxmlformats-officedocument.spreadsheetml.sheet",
    "fileSizeBytes": 92935,
    "lastModified": "2024-04-19T20:58:38Z",
    "lastModifiedBy": "Larry Baker",
    "extractedAt": "2025-04-08T22:03:18.485002",
    "activityCount": 0,
    "activities": []
  },
  {
    "userPrincipalName": "l.baker@lcwmail.com",
    "fileName": "Copy of EXPENSE REPORT - BCBS.LARRYBAKER.xlsx",
    "itemId": "013OF5BDWSZ4PXVNCEOJELNEDTNXY6N6DI",
    "isFolder": false,
    "fileType": "application/vnd.openxmlformats-officedocument.spreadsheetml.sheet",
    "fileSizeBytes": 96363,
    "lastModified": "2024-02-05T22:55:05Z",
    "lastModifiedBy": "Larry Baker",
    "extractedAt": "2025-04-08T22:03:19.377851",
    "activityCount": 0,
    "activities": []
  },
  {
    "userPrincipalName": "l.baker@lcwmail.com",
    "fileName": "Copy of EXPENSE REPORT - LENDLEASE.LARRYBAKER.xlsx",
    "itemId": "013OF5BDQ2PM5BPYEMHJAZPMO4O4ZT4H56",
    "isFolder": false,
    "fileType": "application/vnd.openxmlformats-officedocument.spreadsheetml.sheet",
    "fileSizeBytes": 94612,
    "lastModified": "2024-02-05T22:47:31Z",
    "lastModifiedBy": "Larry Baker",
    "extractedAt": "2025-04-08T22:03:20.304305",
    "activityCount": 0,
    "activities": []
  },
  {
    "userPrincipalName": "l.baker@lcwmail.com",
    "fileName": "Copy of EXPENSE REPORT - LENDLEASE.xlsx",
    "itemId": "013OF5BDRVXPGAQOTNRRF3FZH4XL475IAM",
    "isFolder": false,
    "fileType": "application/vnd.openxmlformats-officedocument.spreadsheetml.sheet",
    "fileSizeBytes": 94452,
    "lastModified": "2024-02-05T22:24:54Z",
    "lastModifiedBy": "Larry Baker",
    "extractedAt": "2025-04-08T22:03:21.125320",
    "activityCount": 0,
    "activities": []
  },
  {
    "userPrincipalName": "l.baker@lcwmail.com",
    "fileName": "Copy of EXPENSE REPORT -RICHEMONT2024.LARRYBAKER.xlsx",
    "itemId": "013OF5BDWRJY5L5WLZ4BDZDAXL3XT7EUHM",
    "isFolder": false,
    "fileType": "application/vnd.openxmlformats-officedocument.spreadsheetml.sheet",
    "fileSizeBytes": 94074,
    "lastModified": "2024-05-03T13:53:16Z",
    "lastModifiedBy": "Larry Baker",
    "extractedAt": "2025-04-08T22:03:21.979042",
    "activityCount": 0,
    "activities": []
  },
  {
    "userPrincipalName": "l.baker@lcwmail.com",
    "fileName": "Copy of Inventory of Recent LCW Training Deliveries-MASTER.LBJ.xlsx",
    "itemId": "013OF5BDTTSDIZXHPQLBA2QOHTQRBI433I",
    "isFolder": false,
    "fileType": "application/vnd.openxmlformats-officedocument.spreadsheetml.sheet",
    "fileSizeBytes": 32108,
    "lastModified": "2021-03-10T22:43:18Z",
    "lastModifiedBy": "Larry Baker",
    "extractedAt": "2025-04-08T22:03:22.835616",
    "activityCount": 0,
    "activities": []
  },
  {
    "userPrincipalName": "l.baker@lcwmail.com",
    "fileName": "Copy of Larry RichemontExpense.7.11.2022.xlsx",
    "itemId": "013OF5BDTI4FBSOSRSDNE23RNU2MOQ7UFV",
    "isFolder": false,
    "fileType": "application/vnd.openxmlformats-officedocument.spreadsheetml.sheet",
    "fileSizeBytes": 94655,
    "lastModified": "2022-07-29T16:10:29Z",
    "lastModifiedBy": "Larry Baker",
    "extractedAt": "2025-04-08T22:03:23.718787",
    "activityCount": 0,
    "activities": []
  },
  {
    "userPrincipalName": "l.baker@lcwmail.com",
    "fileName": "DEI Update INCLUSION CHAMPIONS Cultural Competence Debrief_March 13 (002).pptx",
    "itemId": "013OF5BDWINBON4J4LVNB2W6YEISWUTFYV",
    "isFolder": false,
    "fileType": "application/vnd.openxmlformats-officedocument.presentationml.presentation",
    "fileSizeBytes": 11740924,
    "lastModified": "2024-03-13T18:07:13Z",
    "lastModifiedBy": "Larry Baker",
    "extractedAt": "2025-04-08T22:03:24.497768",
    "activityCount": 0,
    "activities": []
  },
  {
    "userPrincipalName": "l.baker@lcwmail.com",
    "fileName": "DEI Update INCLUSION CHAMPIONS Cultural Competence Debrief_March 13.pptx",
    "itemId": "013OF5BDSO6Z5ALQ5SLNGIZH7GIEKMWHMU",
    "isFolder": false,
    "fileType": "application/vnd.openxmlformats-officedocument.presentationml.presentation",
    "fileSizeBytes": 11740917,
    "lastModified": "2024-03-11T11:43:46Z",
    "lastModifiedBy": "Larry Baker",
    "extractedAt": "2025-04-08T22:03:25.385333",
    "activityCount": 0,
    "activities": []
  },
  {
    "userPrincipalName": "l.baker@lcwmail.com",
    "fileName": "Embracing Inclusion_2024.June26.pdf",
    "itemId": "013OF5BDUZ2IVR4EK2YVFJ66ATCZ3L5O6F",
    "isFolder": false,
    "fileType": "application/pdf",
    "fileSizeBytes": 1518637,
    "lastModified": "2024-06-05T22:59:43Z",
    "lastModifiedBy": "Larry Baker",
    "extractedAt": "2025-04-08T22:03:26.328561",
    "activityCount": 0,
    "activities": []
  },
  {
    "userPrincipalName": "l.baker@lcwmail.com",
    "fileName": "Embracing Inclusion_2024.lbjversion (1).pptx",
    "itemId": "013OF5BDUKA7J4PEY42VHKPGDDG7KJGX5T",
    "isFolder": false,
    "fileType": "application/vnd.openxmlformats-officedocument.presentationml.presentation",
    "fileSizeBytes": 122368299,
    "lastModified": "2024-06-05T23:00:18Z",
    "lastModifiedBy": "Larry Baker",
    "extractedAt": "2025-04-08T22:03:27.148327",
    "activityCount": 0,
    "activities": []
  },
  {
    "userPrincipalName": "l.baker@lcwmail.com",
    "fileName": "Embracing Inclusion_2024.lbjversion.pptx",
    "itemId": "013OF5BDRTEM77T34CBFDLY2OVLLSOWV33",
    "isFolder": false,
    "fileType": "application/vnd.openxmlformats-officedocument.presentationml.presentation",
    "fileSizeBytes": 108354593,
    "lastModified": "2024-06-05T14:04:22Z",
    "lastModifiedBy": "Larry Baker",
    "extractedAt": "2025-04-08T22:03:27.947851",
    "activityCount": 0,
    "activities": []
  },
  {
    "userPrincipalName": "l.baker@lcwmail.com",
    "fileName": "Embracing Inclusion_2024.pptx",
    "itemId": "013OF5BDQPONHZKSIYIBC2IYVKQYYTBQRJ",
    "isFolder": false,
    "fileType": "application/vnd.openxmlformats-officedocument.presentationml.presentation",
    "fileSizeBytes": 108350321,
    "lastModified": "2024-06-05T14:00:37Z",
    "lastModifiedBy": "Larry Baker",
    "extractedAt": "2025-04-08T22:03:28.785289",
    "activityCount": 0,
    "activities": []
  },
  {
    "userPrincipalName": "l.baker@lcwmail.com",
    "fileName": "Embracing Inclusion_BCBS Template (1).pptx",
    "itemId": "013OF5BDUA5O46CXBFHNGLPARB45ZW5DPL",
    "isFolder": false,
    "fileType": "application/vnd.openxmlformats-officedocument.presentationml.presentation",
    "fileSizeBytes": 118604910,
    "lastModified": "2025-01-27T11:32:08Z",
    "lastModifiedBy": "Larry Baker",
    "extractedAt": "2025-04-08T22:03:29.657643",
    "activityCount": 0,
    "activities": []
  },
  {
    "userPrincipalName": "l.baker@lcwmail.com",
    "fileName": "Embracing Inclusion_BCBS Template.pptx",
    "itemId": "013OF5BDSCZ23VZBY7EZE2NSRPAQQBDPPF",
    "isFolder": false,
    "fileType": "application/vnd.openxmlformats-officedocument.presentationml.presentation",
    "fileSizeBytes": 121203461,
    "lastModified": "2024-06-20T16:49:43Z",
    "lastModifiedBy": "Larry Baker",
    "extractedAt": "2025-04-08T22:03:30.605535",
    "activityCount": 0,
    "activities": []
  },
  {
    "userPrincipalName": "l.baker@lcwmail.com",
    "fileName": "EmbracingInclusion_LBJSNOTES (1).pptx",
    "itemId": "013OF5BDWLZDLUOP2FMFDJZUSIIDMQQQ6V",
    "isFolder": false,
    "fileType": "application/vnd.openxmlformats-officedocument.presentationml.presentation",
    "fileSizeBytes": 118707815,
    "lastModified": "2025-01-29T16:05:46Z",
    "lastModifiedBy": "Larry Baker",
    "extractedAt": "2025-04-08T22:03:31.587798",
    "activityCount": 0,
    "activities": []
  },
  {
    "userPrincipalName": "l.baker@lcwmail.com",
    "fileName": "EmbracingInclusion_LBJSNOTES.pptx",
    "itemId": "013OF5BDU447E5H6AYAFB23H43ZXAPQFCL",
    "isFolder": false,
    "fileType": "application/vnd.openxmlformats-officedocument.presentationml.presentation",
    "fileSizeBytes": 118658932,
    "lastModified": "2024-07-16T20:22:23Z",
    "lastModifiedBy": "Larry Baker",
    "extractedAt": "2025-04-08T22:03:32.515927",
    "activityCount": 0,
    "activities": []
  },
  {
    "userPrincipalName": "l.baker@lcwmail.com",
    "fileName": "EmbracingInclusionPowerPoint.pptx",
    "itemId": "013OF5BDSR7BWVYFBQ55C3DAUSAAMUVZSI",
    "isFolder": false,
    "fileType": "application/vnd.openxmlformats-officedocument.presentationml.presentation",
    "fileSizeBytes": 49408,
    "lastModified": "2024-05-31T19:07:29Z",
    "lastModifiedBy": "Larry Baker",
    "extractedAt": "2025-04-08T22:03:33.390361",
    "activityCount": 0,
    "activities": []
  },
  {
    "userPrincipalName": "l.baker@lcwmail.com",
    "fileName": "Entertainer_Speaker Agreement_LCW.LBJ.doc",
    "itemId": "013OF5BDVLTI4ZXAAUO5H2QML6MU2OJ5EU",
    "isFolder": false,
    "fileType": "application/msword",
    "fileSizeBytes": 144896,
    "lastModified": "2023-11-29T16:42:17Z",
    "lastModifiedBy": "Larry Baker",
    "extractedAt": "2025-04-08T22:03:34.336785",
    "activityCount": 0,
    "activities": []
  },
  {
    "userPrincipalName": "l.baker@lcwmail.com",
    "fileName": "ExpenseReport.11.13.2024.lbjexpenses.xlsx",
    "itemId": "013OF5BDX2WLVTOK6B5BEJA35NDZR7VYQW",
    "isFolder": false,
    "fileType": "application/vnd.openxmlformats-officedocument.spreadsheetml.sheet",
    "fileSizeBytes": 94302,
    "lastModified": "2024-11-21T16:55:05Z",
    "lastModifiedBy": "Larry Baker",
    "extractedAt": "2025-04-08T22:03:35.298870",
    "activityCount": 0,
    "activities": []
  },
  {
    "userPrincipalName": "l.baker@lcwmail.com",
    "fileName": "ExpenseReport.7.26.2024.lbjexpenses.xlsx",
    "itemId": "013OF5BDUUCZITUKCZT5EJO2RESNRMSIHG",
    "isFolder": false,
    "fileType": "application/vnd.openxmlformats-officedocument.spreadsheetml.sheet",
    "fileSizeBytes": 94386,
    "lastModified": "2024-11-21T15:46:15Z",
    "lastModifiedBy": "Larry Baker",
    "extractedAt": "2025-04-08T22:03:36.177384",
    "activityCount": 0,
    "activities": []
  },
  {
    "userPrincipalName": "l.baker@lcwmail.com",
    "fileName": "ExpenseReportBaker_Ultieg2024.xlsx",
    "itemId": "013OF5BDUU5DXVLF6SHJBL7VKTCAW42VYE",
    "isFolder": false,
    "fileType": "application/vnd.openxmlformats-officedocument.spreadsheetml.sheet",
    "fileSizeBytes": 94370,
    "lastModified": "2024-05-03T14:24:57Z",
    "lastModifiedBy": "Larry Baker",
    "extractedAt": "2025-04-08T22:03:37.103314",
    "activityCount": 0,
    "activities": []
  },
  {
    "userPrincipalName": "l.baker@lcwmail.com",
    "fileName": "ExpenseReport-BAKER-EliLilly-INDIANAPOLIS-20190617.xlsx",
    "itemId": "013OF5BDVXVFGMY5PPOFDZSJLSKYAMTJAA",
    "isFolder": false,
    "fileType": "application/vnd.openxmlformats-officedocument.spreadsheetml.sheet",
    "fileSizeBytes": 87883,
    "lastModified": "2019-06-20T21:23:03Z",
    "lastModifiedBy": "Larry Baker",
    "extractedAt": "2025-04-08T22:03:38.083768",
    "activityCount": 0,
    "activities": []
  },
  {
    "userPrincipalName": "l.baker@lcwmail.com",
    "fileName": "Feb 11 Webinar Attendance List.csv",
    "itemId": "013OF5BDSUDFTQP5SUD5DYHCILJ25KPI7V",
    "isFolder": false,
    "fileType": "application/vnd.ms-excel",
    "fileSizeBytes": 2635,
    "lastModified": "2025-02-12T12:01:21Z",
    "lastModifiedBy": "Larry Baker",
    "extractedAt": "2025-04-08T22:03:39.079433",
    "activityCount": 1,
    "activities": [
      {
        "activityId": "0Lc991xL3UgeT+4OAAAAAA==",
        "actionType": "create",
        "performedBy": "Larry Baker",
        "userPrincipalName": "l.baker@lcwmail.com",
        "email": "l.baker@lcwmail.com",
        "timestamp": "2025-02-12T12:01:21Z"
      }
    ]
  },
  {
    "userPrincipalName": "l.baker@lcwmail.com",
    "fileName": "Feb 2023 Live Stream Production Sheet.docx",
    "itemId": "013OF5BDVUAVLI7PGRBVD246QRCRM3YJCR",
    "isFolder": false,
    "fileType": "application/vnd.openxmlformats-officedocument.wordprocessingml.document",
    "fileSizeBytes": 84664,
    "lastModified": "2023-02-26T19:00:06Z",
    "lastModifiedBy": "Larry Baker",
    "extractedAt": "2025-04-08T22:03:40.108626",
    "activityCount": 0,
    "activities": []
  },
  {
    "userPrincipalName": "l.baker@lcwmail.com",
    "fileName": "George Floyd Rerecord (AutoRecovered).docx",
    "itemId": "013OF5BDSAJKCMOHWURVA3W4MW6ZZD7MYA",
    "isFolder": false,
    "fileType": "application/vnd.openxmlformats-officedocument.wordprocessingml.document",
    "fileSizeBytes": 20616,
    "lastModified": "2022-01-06T22:53:38Z",
    "lastModifiedBy": "Larry Baker",
    "extractedAt": "2025-04-08T22:03:41.059216",
    "activityCount": 0,
    "activities": []
  },
  {
    "userPrincipalName": "l.baker@lcwmail.com",
    "fileName": "HTHDCOR_1.5hr (AB In-Bev).pptx",
    "itemId": "013OF5BDXZJSI5SPWKJ5A24MIIUUKEOL5W",
    "isFolder": false,
    "fileType": "application/vnd.openxmlformats-officedocument.presentationml.presentation",
    "fileSizeBytes": 58795260,
    "lastModified": "2021-03-24T20:22:45Z",
    "lastModifiedBy": "Larry Baker",
    "extractedAt": "2025-04-08T22:03:41.935654",
    "activityCount": 0,
    "activities": []
  },
  {
    "userPrincipalName": "l.baker@lcwmail.com",
    "fileName": "IDI Group Debrief_MITLL_Larry_2023.V4.pptx",
    "itemId": "013OF5BDWJVNYQE27C2VFLB3I2WIUORW3V",
    "isFolder": false,
    "fileType": "application/vnd.openxmlformats-officedocument.presentationml.presentation",
    "fileSizeBytes": 22992364,
    "lastModified": "2024-01-18T15:56:41Z",
    "lastModifiedBy": "Larry Baker",
    "extractedAt": "2025-04-08T22:03:42.841590",
    "activityCount": 0,
    "activities": []
  },
  {
    "userPrincipalName": "l.baker@lcwmail.com",
    "fileName": "If the truth makes you uncomfortable.docx",
    "itemId": "013OF5BDSV5MTKAD7JXVHKE6PU7SU72OCO",
    "isFolder": false,
    "fileType": "application/vnd.openxmlformats-officedocument.wordprocessingml.document",
    "fileSizeBytes": 18900,
    "lastModified": "2022-06-29T03:33:55Z",
    "lastModifiedBy": "Larry Baker",
    "extractedAt": "2025-04-08T22:03:43.783067",
    "activityCount": 0,
    "activities": []
  },
  {
    "userPrincipalName": "l.baker@lcwmail.com",
    "fileName": "IIE.TTT.Teachback.Feedback-Form_ Athena.docx",
    "itemId": "013OF5BDSIMC4K54Y7BFAJNQ6G3CZZV4RE",
    "isFolder": false,
    "fileType": "application/vnd.openxmlformats-officedocument.wordprocessingml.document",
    "fileSizeBytes": 37810,
    "lastModified": "2023-06-14T18:06:34Z",
    "lastModifiedBy": "Larry Baker",
    "extractedAt": "2025-04-08T22:03:44.641224",
    "activityCount": 0,
    "activities": []
  },
  {
    "userPrincipalName": "l.baker@lcwmail.com",
    "fileName": "Improving CrossCultural Comm in Global Contexts_LCW_2024_AMERICAS.pptx",
    "itemId": "013OF5BDUXJ6OHNMYYKNBLJH2LGJ4UMMZK",
    "isFolder": false,
    "fileType": "application/vnd.openxmlformats-officedocument.presentationml.presentation",
    "fileSizeBytes": 47605922,
    "lastModified": "2024-10-02T12:42:52Z",
    "lastModifiedBy": "Larry Baker",
    "extractedAt": "2025-04-08T22:03:45.586955",
    "activityCount": 0,
    "activities": []
  },
  {
    "userPrincipalName": "l.baker@lcwmail.com",
    "fileName": "JuneteenthDeck.lbj.v1_KL.pptx",
    "itemId": "013OF5BDUOHPJDQ4QVSJGI6374G3OT4MRX",
    "isFolder": false,
    "fileType": "application/vnd.openxmlformats-officedocument.presentationml.presentation",
    "fileSizeBytes": 3381675,
    "lastModified": "2022-06-17T17:09:16Z",
    "lastModifiedBy": "Larry Baker",
    "extractedAt": "2025-04-08T22:03:46.506983",
    "activityCount": 0,
    "activities": []
  },
  {
    "userPrincipalName": "l.baker@lcwmail.com",
    "fileName": "Larry @ LCW",
    "itemId": "013OF5BDTMHVKGYCCBH5EIEMUDVK4UAH5G",
    "isFolder": true,
    "fileType": "folder",
    "fileSizeBytes": "N/A",
    "lastModified": "2023-04-12T13:37:18Z",
    "lastModifiedBy": "Larry Baker",
    "extractedAt": "2025-04-08T22:03:47.407021",
    "activityCount": 2,
    "activities": [
      {
        "activityId": "8DY/Hq9K3UgRRu0OAAAAAA==",
        "actionType": "share",
        "performedBy": "Larry Baker",
        "userPrincipalName": "l.baker@lcwmail.com",
        "email": "l.baker@lcwmail.com",
        "timestamp": "2025-02-11T15:16:54Z"
      },
      {
        "activityId": "oBonDK9K3Uj3Re0OAAAAAA==",
        "actionType": "move",
        "performedBy": "Larry Baker",
        "userPrincipalName": "l.baker@lcwmail.com",
        "email": "l.baker@lcwmail.com",
        "timestamp": "2025-02-11T15:16:24Z"
      }
    ]
  },
  {
    "userPrincipalName": "l.baker@lcwmail.com",
    "fileName": "LARRY EXPENSES.J&J.SOW2023151.xlsx",
    "itemId": "013OF5BDSYFUACSCCOVJG2A7TQOCHQW22I",
    "isFolder": false,
    "fileType": "application/vnd.openxmlformats-officedocument.spreadsheetml.sheet",
    "fileSizeBytes": 18826,
    "lastModified": "2023-09-19T12:32:44Z",
    "lastModifiedBy": "Larry Baker",
    "extractedAt": "2025-04-08T22:03:48.293486",
    "activityCount": 0,
    "activities": []
  },
  {
    "userPrincipalName": "l.baker@lcwmail.com",
    "fileName": "Larry PA Ulteig Summit 4.25.signed.docx",
    "itemId": "013OF5BDSDWHHWXAGVXND2MCJ2FIPRBYJG",
    "isFolder": false,
    "fileType": "application/vnd.openxmlformats-officedocument.wordprocessingml.document",
    "fileSizeBytes": 995844,
    "lastModified": "2025-03-06T22:03:43Z",
    "lastModifiedBy": "Larry Baker",
    "extractedAt": "2025-04-08T22:03:49.257859",
    "activityCount": 1,
    "activities": [
      {
        "activityId": "UBvzwvpc3Ug4ag8PAAAAAA==",
        "actionType": "create",
        "performedBy": "Larry Baker",
        "userPrincipalName": "l.baker@lcwmail.com",
        "email": "l.baker@lcwmail.com",
        "timestamp": "2025-03-06T22:03:43Z"
      }
    ]
  },
  {
    "userPrincipalName": "l.baker@lcwmail.com",
    "fileName": "Larry Show Notes_Race Based Conversations Around the World.docx",
    "itemId": "013OF5BDQJKVPPZND3YVDZ623QEWII6VTX",
    "isFolder": false,
    "fileType": "application/vnd.openxmlformats-officedocument.wordprocessingml.document",
    "fileSizeBytes": 25952,
    "lastModified": "2022-05-26T00:02:30Z",
    "lastModifiedBy": "Larry Baker",
    "extractedAt": "2025-04-08T22:03:50.121597",
    "activityCount": 0,
    "activities": []
  },
  {
    "userPrincipalName": "l.baker@lcwmail.com",
    "fileName": "LARRYBAKER_EXPENSEREPORT_BCBS.HSCS.12.11.2023.xlsx",
    "itemId": "013OF5BDX4MC4FEEQKZ5GZG2UJDRDCT3HN",
    "isFolder": false,
    "fileType": "application/vnd.openxmlformats-officedocument.spreadsheetml.sheet",
    "fileSizeBytes": 93803,
    "lastModified": "2024-01-26T21:30:03Z",
    "lastModifiedBy": "Larry Baker",
    "extractedAt": "2025-04-08T22:03:51.065283",
    "activityCount": 0,
    "activities": []
  },
  {
    "userPrincipalName": "l.baker@lcwmail.com",
    "fileName": "LARRYBAKER_EXPENSEREPORT_LENDLEASE.11.02.2023.xlsx",
    "itemId": "013OF5BDWAIC46UBJKDJC276KLOGVPUX2N",
    "isFolder": false,
    "fileType": "application/vnd.openxmlformats-officedocument.spreadsheetml.sheet",
    "fileSizeBytes": 91727,
    "lastModified": "2024-02-05T22:07:08Z",
    "lastModifiedBy": "Larry Baker",
    "extractedAt": "2025-04-08T22:03:51.906854",
    "activityCount": 0,
    "activities": []
  },
  {
    "userPrincipalName": "l.baker@lcwmail.com",
    "fileName": "LARRYBAKER_EXPENSEREPORT_RICHEMONT.012024.xlsx",
    "itemId": "013OF5BDQ4QHGTNKMCDBA34FRF3J2JEGMB",
    "isFolder": false,
    "fileType": "application/vnd.openxmlformats-officedocument.spreadsheetml.sheet",
    "fileSizeBytes": 92619,
    "lastModified": "2024-02-05T23:43:18Z",
    "lastModifiedBy": "Larry Baker",
    "extractedAt": "2025-04-08T22:03:52.899694",
    "activityCount": 0,
    "activities": []
  },
  {
    "userPrincipalName": "l.baker@lcwmail.com",
    "fileName": "LB 2023-Update.xls",
    "itemId": "013OF5BDQROABQAW3NIBHZIAMCW2IA32I3",
    "isFolder": false,
    "fileType": "application/vnd.ms-excel",
    "fileSizeBytes": 43520,
    "lastModified": "2024-03-29T13:30:21Z",
    "lastModifiedBy": "Larry Baker",
    "extractedAt": "2025-04-08T22:03:53.851598",
    "activityCount": 0,
    "activities": []
  },
  {
    "userPrincipalName": "l.baker@lcwmail.com",
    "fileName": "LB April 2024.lbjversion.csv",
    "itemId": "013OF5BDQG5TG3V3EAQZAKNUWCTTFDF4O2",
    "isFolder": false,
    "fileType": "application/vnd.ms-excel",
    "fileSizeBytes": 736,
    "lastModified": "2024-04-19T20:35:27Z",
    "lastModifiedBy": "Larry Baker",
    "extractedAt": "2025-04-08T22:03:54.652936",
    "activityCount": 0,
    "activities": []
  },
  {
    "userPrincipalName": "l.baker@lcwmail.com",
    "fileName": "lbj.2.0Version-Ultieg.pptx",
    "itemId": "013OF5BDWSYGKATEAYAJCYQ7JHDJTLGPNX",
    "isFolder": false,
    "fileType": "application/vnd.openxmlformats-officedocument.presentationml.presentation",
    "fileSizeBytes": 9079585,
    "lastModified": "2024-05-09T16:30:10Z",
    "lastModifiedBy": "Larry Baker",
    "extractedAt": "2025-04-08T22:03:55.442772",
    "activityCount": 0,
    "activities": []
  },
  {
    "userPrincipalName": "l.baker@lcwmail.com",
    "fileName": "LBJs_SMART_goal22.xlsx",
    "itemId": "013OF5BDSOFHGRD6NFZBFKXT364E4HGHTD",
    "isFolder": false,
    "fileType": "application/vnd.openxmlformats-officedocument.spreadsheetml.sheet",
    "fileSizeBytes": 105798,
    "lastModified": "2022-03-04T19:14:15Z",
    "lastModifiedBy": "Larry Baker",
    "extractedAt": "2025-04-08T22:03:56.252480",
    "activityCount": 0,
    "activities": []
  },
  {
    "userPrincipalName": "l.baker@lcwmail.com",
    "fileName": "LBJUpdated_agenda_UTBE.xlsx",
    "itemId": "013OF5BDTEVPLMUKE34FAKDVUZBDRIIMGY",
    "isFolder": false,
    "fileType": "application/vnd.openxmlformats-officedocument.spreadsheetml.sheet",
    "fileSizeBytes": 34974,
    "lastModified": "2022-05-09T12:28:13Z",
    "lastModifiedBy": "Larry Baker",
    "extractedAt": "2025-04-08T22:03:57.092223",
    "activityCount": 0,
    "activities": []
  },
  {
    "userPrincipalName": "l.baker@lcwmail.com",
    "fileName": "LCW ObservationForm23 (AutoRecovered).docx",
    "itemId": "013OF5BDTDJSBINJOEBRFYKA3KQPGMWG2K",
    "isFolder": false,
    "fileType": "application/vnd.openxmlformats-officedocument.wordprocessingml.document",
    "fileSizeBytes": 38644,
    "lastModified": "2023-11-22T18:07:40Z",
    "lastModifiedBy": "Larry Baker",
    "extractedAt": "2025-04-08T22:03:57.928822",
    "activityCount": 0,
    "activities": []
  },
  {
    "userPrincipalName": "l.baker@lcwmail.com",
    "fileName": "LCWInvoice.03.06.2025-SpencerStuart.docx",
    "itemId": "013OF5BDVWYXXMHSETLVD3O3QZQL3KB6AV",
    "isFolder": false,
    "fileType": "application/vnd.openxmlformats-officedocument.wordprocessingml.document",
    "fileSizeBytes": 42645,
    "lastModified": "2025-03-06T21:45:53Z",
    "lastModifiedBy": "Larry Baker",
    "extractedAt": "2025-04-08T22:03:58.733090",
    "activityCount": 2,
    "activities": [
      {
        "activityId": "QNkGRfhc3UiUZg8PAAAAAA==",
        "actionType": "edit",
        "performedBy": "Larry Baker",
        "userPrincipalName": "l.baker@lcwmail.com",
        "email": "l.baker@lcwmail.com",
        "timestamp": "2025-03-06T21:45:53Z"
      },
      {
        "activityId": "kEalNPhc3UhzZg8PAAAAAA==",
        "actionType": "create",
        "performedBy": "Larry Baker",
        "userPrincipalName": "l.baker@lcwmail.com",
        "email": "l.baker@lcwmail.com",
        "timestamp": "2025-03-06T21:45:26Z"
      }
    ]
  },
  {
    "userPrincipalName": "l.baker@lcwmail.com",
    "fileName": "Leading Incluslively-Solo facilitator.LBJVersionUpdate.pptx",
    "itemId": "013OF5BDSXDUUMPKAFTVB3RFDD6A36GAYG",
    "isFolder": false,
    "fileType": "application/vnd.openxmlformats-officedocument.presentationml.presentation",
    "fileSizeBytes": 725429156,
    "lastModified": "2024-10-15T13:54:12Z",
    "lastModifiedBy": "Larry Baker",
    "extractedAt": "2025-04-08T22:03:59.557044",
    "activityCount": 0,
    "activities": []
  },
  {
    "userPrincipalName": "l.baker@lcwmail.com",
    "fileName": "LillyProposal-LBJdraft.docx",
    "itemId": "013OF5BDW52O5QEWU74BH35ICXFUF3WIB7",
    "isFolder": false,
    "fileType": "application/vnd.openxmlformats-officedocument.wordprocessingml.document",
    "fileSizeBytes": 17060,
    "lastModified": "2019-04-11T14:51:39Z",
    "lastModifiedBy": "Larry Baker",
    "extractedAt": "2025-04-08T22:04:00.428610",
    "activityCount": 0,
    "activities": []
  },
  {
    "userPrincipalName": "l.baker@lcwmail.com",
    "fileName": "Michelle and Stephen.docx",
    "itemId": "013OF5BDTVNT22EDUW7ZD3PQ43WN2EJ6EE",
    "isFolder": false,
    "fileType": "application/vnd.openxmlformats-officedocument.wordprocessingml.document",
    "fileSizeBytes": 21766,
    "lastModified": "2020-02-12T22:06:15Z",
    "lastModifiedBy": "Larry Baker",
    "extractedAt": "2025-04-08T22:04:01.259452",
    "activityCount": 0,
    "activities": []
  },
  {
    "userPrincipalName": "l.baker@lcwmail.com",
    "fileName": "Poverty exists not because we cannot feed or care for the poor.docx",
    "itemId": "013OF5BDVZ325MDUUXSZF26KPL6SUJR2NP",
    "isFolder": false,
    "fileType": "application/vnd.openxmlformats-officedocument.wordprocessingml.document",
    "fileSizeBytes": 18682,
    "lastModified": "2020-08-03T19:55:56Z",
    "lastModifiedBy": "Larry Baker",
    "extractedAt": "2025-04-08T22:04:02.692290",
    "activityCount": 0,
    "activities": []
  },
  {
    "userPrincipalName": "l.baker@lcwmail.com",
    "fileName": "Proposal.docx",
    "itemId": "013OF5BDQ3BTOO3FQHPFDYP4BJFYASGJLY",
    "isFolder": false,
    "fileType": "application/vnd.openxmlformats-officedocument.wordprocessingml.document",
    "fileSizeBytes": 19756,
    "lastModified": "2023-03-01T16:10:28Z",
    "lastModifiedBy": "Larry Baker",
    "extractedAt": "2025-04-08T22:04:03.553359",
    "activityCount": 0,
    "activities": []
  },
  {
    "userPrincipalName": "l.baker@lcwmail.com",
    "fileName": "Race Matters_April 2021_Prudential_Revisions.pptx",
    "itemId": "013OF5BDSJ234XC3QNR5HK2XQPKRFYGODP",
    "isFolder": false,
    "fileType": "application/vnd.openxmlformats-officedocument.presentationml.presentation",
    "fileSizeBytes": 89720264,
    "lastModified": "2021-11-16T17:24:46Z",
    "lastModifiedBy": "Larry Baker",
    "extractedAt": "2025-04-08T22:04:04.456713",
    "activityCount": 0,
    "activities": []
  },
  {
    "userPrincipalName": "l.baker@lcwmail.com",
    "fileName": "RichemontExpenseReport_LBJ.xlsx",
    "itemId": "013OF5BDT3AK6OILM4OJHKJ5KTWODLFNEO",
    "isFolder": false,
    "fileType": "application/vnd.openxmlformats-officedocument.spreadsheetml.sheet",
    "fileSizeBytes": 94233,
    "lastModified": "2022-03-21T13:22:51Z",
    "lastModifiedBy": "Larry Baker",
    "extractedAt": "2025-04-08T22:04:05.298202",
    "activityCount": 0,
    "activities": []
  },
  {
    "userPrincipalName": "l.baker@lcwmail.com",
    "fileName": "Slide for Larry.pptx",
    "itemId": "013OF5BDWUDRU2IK4HTVBZYYATID3EWKQO",
    "isFolder": false,
    "fileType": "application/vnd.openxmlformats-officedocument.presentationml.presentation",
    "fileSizeBytes": 606253,
    "lastModified": "2024-03-19T15:34:44Z",
    "lastModifiedBy": "Larry Baker",
    "extractedAt": "2025-04-08T22:04:06.232466",
    "activityCount": 0,
    "activities": []
  },
  {
    "userPrincipalName": "l.baker@lcwmail.com",
    "fileName": "Slides-CCC.pdf",
    "itemId": "013OF5BDXD5RVMYY4SORDLEX5XMRHKJIN2",
    "isFolder": false,
    "fileType": "application/pdf",
    "fileSizeBytes": 154850,
    "lastModified": "2024-03-26T20:56:34Z",
    "lastModifiedBy": "Larry Baker",
    "extractedAt": "2025-04-08T22:04:07.089040",
    "activityCount": 0,
    "activities": []
  },
  {
    "userPrincipalName": "l.baker@lcwmail.com",
    "fileName": "SOW 2019-72 Unilever - Managing Inclusively19.docx",
    "itemId": "013OF5BDXQXYNLB4GFJ5CJRAHFRR5GVRXM",
    "isFolder": false,
    "fileType": "application/vnd.openxmlformats-officedocument.wordprocessingml.document",
    "fileSizeBytes": 33468,
    "lastModified": "2019-08-02T17:19:23Z",
    "lastModifiedBy": "Larry Baker",
    "extractedAt": "2025-04-08T22:04:07.961872",
    "activityCount": 0,
    "activities": []
  },
  {
    "userPrincipalName": "l.baker@lcwmail.com",
    "fileName": "SPOTLIGHT on Black Community Lendlease24.pptx",
    "itemId": "013OF5BDSJ64CUOJ6S7RGIBRWVBQMO76HM",
    "isFolder": false,
    "fileType": "application/vnd.openxmlformats-officedocument.presentationml.presentation",
    "fileSizeBytes": 191368548,
    "lastModified": "2024-04-11T17:55:57Z",
    "lastModifiedBy": "Larry Baker",
    "extractedAt": "2025-04-08T22:04:08.813711",
    "activityCount": 0,
    "activities": []
  },
  {
    "userPrincipalName": "l.baker@lcwmail.com",
    "fileName": "Spotlight on the Jewish Community_2024_DRAFT.v2.pptx",
    "itemId": "013OF5BDUQENMIVW65ERDJAKS5GIKQE5BH",
    "isFolder": false,
    "fileType": "application/vnd.openxmlformats-officedocument.presentationml.presentation",
    "fileSizeBytes": 82017053,
    "lastModified": "2024-04-12T13:46:08Z",
    "lastModifiedBy": "Larry Baker",
    "extractedAt": "2025-04-08T22:04:09.724078",
    "activityCount": 0,
    "activities": []
  },
  {
    "userPrincipalName": "l.baker@lcwmail.com",
    "fileName": "Team Website Feedback Tracker.lbj.xlsx",
    "itemId": "013OF5BDSWR3A2R6FE4ZH3L5L5WQ3D64M4",
    "isFolder": false,
    "fileType": "application/vnd.openxmlformats-officedocument.spreadsheetml.sheet",
    "fileSizeBytes": 29868,
    "lastModified": "2023-06-20T15:17:23Z",
    "lastModifiedBy": "Larry Baker",
    "extractedAt": "2025-04-08T22:04:11.230520",
    "activityCount": 0,
    "activities": []
  },
  {
    "userPrincipalName": "l.baker@lcwmail.com",
    "fileName": "Team Website Feedback Tracker.xlsx",
    "itemId": "013OF5BDSK43WSD2OEKJAI4EASBTYWHKJX",
    "isFolder": false,
    "fileType": "application/vnd.openxmlformats-officedocument.spreadsheetml.sheet",
    "fileSizeBytes": 29882,
    "lastModified": "2023-06-20T15:16:41Z",
    "lastModifiedBy": "Larry Baker",
    "extractedAt": "2025-04-08T22:04:12.079211",
    "activityCount": 0,
    "activities": []
  },
  {
    "userPrincipalName": "l.baker@lcwmail.com",
    "fileName": "TPS context.docx",
    "itemId": "013OF5BDWOYV3DMWTNHVCLQU7YFIZLQ7FV",
    "isFolder": false,
    "fileType": "application/vnd.openxmlformats-officedocument.wordprocessingml.document",
    "fileSizeBytes": 19231,
    "lastModified": "2022-02-18T15:06:12Z",
    "lastModifiedBy": "Larry Baker",
    "extractedAt": "2025-04-08T22:04:12.923003",
    "activityCount": 0,
    "activities": []
  },
  {
    "userPrincipalName": "l.baker@lcwmail.com",
    "fileName": "Ulteig Leadership Session LCI 4.24.LBJVersion.pptx",
    "itemId": "013OF5BDXT23QKPP3XONGYYNCWCQQDFQD3",
    "isFolder": false,
    "fileType": "application/vnd.openxmlformats-officedocument.presentationml.presentation",
    "fileSizeBytes": 9080421,
    "lastModified": "2024-04-26T18:16:06Z",
    "lastModifiedBy": "Larry Baker",
    "extractedAt": "2025-04-08T22:04:13.744661",
    "activityCount": 0,
    "activities": []
  },
  {
    "userPrincipalName": "l.baker@lcwmail.com",
    "fileName": "UltiegDoc.docx",
    "itemId": "013OF5BDVJCSE44M4HCFBLWH7PXOGHUEN5",
    "isFolder": false,
    "fileType": "application/vnd.openxmlformats-officedocument.wordprocessingml.document",
    "fileSizeBytes": 27352,
    "lastModified": "2024-12-19T20:14:05Z",
    "lastModifiedBy": "Larry Baker",
    "extractedAt": "2025-04-08T22:04:15.157430",
    "activityCount": 0,
    "activities": []
  },
  {
    "userPrincipalName": "l.baker@lcwmail.com",
    "fileName": "UnconsciousBias_GroupM_PPT_VIRTUAL_July2020_Uploadv3.pdf",
    "itemId": "013OF5BDRDIOKWUDRZYVA3EPGYBT6WCGHW",
    "isFolder": false,
    "fileType": "application/pdf",
    "fileSizeBytes": 3317660,
    "lastModified": "2020-07-13T23:57:24Z",
    "lastModifiedBy": "Larry Baker",
    "extractedAt": "2025-04-08T22:04:15.973668",
    "activityCount": 0,
    "activities": []
  },
  {
    "userPrincipalName": "l.baker@lcwmail.com",
    "fileName": "Understanding Juneteenth and its Legacy_2024 [Autosaved].pptx",
    "itemId": "013OF5BDS3DBJEHFRLUFCLYBGDPJF2SFF3",
    "isFolder": false,
    "fileType": "application/vnd.openxmlformats-officedocument.presentationml.presentation",
    "fileSizeBytes": 4537132,
    "lastModified": "2024-06-13T21:39:43Z",
    "lastModifiedBy": "Larry Baker",
    "extractedAt": "2025-04-08T22:04:16.905772",
    "activityCount": 0,
    "activities": []
  },
  {
    "userPrincipalName": "l.baker@lcwmail.com",
    "fileName": "Updated BHM background_2023.png",
    "itemId": "013OF5BDSVEZ2MIFNKT5BLP4S4JHFCPZOG",
    "isFolder": false,
    "fileType": "image/png",
    "fileSizeBytes": 687685,
    "lastModified": "2023-02-15T17:47:41Z",
    "lastModifiedBy": "Larry Baker",
    "extractedAt": "2025-04-08T22:04:17.781883",
    "activityCount": 0,
    "activities": []
  },
  {
    "userPrincipalName": "l.baker@lcwmail.com",
    "fileName": "UpdatedTalkingPoints.lbj.docx",
    "itemId": "013OF5BDS4ORN5BFC2ORAJQZAFE7NYIAEJ",
    "isFolder": false,
    "fileType": "application/vnd.openxmlformats-officedocument.wordprocessingml.document",
    "fileSizeBytes": 24109,
    "lastModified": "2024-07-09T19:54:20Z",
    "lastModifiedBy": "Larry Baker",
    "extractedAt": "2025-04-08T22:04:18.564419",
    "activityCount": 0,
    "activities": []
  },
  {
    "userPrincipalName": "l.baker@lcwmail.com",
    "fileName": "UpskillingAllyVoice_UTBE_v2 (2).pptx",
    "itemId": "013OF5BDWI7JI2HMF4O5C3XMJP5WXM5PXT",
    "isFolder": false,
    "fileType": "application/vnd.openxmlformats-officedocument.presentationml.presentation",
    "fileSizeBytes": 3976530,
    "lastModified": "2022-08-19T13:35:21Z",
    "lastModifiedBy": "Larry Baker",
    "extractedAt": "2025-04-08T22:04:19.362838",
    "activityCount": 0,
    "activities": []
  },
  {
    "userPrincipalName": "l.baker@lcwmail.com",
    "fileName": "ustin Puehler.docx",
    "itemId": "013OF5BDXM7LBZXTAALVBLBCQSAG6KO55O",
    "isFolder": false,
    "fileType": "application/vnd.openxmlformats-officedocument.wordprocessingml.document",
    "fileSizeBytes": 20329,
    "lastModified": "2020-07-27T13:47:12Z",
    "lastModifiedBy": "Larry Baker",
    "extractedAt": "2025-04-08T22:04:20.152670",
    "activityCount": 0,
    "activities": []
  },
  {
    "userPrincipalName": "l.baker@lcwmail.com",
    "fileName": "UTBE 4hrs LendLease.lbj.pptx",
    "itemId": "013OF5BDWQTRJJFC5IPJGJ6KRYITPUOFQ5",
    "isFolder": false,
    "fileType": "application/vnd.openxmlformats-officedocument.presentationml.presentation",
    "fileSizeBytes": 350059100,
    "lastModified": "2024-04-17T16:48:42Z",
    "lastModifiedBy": "Larry Baker",
    "extractedAt": "2025-04-08T22:04:20.944125",
    "activityCount": 0,
    "activities": []
  },
  {
    "userPrincipalName": "l.baker@lcwmail.com",
    "fileName": "UTBE_AdditionalSlides2022.pptx",
    "itemId": "013OF5BDUR2XHUCNCO5ZHY6RXZ34P7GNRB",
    "isFolder": false,
    "fileType": "application/vnd.openxmlformats-officedocument.presentationml.presentation",
    "fileSizeBytes": 2554960,
    "lastModified": "2022-01-11T14:23:06Z",
    "lastModifiedBy": "Larry Baker",
    "extractedAt": "2025-04-08T22:04:21.767573",
    "activityCount": 0,
    "activities": []
  },
  {
    "userPrincipalName": "l.baker@lcwmail.com",
    "fileName": "V2_May 2022 Live Stream Production Sheet.docx",
    "itemId": "013OF5BDR2UQEJXOFI25HZR7LNJVH3IL3D",
    "isFolder": false,
    "fileType": "application/vnd.openxmlformats-officedocument.wordprocessingml.document",
    "fileSizeBytes": 26398,
    "lastModified": "2022-06-04T03:58:22Z",
    "lastModifiedBy": "Larry Baker",
    "extractedAt": "2025-04-08T22:04:22.619863",
    "activityCount": 0,
    "activities": []
  },
  {
    "userPrincipalName": "l.baker@lcwmail.com",
    "fileName": "VOYA_MBTA_LCW_January 19 2024_FINAL.updated.pdf",
    "itemId": "013OF5BDRIXFBASFFAJZE27VFNSGCT27UB",
    "isFolder": false,
    "fileType": "application/pdf",
    "fileSizeBytes": 4343847,
    "lastModified": "2024-04-14T17:47:18Z",
    "lastModifiedBy": "Larry Baker",
    "extractedAt": "2025-04-08T22:04:23.387678",
    "activityCount": 0,
    "activities": []
  },
  {
    "userPrincipalName": "l.baker@lcwmail.com",
    "fileName": "Weekly Status Reports LARRY (1).xlsx",
    "itemId": "013OF5BDTF2DD775SCT5CYNE77PY3QEEVQ",
    "isFolder": false,
    "fileType": "application/vnd.openxmlformats-officedocument.spreadsheetml.sheet",
    "fileSizeBytes": 57550,
    "lastModified": "2018-12-20T21:57:59Z",
    "lastModifiedBy": "Larry Baker",
    "extractedAt": "2025-04-08T22:04:24.137791",
    "activityCount": 0,
    "activities": []
  },
  {
    "userPrincipalName": "l.baker@lcwmail.com",
    "fileName": "Weekly Status Reports LARRY.xlsx",
    "itemId": "013OF5BDU75RATS6CKSNB27FTQFQAACKTX",
    "isFolder": false,
    "fileType": "application/vnd.openxmlformats-officedocument.spreadsheetml.sheet",
    "fileSizeBytes": 44730,
    "lastModified": "2018-12-03T21:57:10Z",
    "lastModifiedBy": "Larry Baker",
    "extractedAt": "2025-04-08T22:04:24.886456",
    "activityCount": 0,
    "activities": []
  },
  {
    "userPrincipalName": "l.baker@lcwmail.com",
    "fileName": "WendySimmonsCTARequest.pdf",
    "itemId": "013OF5BDTVJ4FCWWER5JAKTOQVN6MSF5MZ",
    "isFolder": false,
    "fileType": "application/pdf",
    "fileSizeBytes": 23323,
    "lastModified": "2024-05-03T20:14:12Z",
    "lastModifiedBy": "Larry Baker",
    "extractedAt": "2025-04-08T22:04:25.729457",
    "activityCount": 0,
    "activities": []
  }
]