[
  {
    "userPrincipalName": "clientserviceadmin@lcwmail.com",
    "fileName": "Apps",
    "itemId": "01PVIYFKA7QUYCXGIVGNDKA42HQUXQZPOG",
    "isFolder": true,
    "fileType": "folder",
    "fileSizeBytes": "N/A",
    "lastModified": "2023-11-22T19:19:17Z",
    "lastModifiedBy": "clientserviceadmin",
    "extractedAt": "2025-04-08T22:04:37.998352",
    "activityCount": 0,
    "activities": []
  },
  {
    "userPrincipalName": "clientserviceadmin@lcwmail.com",
    "fileName": "Attachments",
    "itemId": "01PVIYFKGLVEGIPVYHENCJFPFS6AYP5HKQ",
    "isFolder": true,
    "fileType": "folder",
    "fileSizeBytes": "N/A",
    "lastModified": "2023-04-12T19:59:35Z",
    "lastModifiedBy": "clientserviceadmin",
    "extractedAt": "2025-04-08T22:04:38.810860",
    "activityCount": 0,
    "activities": []
  },
  {
    "userPrincipalName": "clientserviceadmin@lcwmail.com",
    "fileName": "Meetings",
    "itemId": "01PVIYFKDMT6CWCTR2NNBYM5G4HC2JGQHM",
    "isFolder": true,
    "fileType": "folder",
    "fileSizeBytes": "N/A",
    "lastModified": "2023-07-26T18:03:41Z",
    "lastModifiedBy": "clientserviceadmin",
    "extractedAt": "2025-04-08T22:04:39.673463",
    "activityCount": 0,
    "activities": []
  },
  {
    "userPrincipalName": "clientserviceadmin@lcwmail.com",
    "fileName": "Microsoft Teams Chat Files",
    "itemId": "01PVIYFKHFMBM4O2526RHKDQ7BO2HRB5QW",
    "isFolder": true,
    "fileType": "folder",
    "fileSizeBytes": "N/A",
    "lastModified": "2021-05-18T19:19:25Z",
    "lastModifiedBy": "clientserviceadmin",
    "extractedAt": "2025-04-08T22:04:40.503322",
    "activityCount": 0,
    "activities": []
  },
  {
    "userPrincipalName": "clientserviceadmin@lcwmail.com",
    "fileName": "Microsoft Teams Data",
    "itemId": "01PVIYFKBOAFPPM4HSOBDL3RYWRISD2QBL",
    "isFolder": true,
    "fileType": "folder",
    "fileSizeBytes": "N/A",
    "lastModified": "2024-01-26T16:17:13Z",
    "lastModifiedBy": "clientserviceadmin",
    "extractedAt": "2025-04-08T22:04:41.381139",
    "activityCount": 0,
    "activities": []
  },
  {
    "userPrincipalName": "clientserviceadmin@lcwmail.com",
    "fileName": "Recordings",
    "itemId": "01PVIYFKH7FTYLNIHFRZEYMGIFUENAFY2N",
    "isFolder": true,
    "fileType": "folder",
    "fileSizeBytes": "N/A",
    "lastModified": "2021-08-25T21:01:25Z",
    "lastModifiedBy": "clientserviceadmin",
    "extractedAt": "2025-04-08T22:04:42.207062",
    "activityCount": 1,
    "activities": [
      {
        "activityId": "8HfC4Feo3Ej9SOINAAAAAA==",
        "actionType": "delete",
        "performedBy": "clientserviceadmin",
        "userPrincipalName": "clientserviceadmin@lcwmail.com",
        "email": "clientserviceadmin@lcwmail.com",
        "timestamp": "2024-07-20T01:04:16Z"
      }
    ]
  },
  {
    "userPrincipalName": "clientserviceadmin@lcwmail.com",
    "fileName": "Briza @ LCW",
    "itemId": "01PVIYFKEK2VWWEP6Q4FALBHW4DNH6IWDK",
    "isFolder": true,
    "fileType": "folder",
    "fileSizeBytes": "N/A",
    "lastModified": "2021-01-29T20:43:54Z",
    "lastModifiedBy": "clientserviceadmin",
    "extractedAt": "2025-04-08T22:04:42.977576",
    "activityCount": 0,
    "activities": []
  },
  {
    "userPrincipalName": "clientserviceadmin@lcwmail.com",
    "fileName": "CFCU_ Inclusive Leadership_ Managing Biases for Leaders.xlsx",
    "itemId": "01PVIYFKA46NYKAGZGOBG2XAVNZDZJF2GT",
    "isFolder": false,
    "fileType": "application/vnd.openxmlformats-officedocument.spreadsheetml.sheet",
    "fileSizeBytes": 12491,
    "lastModified": "2024-05-16T19:08:29Z",
    "lastModifiedBy": "clientserviceadmin",
    "extractedAt": "2025-04-08T22:04:43.747334",
    "activityCount": 0,
    "activities": []
  },
  {
    "userPrincipalName": "clientserviceadmin@lcwmail.com",
    "fileName": "Doc1.docx",
    "itemId": "01PVIYFKGYQCNE34MUGRAIWC64Z5ZVHIEX",
    "isFolder": false,
    "fileType": "application/vnd.openxmlformats-officedocument.wordprocessingml.document",
    "fileSizeBytes": 18376,
    "lastModified": "2021-05-06T18:29:29Z",
    "lastModifiedBy": "clientserviceadmin",
    "extractedAt": "2025-04-08T22:04:44.506614",
    "activityCount": 0,
    "activities": []
  },
  {
    "userPrincipalName": "clientserviceadmin@lcwmail.com",
    "fileName": "Email Responses.docx",
    "itemId": "01PVIYFKDCK3YQC5DVKBEL6OXN6C4EUCCE",
    "isFolder": false,
    "fileType": "application/vnd.openxmlformats-officedocument.wordprocessingml.document",
    "fileSizeBytes": 18636,
    "lastModified": "2021-01-28T15:57:36Z",
    "lastModifiedBy": "clientserviceadmin",
    "extractedAt": "2025-04-08T22:04:45.247180",
    "activityCount": 0,
    "activities": []
  },
  {
    "userPrincipalName": "clientserviceadmin@lcwmail.com",
    "fileName": "June 7 Virtual Attendee Itinerary.docx",
    "itemId": "01PVIYFKC5Z7GYVTEZYNDLHNGPK3EBCAO7",
    "isFolder": false,
    "fileType": "application/vnd.openxmlformats-officedocument.wordprocessingml.document",
    "fileSizeBytes": 78685,
    "lastModified": "2022-05-26T02:53:38Z",
    "lastModifiedBy": "clientserviceadmin",
    "extractedAt": "2025-04-08T22:04:46.106921",
    "activityCount": 0,
    "activities": []
  },
  {
    "userPrincipalName": "clientserviceadmin@lcwmail.com",
    "fileName": "LCW Sponsored Conference.docx",
    "itemId": "01PVIYFKDBPVL7O34LERAJASECQZCLH6X2",
    "isFolder": false,
    "fileType": "application/vnd.openxmlformats-officedocument.wordprocessingml.document",
    "fileSizeBytes": 16808,
    "lastModified": "2023-04-04T19:11:49Z",
    "lastModifiedBy": "clientserviceadmin",
    "extractedAt": "2025-04-08T22:04:46.870839",
    "activityCount": 0,
    "activities": []
  },
  {
    "userPrincipalName": "clientserviceadmin@lcwmail.com",
    "fileName": "MONICA 2021.xlsx",
    "itemId": "01PVIYFKFWPHCZL7HSPBF3VKIHDMOFPPLM",
    "isFolder": false,
    "fileType": "application/vnd.openxmlformats-officedocument.spreadsheetml.sheet",
    "fileSizeBytes": 17418,
    "lastModified": "2021-10-12T17:32:17Z",
    "lastModifiedBy": "clientserviceadmin",
    "extractedAt": "2025-04-08T22:04:47.699307",
    "activityCount": 0,
    "activities": []
  },
  {
    "userPrincipalName": "clientserviceadmin@lcwmail.com",
    "fileName": "Spotlight on the Black Community.xlsx",
    "itemId": "01PVIYFKDXMHCDQ4C5WZAK743DYWRDN6UZ",
    "isFolder": false,
    "fileType": "application/vnd.openxmlformats-officedocument.spreadsheetml.sheet",
    "fileSizeBytes": 14006,
    "lastModified": "2024-02-28T19:42:24Z",
    "lastModifiedBy": "clientserviceadmin",
    "extractedAt": "2025-04-08T22:04:48.453028",
    "activityCount": 0,
    "activities": []
  },
  {
    "userPrincipalName": "clientserviceadmin@lcwmail.com",
    "fileName": "Welcome to LCW_2022_ACCTG.pptx",
    "itemId": "01PVIYFKD6KVTRBS6UMRH3UWQ6I77LDWPO",
    "isFolder": false,
    "fileType": "application/vnd.openxmlformats-officedocument.presentationml.presentation",
    "fileSizeBytes": 3700122,
    "lastModified": "2022-11-21T23:10:49Z",
    "lastModifiedBy": "clientserviceadmin",
    "extractedAt": "2025-04-08T22:04:49.255731",
    "activityCount": 0,
    "activities": []
  }
]