[
  {
    "userPrincipalName": "r.stieghorst@lcwmail.com",
    "fileName": "Apps",
    "itemId": "01AR6PCZQVKG5BHOT7ANA3QBIMPXQ26LIL",
    "isFolder": true,
    "fileType": "folder",
    "fileSizeBytes": "N/A",
    "lastModified": "2024-06-06T21:09:04Z",
    "lastModifiedBy": "Randall Stieghorst",
    "extractedAt": "2025-04-08T22:03:40.109698",
    "activityCount": 0,
    "activities": []
  },
  {
    "userPrincipalName": "r.stieghorst@lcwmail.com",
    "fileName": "Attachments",
    "itemId": "01AR6PCZX6TI3NUSMQLNCLHNQKQPVI6TSX",
    "isFolder": true,
    "fileType": "folder",
    "fileSizeBytes": "N/A",
    "lastModified": "2017-01-04T15:32:56Z",
    "lastModifiedBy": "Randall Stieghorst",
    "extractedAt": "2025-04-08T22:03:42.143937",
    "activityCount": 0,
    "activities": []
  },
  {
    "userPrincipalName": "r.stieghorst@lcwmail.com",
    "fileName": "Desktop",
    "itemId": "01AR6PCZWBAT4OBHIMARFK6K4T7V2HK7Y6",
    "isFolder": true,
    "fileType": "folder",
    "fileSizeBytes": "N/A",
    "lastModified": "2021-06-16T17:26:38Z",
    "lastModifiedBy": "Randall Stieghorst",
    "extractedAt": "2025-04-08T22:03:43.068055",
    "activityCount": 0,
    "activities": []
  },
  {
    "userPrincipalName": "r.stieghorst@lcwmail.com",
    "fileName": "Documents",
    "itemId": "01AR6PCZR62ARHJLMMMRCYNOY2OZG3PZCE",
    "isFolder": true,
    "fileType": "folder",
    "fileSizeBytes": "N/A",
    "lastModified": "2018-05-31T14:15:21Z",
    "lastModifiedBy": "Randall Stieghorst",
    "extractedAt": "2025-04-08T22:03:44.058457",
    "activityCount": 0,
    "activities": []
  },
  {
    "userPrincipalName": "r.stieghorst@lcwmail.com",
    "fileName": "Meetings",
    "itemId": "01AR6PCZV5MM5FU5USEJAZSYV2AUIK7SX4",
    "isFolder": true,
    "fileType": "folder",
    "fileSizeBytes": "N/A",
    "lastModified": "2024-11-08T17:53:39Z",
    "lastModifiedBy": "Randall Stieghorst",
    "extractedAt": "2025-04-08T22:03:44.989476",
    "activityCount": 1,
    "activities": [
      {
        "activityId": "0MDrRx4A3UiHbmsOAAAAAA==",
        "actionType": "edit",
        "performedBy": "Randall Stieghorst",
        "userPrincipalName": "r.stieghorst@lcwmail.com",
        "email": "r.stieghorst@lcwmail.com",
        "timestamp": "2024-11-08T17:53:41Z"
      }
    ]
  },
  {
    "userPrincipalName": "r.stieghorst@lcwmail.com",
    "fileName": "Microsoft Teams Chat Files",
    "itemId": "01AR6PCZRZ343CYWQGKJGL6KR4U2UF52NN",
    "isFolder": true,
    "fileType": "folder",
    "fileSizeBytes": "N/A",
    "lastModified": "2020-12-11T16:17:36Z",
    "lastModifiedBy": "Randall Stieghorst",
    "extractedAt": "2025-04-08T22:03:45.961129",
    "activityCount": 0,
    "activities": []
  },
  {
    "userPrincipalName": "r.stieghorst@lcwmail.com",
    "fileName": "Pictures",
    "itemId": "01AR6PCZR44ZCHGBQWGNH2NS72P3MQN2P2",
    "isFolder": true,
    "fileType": "folder",
    "fileSizeBytes": "N/A",
    "lastModified": "2021-06-16T17:26:38Z",
    "lastModifiedBy": "Randall Stieghorst",
    "extractedAt": "2025-04-08T22:03:48.517353",
    "activityCount": 0,
    "activities": []
  },
  {
    "userPrincipalName": "r.stieghorst@lcwmail.com",
    "fileName": "Scans",
    "itemId": "01AR6PCZTTUQMGMM37JZBYBOAYG6PESS24",
    "isFolder": true,
    "fileType": "folder",
    "fileSizeBytes": "N/A",
    "lastModified": "2024-11-04T14:54:03Z",
    "lastModifiedBy": "Randall Stieghorst",
    "extractedAt": "2025-04-08T22:03:49.510176",
    "activityCount": 0,
    "activities": []
  },
  {
    "userPrincipalName": "r.stieghorst@lcwmail.com",
    "fileName": "Chicago Booth",
    "itemId": "01AR6PCZQUHXYWVO5CBZFY6XFOLUOEO5C4",
    "isFolder": true,
    "fileType": "folder",
    "fileSizeBytes": "N/A",
    "lastModified": "2019-07-18T16:59:07Z",
    "lastModifiedBy": "Randall Stieghorst",
    "extractedAt": "2025-04-08T22:03:50.482684",
    "activityCount": 0,
    "activities": []
  },
  {
    "userPrincipalName": "r.stieghorst@lcwmail.com",
    "fileName": "My Notebook",
    "itemId": "01AR6PCZV3BXTE2SUCRJDY56IZTYXDM6QY",
    "isFolder": true,
    "fileType": "folder",
    "fileSizeBytes": "N/A",
    "lastModified": "2019-07-18T16:40:25Z",
    "lastModifiedBy": "Randall Stieghorst",
    "extractedAt": "2025-04-08T22:03:51.430760",
    "activityCount": 0,
    "activities": []
  },
  {
    "userPrincipalName": "r.stieghorst@lcwmail.com",
    "fileName": "Randall @ LCW",
    "itemId": "01AR6PCZTHK7QMGKTHBZALPP3MPBG3JXGG",
    "isFolder": true,
    "fileType": "folder",
    "fileSizeBytes": "N/A",
    "lastModified": "2024-06-04T16:03:13Z",
    "lastModifiedBy": "Randall Stieghorst",
    "extractedAt": "2025-04-08T22:03:52.307758",
    "activityCount": 0,
    "activities": []
  },
  {
    "userPrincipalName": "r.stieghorst@lcwmail.com",
    "fileName": "Randy2",
    "itemId": "01AR6PCZW7MSXW5YHHV5BZQBKPXL4CXLW3",
    "isFolder": true,
    "fileType": "folder",
    "fileSizeBytes": "N/A",
    "lastModified": "2019-07-18T16:43:35Z",
    "lastModifiedBy": "Randall Stieghorst",
    "extractedAt": "2025-04-08T22:03:53.178703",
    "activityCount": 0,
    "activities": []
  },
  {
    "userPrincipalName": "r.stieghorst@lcwmail.com",
    "fileName": "Randy's Notes",
    "itemId": "01AR6PCZUVQYYDBFT3DNC3GHPMHVTJI5AN",
    "isFolder": true,
    "fileType": "folder",
    "fileSizeBytes": "N/A",
    "lastModified": "2019-07-18T16:43:36Z",
    "lastModifiedBy": "Randall Stieghorst",
    "extractedAt": "2025-04-08T22:03:54.074498",
    "activityCount": 0,
    "activities": []
  },
  {
    "userPrincipalName": "r.stieghorst@lcwmail.com",
    "fileName": "Work",
    "itemId": "01AR6PCZWARNT5QFGNXVFLBCOVSIJX325K",
    "isFolder": true,
    "fileType": "folder",
    "fileSizeBytes": "N/A",
    "lastModified": "2019-07-18T14:35:06Z",
    "lastModifiedBy": "Randall Stieghorst",
    "extractedAt": "2025-04-08T22:03:54.902856",
    "activityCount": 0,
    "activities": []
  }
]