[
  {
    "userPrincipalName": "a.staffahealey@lcwmail.com",
    "fileName": "Meetings",
    "itemId": "01UBDHBVFTTVNVZAQUA5C2TUXBI6S6Q6DO",
    "isFolder": true,
    "fileType": "folder",
    "fileSizeBytes": "N/A",
    "lastModified": "2023-08-24T14:16:48Z",
    "lastModifiedBy": "Almendra Staffa-Healey",
    "extractedAt": "2025-04-08T22:04:14.050083",
    "activityCount": 0,
    "activities": []
  },
  {
    "userPrincipalName": "a.staffahealey@lcwmail.com",
    "fileName": "Microsoft Teams Chat Files",
    "itemId": "01UBDHBVBCARDU5QCYNNDZGRFVMWFJWIV5",
    "isFolder": true,
    "fileType": "folder",
    "fileSizeBytes": "N/A",
    "lastModified": "2022-03-30T14:40:06Z",
    "lastModifiedBy": "Almendra Staffa-Healey",
    "extractedAt": "2025-04-08T22:04:14.884979",
    "activityCount": 1,
    "activities": [
      {
        "activityId": "MJnn5sZI3Ej71HUNAAAAAA==",
        "actionType": "create",
        "performedBy": "Almendra Staffa-Healey",
        "userPrincipalName": "a.staffahealey@lcwmail.com",
        "email": "a.staffahealey@lcwmail.com",
        "timestamp": "2024-03-20T10:17:09Z"
      }
    ]
  },
  {
    "userPrincipalName": "a.staffahealey@lcwmail.com",
    "fileName": "Recordings",
    "itemId": "01UBDHBVCYNB3GRXID5RCKEQWQ4EXEHAW6",
    "isFolder": true,
    "fileType": "folder",
    "fileSizeBytes": "N/A",
    "lastModified": "2022-04-07T09:01:33Z",
    "lastModifiedBy": "Almendra Staffa-Healey",
    "extractedAt": "2025-04-08T22:04:15.803409",
    "activityCount": 0,
    "activities": []
  }
]