[
  {
    "userPrincipalName": "s.nodarse@lcwmail.com",
    "fileName": "Apps",
    "itemId": "01Y6SAZ6372GSEFRSCKJB2GP32BSR5Y76V",
    "isFolder": true,
    "fileType": "folder",
    "fileSizeBytes": "N/A",
    "lastModified": "2023-06-29T17:11:49Z",
    "lastModifiedBy": "Sarah Nodarse",
    "extractedAt": "2025-04-08T22:03:46.701062",
    "activityCount": 0,
    "activities": []
  },
  {
    "userPrincipalName": "s.nodarse@lcwmail.com",
    "fileName": "Attachments",
    "itemId": "01Y6SAZ64Z35LVDNI4ANF2WTGT3Y44PP2D",
    "isFolder": true,
    "fileType": "folder",
    "fileSizeBytes": "N/A",
    "lastModified": "2023-03-22T14:56:39Z",
    "lastModifiedBy": "Sarah Nodarse",
    "extractedAt": "2025-04-08T22:03:47.610268",
    "activityCount": 0,
    "activities": []
  },
  {
    "userPrincipalName": "s.nodarse@lcwmail.com",
    "fileName": "Desktop",
    "itemId": "01Y6SAZ637MHODYTKYBRA34KAO2223F7MS",
    "isFolder": true,
    "fileType": "folder",
    "fileSizeBytes": "N/A",
    "lastModified": "2021-07-23T21:43:18Z",
    "lastModifiedBy": "Sarah Nodarse",
    "extractedAt": "2025-04-08T22:03:48.551573",
    "activityCount": 2,
    "activities": [
      {
        "activityId": "kPxg58lr3UjpVDIPAAAAAA==",
        "actionType": "edit",
        "performedBy": "Sarah Nodarse",
        "userPrincipalName": "s.nodarse@lcwmail.com",
        "email": "s.nodarse@lcwmail.com",
        "timestamp": "2025-03-25T18:21:47Z"
      },
      {
        "activityId": "kF4uCvEa3Uiw+5kOAAAAAA==",
        "actionType": "delete",
        "performedBy": "Sarah Nodarse",
        "userPrincipalName": "s.nodarse@lcwmail.com",
        "email": "s.nodarse@lcwmail.com",
        "timestamp": "2024-12-12T21:07:51Z"
      }
    ]
  },
  {
    "userPrincipalName": "s.nodarse@lcwmail.com",
    "fileName": "Documents",
    "itemId": "01Y6SAZ6Y6MFXAHJPEJFA3OAAVJV3O6MVE",
    "isFolder": true,
    "fileType": "folder",
    "fileSizeBytes": "N/A",
    "lastModified": "2021-07-23T21:43:18Z",
    "lastModifiedBy": "Sarah Nodarse",
    "extractedAt": "2025-04-08T22:03:49.534814",
    "activityCount": 0,
    "activities": []
  },
  {
    "userPrincipalName": "s.nodarse@lcwmail.com",
    "fileName": "Microsoft Teams Chat Files",
    "itemId": "01Y6SAZ65E7NFSM5XN4RDZ5HZMZXD5ZLR6",
    "isFolder": true,
    "fileType": "folder",
    "fileSizeBytes": "N/A",
    "lastModified": "2020-01-14T20:09:24Z",
    "lastModifiedBy": "Sarah Nodarse",
    "extractedAt": "2025-04-08T22:03:50.609433",
    "activityCount": 0,
    "activities": []
  },
  {
    "userPrincipalName": "s.nodarse@lcwmail.com",
    "fileName": "Microsoft Teams Data",
    "itemId": "01Y6SAZ64TZICUDUGNSBCLBN6ZUK5LKAUY",
    "isFolder": true,
    "fileType": "folder",
    "fileSizeBytes": "N/A",
    "lastModified": "2020-04-23T14:50:46Z",
    "lastModifiedBy": "Sarah Nodarse",
    "extractedAt": "2025-04-08T22:03:51.579283",
    "activityCount": 0,
    "activities": []
  },
  {
    "userPrincipalName": "s.nodarse@lcwmail.com",
    "fileName": "Notebooks",
    "itemId": "01Y6SAZ62FQ3JZFMEGYFD2EVVVPGQLRCYK",
    "isFolder": true,
    "fileType": "folder",
    "fileSizeBytes": "N/A",
    "lastModified": "2022-03-14T16:10:48Z",
    "lastModifiedBy": "Sarah Nodarse",
    "extractedAt": "2025-04-08T22:03:52.591329",
    "activityCount": 0,
    "activities": []
  },
  {
    "userPrincipalName": "s.nodarse@lcwmail.com",
    "fileName": "Pictures",
    "itemId": "01Y6SAZ6YG6JXDCLQAXNEJCBVHMVZ22P2W",
    "isFolder": true,
    "fileType": "folder",
    "fileSizeBytes": "N/A",
    "lastModified": "2021-07-23T21:43:18Z",
    "lastModifiedBy": "Sarah Nodarse",
    "extractedAt": "2025-04-08T22:03:53.542281",
    "activityCount": 0,
    "activities": []
  },
  {
    "userPrincipalName": "s.nodarse@lcwmail.com",
    "fileName": "Recordings",
    "itemId": "01Y6SAZ66DYGSGWQQPGJB2AAI5XS3B6XZH",
    "isFolder": true,
    "fileType": "folder",
    "fileSizeBytes": "N/A",
    "lastModified": "2022-04-19T21:21:59Z",
    "lastModifiedBy": "Sarah Nodarse",
    "extractedAt": "2025-04-08T22:03:54.368972",
    "activityCount": 0,
    "activities": []
  },
  {
    "userPrincipalName": "s.nodarse@lcwmail.com",
    "fileName": "1 Hr Alpharetta Onboarding V2.pptx",
    "itemId": "01Y6SAZ63XHIISOWLCQ5HIEYNX2WEIGDC2",
    "isFolder": false,
    "fileType": "application/vnd.openxmlformats-officedocument.presentationml.presentation",
    "fileSizeBytes": 171855026,
    "lastModified": "2024-02-05T22:01:31Z",
    "lastModifiedBy": "Sarah Nodarse",
    "extractedAt": "2025-04-08T22:03:55.200565",
    "activityCount": 0,
    "activities": []
  },
  {
    "userPrincipalName": "s.nodarse@lcwmail.com",
    "fileName": "2024 Multi-Session Scheduling Template_Thompson Hine Spotlights_revised.xlsx",
    "itemId": "01Y6SAZ64T3C7GDMPS5REJV6FZ66P4ITG5",
    "isFolder": false,
    "fileType": "application/vnd.openxmlformats-officedocument.spreadsheetml.sheet",
    "fileSizeBytes": 53153,
    "lastModified": "2024-05-29T20:42:49Z",
    "lastModifiedBy": "Sarah Nodarse",
    "extractedAt": "2025-04-08T22:03:56.057115",
    "activityCount": 0,
    "activities": []
  },
  {
    "userPrincipalName": "s.nodarse@lcwmail.com",
    "fileName": "3D Objects - Shortcut.lnk",
    "itemId": "01Y6SAZ62DAMOK55WSOJH3EYZPGWSP7UQG",
    "isFolder": false,
    "fileType": "application/octet-stream",
    "fileSizeBytes": 801,
    "lastModified": "2024-04-22T19:35:08Z",
    "lastModifiedBy": "Sarah Nodarse",
    "extractedAt": "2025-04-08T22:03:56.877640",
    "activityCount": 0,
    "activities": []
  },
  {
    "userPrincipalName": "s.nodarse@lcwmail.com",
    "fileName": "A_1Hr_Onboarding_Alpharetta_BSC_FINAL v2.pptx",
    "itemId": "01Y6SAZ63Y2GL3Y4QKRBGZSWTGRUEJKEEZ",
    "isFolder": false,
    "fileType": "application/vnd.openxmlformats-officedocument.presentationml.presentation",
    "fileSizeBytes": 29441809,
    "lastModified": "2024-02-12T20:07:04Z",
    "lastModifiedBy": "Sarah Nodarse",
    "extractedAt": "2025-04-08T22:03:57.684165",
    "activityCount": 0,
    "activities": []
  },
  {
    "userPrincipalName": "s.nodarse@lcwmail.com",
    "fileName": "All lesson emails UL Solutions CCLP SCG input.docx",
    "itemId": "01Y6SAZ64AVGLHY5LJOFA2UPSUXFCROM6T",
    "isFolder": false,
    "fileType": "application/vnd.openxmlformats-officedocument.wordprocessingml.document",
    "fileSizeBytes": 122196,
    "lastModified": "2024-03-26T17:07:53Z",
    "lastModifiedBy": "Sarah Nodarse",
    "extractedAt": "2025-04-08T22:03:58.456363",
    "activityCount": 0,
    "activities": []
  },
  {
    "userPrincipalName": "s.nodarse@lcwmail.com",
    "fileName": "APAC_Leading Incluslively-Solo facilitator_2024_v3.5 Sarah.pptx",
    "itemId": "01Y6SAZ636YOY4VEZ3ORDZHPDVKIUEC4PK",
    "isFolder": false,
    "fileType": "application/vnd.openxmlformats-officedocument.presentationml.presentation",
    "fileSizeBytes": 105577809,
    "lastModified": "2024-07-31T22:57:46Z",
    "lastModifiedBy": "Sarah Nodarse",
    "extractedAt": "2025-04-08T22:03:59.268333",
    "activityCount": 0,
    "activities": []
  },
  {
    "userPrincipalName": "s.nodarse@lcwmail.com",
    "fileName": "ARCH Listening Sessions 2024.pptx",
    "itemId": "01Y6SAZ65A2BZ6YNBZTZFKOBXWB6AWAEV7",
    "isFolder": false,
    "fileType": "application/vnd.openxmlformats-officedocument.presentationml.presentation",
    "fileSizeBytes": 3588813,
    "lastModified": "2024-02-26T17:13:34Z",
    "lastModifiedBy": "Sarah Nodarse",
    "extractedAt": "2025-04-08T22:04:00.139849",
    "activityCount": 0,
    "activities": []
  },
  {
    "userPrincipalName": "s.nodarse@lcwmail.com",
    "fileName": "Arnold & Porter - LCW RFP Response 9-30 SN edits working.docx",
    "itemId": "01Y6SAZ66ECU45KLSH6NHIPLS4FRFJUSQA",
    "isFolder": false,
    "fileType": "application/vnd.openxmlformats-officedocument.wordprocessingml.document",
    "fileSizeBytes": 2162537,
    "lastModified": "2024-09-30T21:31:12Z",
    "lastModifiedBy": "Sarah Nodarse",
    "extractedAt": "2025-04-08T22:04:00.969318",
    "activityCount": 0,
    "activities": []
  },
  {
    "userPrincipalName": "s.nodarse@lcwmail.com",
    "fileName": "ASSOCIATE ONBOARDING TO PROJECTS.docx",
    "itemId": "01Y6SAZ67PNOR4KTZWF5AYXCEKLQDC3KI2",
    "isFolder": false,
    "fileType": "application/vnd.openxmlformats-officedocument.wordprocessingml.document",
    "fileSizeBytes": 22998,
    "lastModified": "2021-05-14T17:36:14Z",
    "lastModifiedBy": "Sarah Nodarse",
    "extractedAt": "2025-04-08T22:04:01.843082",
    "activityCount": 0,
    "activities": []
  },
  {
    "userPrincipalName": "s.nodarse@lcwmail.com",
    "fileName": "Book1.xlsx",
    "itemId": "01Y6SAZ6ZVH3VKXGKTKVHI7O6MJOCZMORF",
    "isFolder": false,
    "fileType": "application/vnd.openxmlformats-officedocument.spreadsheetml.sheet",
    "fileSizeBytes": 8839,
    "lastModified": "2022-08-08T21:48:35Z",
    "lastModifiedBy": "Sarah Nodarse",
    "extractedAt": "2025-04-08T22:04:02.670225",
    "activityCount": 0,
    "activities": []
  },
  {
    "userPrincipalName": "s.nodarse@lcwmail.com",
    "fileName": "Book2.xlsx",
    "itemId": "01Y6SAZ65WW4ZV2MT7FRAKYVEF2NJ2RACU",
    "isFolder": false,
    "fileType": "application/vnd.openxmlformats-officedocument.spreadsheetml.sheet",
    "fileSizeBytes": 20067,
    "lastModified": "2021-02-22T12:31:38Z",
    "lastModifiedBy": "Sarah Nodarse",
    "extractedAt": "2025-04-08T22:04:03.535913",
    "activityCount": 0,
    "activities": []
  },
  {
    "userPrincipalName": "s.nodarse@lcwmail.com",
    "fileName": "Boston Scientific ARCH 2024 Pricing and Planning.xlsx",
    "itemId": "01Y6SAZ64AUP4LJBEJTFGZ4HIXUTERUXAC",
    "isFolder": false,
    "fileType": "application/vnd.openxmlformats-officedocument.spreadsheetml.sheet",
    "fileSizeBytes": 37528,
    "lastModified": "2024-01-10T19:04:28Z",
    "lastModifiedBy": "Sarah Nodarse",
    "extractedAt": "2025-04-08T22:04:04.380579",
    "activityCount": 0,
    "activities": []
  },
  {
    "userPrincipalName": "s.nodarse@lcwmail.com",
    "fileName": "Boston Scientific has requested strategic assistance with consulting and training at its manufacturing site in Alpharetta.docx",
    "itemId": "01Y6SAZ6Z7MDMAM75XZFELFRZ7CTXYY6VT",
    "isFolder": false,
    "fileType": "application/vnd.openxmlformats-officedocument.wordprocessingml.document",
    "fileSizeBytes": 14916,
    "lastModified": "2023-05-11T18:41:06Z",
    "lastModifiedBy": "Sarah Nodarse",
    "extractedAt": "2025-04-08T22:04:05.307869",
    "activityCount": 0,
    "activities": []
  },
  {
    "userPrincipalName": "s.nodarse@lcwmail.com",
    "fileName": "Brave_Conversations_Voya_2024.pptx",
    "itemId": "01Y6SAZ6ZKX73DLDBR7NGJK6ALNOW7EC64",
    "isFolder": false,
    "fileType": "application/vnd.openxmlformats-officedocument.presentationml.presentation",
    "fileSizeBytes": 60374731,
    "lastModified": "2024-04-22T14:52:50Z",
    "lastModifiedBy": "Sarah Nodarse",
    "extractedAt": "2025-04-08T22:04:06.229998",
    "activityCount": 0,
    "activities": []
  },
  {
    "userPrincipalName": "s.nodarse@lcwmail.com",
    "fileName": "BSC ARCH_Valuing Diversity for Innovation_ Storyboard for Review_2024.pptx",
    "itemId": "01Y6SAZ64GDYWTC7YBLNFYF7573N42WGND",
    "isFolder": false,
    "fileType": "application/vnd.openxmlformats-officedocument.presentationml.presentation",
    "fileSizeBytes": 18202080,
    "lastModified": "2024-05-16T12:51:24Z",
    "lastModifiedBy": "Sarah Nodarse",
    "extractedAt": "2025-04-08T22:04:07.162678",
    "activityCount": 0,
    "activities": []
  },
  {
    "userPrincipalName": "s.nodarse@lcwmail.com",
    "fileName": "BSC Maple Grove 2024_Project Plan v2.xlsx",
    "itemId": "01Y6SAZ65Y2I4LTXNHV5CJENJHJDUST4KH",
    "isFolder": false,
    "fileType": "application/vnd.openxmlformats-officedocument.spreadsheetml.sheet",
    "fileSizeBytes": 63704,
    "lastModified": "2024-04-12T13:46:27Z",
    "lastModifiedBy": "Sarah Nodarse",
    "extractedAt": "2025-04-08T22:04:08.084422",
    "activityCount": 0,
    "activities": []
  },
  {
    "userPrincipalName": "s.nodarse@lcwmail.com",
    "fileName": "BSC Microlearning Build Outline.docx",
    "itemId": "01Y6SAZ64JFK6TXAKES5GK53PCY5XXCCDO",
    "isFolder": false,
    "fileType": "application/vnd.openxmlformats-officedocument.wordprocessingml.document",
    "fileSizeBytes": 86300,
    "lastModified": "2024-05-06T20:46:28Z",
    "lastModifiedBy": "Sarah Nodarse",
    "extractedAt": "2025-04-08T22:04:08.975818",
    "activityCount": 0,
    "activities": []
  },
  {
    "userPrincipalName": "s.nodarse@lcwmail.com",
    "fileName": "BSC Understanding Your Cultural Lens_Alpharetta_Jan 2024_HANDOUT.pptx",
    "itemId": "01Y6SAZ62GNBPUI2ZQJFD2DLYAAXUQOSGY",
    "isFolder": false,
    "fileType": "application/vnd.openxmlformats-officedocument.presentationml.presentation",
    "fileSizeBytes": 20651301,
    "lastModified": "2024-02-05T21:25:07Z",
    "lastModifiedBy": "Sarah Nodarse",
    "extractedAt": "2025-04-08T22:04:09.907026",
    "activityCount": 0,
    "activities": []
  },
  {
    "userPrincipalName": "s.nodarse@lcwmail.com",
    "fileName": "BSC_ARCH_Meeting Agenda_9.19.2024.docx",
    "itemId": "01Y6SAZ66BMU24XVWXRBDKEQH3DLHDVC7M",
    "isFolder": false,
    "fileType": "application/vnd.openxmlformats-officedocument.wordprocessingml.document",
    "fileSizeBytes": 1052419,
    "lastModified": "2024-09-19T15:34:31Z",
    "lastModifiedBy": "Sarah Nodarse",
    "extractedAt": "2025-04-08T22:04:11.377125",
    "activityCount": 0,
    "activities": []
  },
  {
    "userPrincipalName": "s.nodarse@lcwmail.com",
    "fileName": "BSC_CE_TEAM ALIGNMENT_handout.pptx",
    "itemId": "01Y6SAZ62MHYM6FUO5TZBJAMOYQA4BNXZT",
    "isFolder": false,
    "fileType": "application/vnd.openxmlformats-officedocument.presentationml.presentation",
    "fileSizeBytes": 17408494,
    "lastModified": "2024-02-21T14:00:51Z",
    "lastModifiedBy": "Sarah Nodarse",
    "extractedAt": "2025-04-08T22:04:12.812772",
    "activityCount": 0,
    "activities": []
  },
  {
    "userPrincipalName": "s.nodarse@lcwmail.com",
    "fileName": "BSC_CTG_TEAM ALIGNMENT_v1.pptx",
    "itemId": "01Y6SAZ6ZGU5RPLW3PVFHLIBTCNJ26RN7G",
    "isFolder": false,
    "fileType": "application/vnd.openxmlformats-officedocument.presentationml.presentation",
    "fileSizeBytes": 18693129,
    "lastModified": "2024-01-19T21:30:30Z",
    "lastModifiedBy": "Sarah Nodarse",
    "extractedAt": "2025-04-08T22:04:13.702967",
    "activityCount": 0,
    "activities": []
  },
  {
    "userPrincipalName": "s.nodarse@lcwmail.com",
    "fileName": "Building an Inclusive Culture in Maple Grove_LCW Proposal 2024.pptx",
    "itemId": "01Y6SAZ6YRUBLTIT6JWJFJXWPRS57IGSV6",
    "isFolder": false,
    "fileType": "application/vnd.openxmlformats-officedocument.presentationml.presentation",
    "fileSizeBytes": 7098554,
    "lastModified": "2024-01-10T19:15:20Z",
    "lastModifiedBy": "Sarah Nodarse",
    "extractedAt": "2025-04-08T22:04:14.488295",
    "activityCount": 0,
    "activities": []
  },
  {
    "userPrincipalName": "s.nodarse@lcwmail.com",
    "fileName": "Building an Inclusive GroupM Culture_Invitation.docx",
    "itemId": "01Y6SAZ657ZBZECQK7FJFLM7QHV7O4P3IK",
    "isFolder": false,
    "fileType": "application/vnd.openxmlformats-officedocument.wordprocessingml.document",
    "fileSizeBytes": 136677,
    "lastModified": "2024-08-12T15:46:15Z",
    "lastModifiedBy": "Sarah Nodarse",
    "extractedAt": "2025-04-08T22:04:15.242872",
    "activityCount": 0,
    "activities": []
  },
  {
    "userPrincipalName": "s.nodarse@lcwmail.com",
    "fileName": "CANADA_Leading Incluslively-Solo facilitator_2024_v4.pptx",
    "itemId": "01Y6SAZ63NCZPWWLMP45F3HB43AZC3DNLR",
    "isFolder": false,
    "fileType": "application/vnd.openxmlformats-officedocument.presentationml.presentation",
    "fileSizeBytes": 701063848,
    "lastModified": "2024-08-27T22:28:01Z",
    "lastModifiedBy": "Sarah Nodarse",
    "extractedAt": "2025-04-08T22:04:16.069114",
    "activityCount": 0,
    "activities": []
  },
  {
    "userPrincipalName": "s.nodarse@lcwmail.com",
    "fileName": "Carta_Evaluating Talent Inclusively_2024.pptx",
    "itemId": "01Y6SAZ6ZACP2IMK3YFZHIFLQZSG7LF7YZ",
    "isFolder": false,
    "fileType": "application/vnd.openxmlformats-officedocument.presentationml.presentation",
    "fileSizeBytes": 127065817,
    "lastModified": "2024-03-14T16:09:50Z",
    "lastModifiedBy": "Sarah Nodarse",
    "extractedAt": "2025-04-08T22:04:16.975422",
    "activityCount": 0,
    "activities": []
  },
  {
    "userPrincipalName": "s.nodarse@lcwmail.com",
    "fileName": "Carta_Managing Bias in Talent Evaluation_30m_3.22.24.pptx",
    "itemId": "01Y6SAZ62XPT247J3TWFEIYIZ54XHZWQDG",
    "isFolder": false,
    "fileType": "application/vnd.openxmlformats-officedocument.presentationml.presentation",
    "fileSizeBytes": 9680936,
    "lastModified": "2024-03-08T20:19:40Z",
    "lastModifiedBy": "Sarah Nodarse",
    "extractedAt": "2025-04-08T22:04:17.837652",
    "activityCount": 0,
    "activities": []
  },
  {
    "userPrincipalName": "s.nodarse@lcwmail.com",
    "fileName": "CBRE IDI\u00ae Group Profiles.pptx",
    "itemId": "01Y6SAZ62TKZMWAZQJ3FCZLLNW2LKXM5FY",
    "isFolder": false,
    "fileType": "application/vnd.openxmlformats-officedocument.presentationml.presentation",
    "fileSizeBytes": 268926,
    "lastModified": "2021-03-30T13:44:48Z",
    "lastModifiedBy": "Sarah Nodarse",
    "extractedAt": "2025-04-08T22:04:18.641115",
    "activityCount": 0,
    "activities": []
  },
  {
    "userPrincipalName": "s.nodarse@lcwmail.com",
    "fileName": "CCLP Facilitated Session 1_UL Solutions_2024 Pilot_FINAL TO USE.pptx",
    "itemId": "01Y6SAZ66NFEC26PHMQ5CKEQ5P34MRHQ2D",
    "isFolder": false,
    "fileType": "application/vnd.openxmlformats-officedocument.presentationml.presentation",
    "fileSizeBytes": 20689670,
    "lastModified": "2024-05-02T20:15:44Z",
    "lastModifiedBy": "Sarah Nodarse",
    "extractedAt": "2025-04-08T22:04:19.405145",
    "activityCount": 0,
    "activities": []
  },
  {
    "userPrincipalName": "s.nodarse@lcwmail.com",
    "fileName": "CCLP Facilitated Session 1_UL Solutions_2024 Pilot_v2.pptx",
    "itemId": "01Y6SAZ6YOGNR646LWJRH3MDXMDD7W2W3O",
    "isFolder": false,
    "fileType": "application/vnd.openxmlformats-officedocument.presentationml.presentation",
    "fileSizeBytes": 20580406,
    "lastModified": "2024-05-02T15:46:06Z",
    "lastModifiedBy": "Sarah Nodarse",
    "extractedAt": "2025-04-08T22:04:20.251347",
    "activityCount": 0,
    "activities": []
  },
  {
    "userPrincipalName": "s.nodarse@lcwmail.com",
    "fileName": "CCLP Facilitated Session 3 UL Solutions_v1.pptx",
    "itemId": "01Y6SAZ66TBMVG73WTMVAYRWGPITM5E7OB",
    "isFolder": false,
    "fileType": "application/vnd.openxmlformats-officedocument.presentationml.presentation",
    "fileSizeBytes": 24059686,
    "lastModified": "2024-10-09T14:06:25Z",
    "lastModifiedBy": "Sarah Nodarse",
    "extractedAt": "2025-04-08T22:04:21.076465",
    "activityCount": 0,
    "activities": []
  },
  {
    "userPrincipalName": "s.nodarse@lcwmail.com",
    "fileName": "CCLP Pilot_Lesson Emails_2024_Lesson 4.docx",
    "itemId": "01Y6SAZ62QH4JIU2JZNJAKMVAV4QFQRD3J",
    "isFolder": false,
    "fileType": "application/vnd.openxmlformats-officedocument.wordprocessingml.document",
    "fileSizeBytes": 378810,
    "lastModified": "2024-06-27T12:46:50Z",
    "lastModifiedBy": "Sarah Nodarse",
    "extractedAt": "2025-04-08T22:04:21.849457",
    "activityCount": 0,
    "activities": []
  },
  {
    "userPrincipalName": "s.nodarse@lcwmail.com",
    "fileName": "Children\u2019s HeartLink Diversity, Equity, and Inclusion Policy review_Final.pptx",
    "itemId": "01Y6SAZ67OVSO5ZLG5FFBKGJDHRWWHFHE7",
    "isFolder": false,
    "fileType": "application/vnd.openxmlformats-officedocument.presentationml.presentation",
    "fileSizeBytes": 1551152,
    "lastModified": "2024-04-25T14:56:36Z",
    "lastModifiedBy": "Sarah Nodarse",
    "extractedAt": "2025-04-08T22:04:22.642428",
    "activityCount": 0,
    "activities": []
  },
  {
    "userPrincipalName": "s.nodarse@lcwmail.com",
    "fileName": "CHL CCLP Pricing 2024.xlsx",
    "itemId": "01Y6SAZ65LVUOUABDQCRA3OL7XGH6QB2Y2",
    "isFolder": false,
    "fileType": "application/vnd.openxmlformats-officedocument.spreadsheetml.sheet",
    "fileSizeBytes": 12457,
    "lastModified": "2023-11-01T15:00:45Z",
    "lastModifiedBy": "Sarah Nodarse",
    "extractedAt": "2025-04-08T22:04:23.467315",
    "activityCount": 0,
    "activities": []
  },
  {
    "userPrincipalName": "s.nodarse@lcwmail.com",
    "fileName": "Doc1.docx",
    "itemId": "01Y6SAZ666CKQCKNYUUZD2U2KWGBC5WTQL",
    "isFolder": false,
    "fileType": "application/vnd.openxmlformats-officedocument.wordprocessingml.document",
    "fileSizeBytes": 372112,
    "lastModified": "2021-08-26T13:44:03Z",
    "lastModifiedBy": "Sarah Nodarse",
    "extractedAt": "2025-04-08T22:04:24.281816",
    "activityCount": 0,
    "activities": []
  },
  {
    "userPrincipalName": "s.nodarse@lcwmail.com",
    "fileName": "Doc2.docx",
    "itemId": "01Y6SAZ6YBM5XVEKNJRZG3XPFLDHUTN5ZQ",
    "isFolder": false,
    "fileType": "application/vnd.openxmlformats-officedocument.wordprocessingml.document",
    "fileSizeBytes": 45631,
    "lastModified": "2021-07-20T15:29:24Z",
    "lastModifiedBy": "Sarah Nodarse",
    "extractedAt": "2025-04-08T22:04:25.046958",
    "activityCount": 0,
    "activities": []
  },
  {
    "userPrincipalName": "s.nodarse@lcwmail.com",
    "fileName": "Executive IDI Group Debrief 2023 v2.pptx",
    "itemId": "01Y6SAZ63VSVZEB3NIDNH2JL3CBPUM7FNC",
    "isFolder": false,
    "fileType": "application/vnd.openxmlformats-officedocument.presentationml.presentation",
    "fileSizeBytes": 9227906,
    "lastModified": "2023-12-13T17:55:31Z",
    "lastModifiedBy": "Sarah Nodarse",
    "extractedAt": "2025-04-08T22:04:26.183120",
    "activityCount": 0,
    "activities": []
  },
  {
    "userPrincipalName": "s.nodarse@lcwmail.com",
    "fileName": "Executive IDI Group Debrief 2023 v3.pptx",
    "itemId": "01Y6SAZ64UHV3LMUN47RELDTUVGMZXWQHP",
    "isFolder": false,
    "fileType": "application/vnd.openxmlformats-officedocument.presentationml.presentation",
    "fileSizeBytes": 9232589,
    "lastModified": "2023-12-14T18:33:36Z",
    "lastModifiedBy": "Sarah Nodarse",
    "extractedAt": "2025-04-08T22:04:27.020646",
    "activityCount": 0,
    "activities": []
  },
  {
    "userPrincipalName": "s.nodarse@lcwmail.com",
    "fileName": "Executive IDI Group Debrief 2023 v4.pptx",
    "itemId": "01Y6SAZ6YPGZGSJWRUBRHZYJTB7EMI6NMA",
    "isFolder": false,
    "fileType": "application/vnd.openxmlformats-officedocument.presentationml.presentation",
    "fileSizeBytes": 9232605,
    "lastModified": "2023-12-14T18:34:54Z",
    "lastModifiedBy": "Sarah Nodarse",
    "extractedAt": "2025-04-08T22:04:27.912325",
    "activityCount": 0,
    "activities": []
  },
  {
    "userPrincipalName": "s.nodarse@lcwmail.com",
    "fileName": "Executive IDI Group Debrief 2023 v5.pptx",
    "itemId": "01Y6SAZ6ZG6GKPFKVIOJG3TKO2TMNDTCPN",
    "isFolder": false,
    "fileType": "application/vnd.openxmlformats-officedocument.presentationml.presentation",
    "fileSizeBytes": 16348125,
    "lastModified": "2023-12-19T21:24:46Z",
    "lastModifiedBy": "Sarah Nodarse",
    "extractedAt": "2025-04-08T22:04:28.789850",
    "activityCount": 0,
    "activities": []
  },
  {
    "userPrincipalName": "s.nodarse@lcwmail.com",
    "fileName": "Executive IDI Group Debrief 2023 v6.pptx",
    "itemId": "01Y6SAZ66Q6JZ7IZM23BHZQOJH7LEQLYA7",
    "isFolder": false,
    "fileType": "application/vnd.openxmlformats-officedocument.presentationml.presentation",
    "fileSizeBytes": 16514464,
    "lastModified": "2023-12-20T19:59:29Z",
    "lastModifiedBy": "Sarah Nodarse",
    "extractedAt": "2025-04-08T22:04:29.692115",
    "activityCount": 0,
    "activities": []
  },
  {
    "userPrincipalName": "s.nodarse@lcwmail.com",
    "fileName": "Expanding ARCH Regionally_Planning as of 1.8.24.pptx",
    "itemId": "01Y6SAZ6YC5DTRFYP5NBFJPAHPNSBFEPVO",
    "isFolder": false,
    "fileType": "application/vnd.openxmlformats-officedocument.presentationml.presentation",
    "fileSizeBytes": 8580363,
    "lastModified": "2024-01-08T19:29:41Z",
    "lastModifiedBy": "Sarah Nodarse",
    "extractedAt": "2025-04-08T22:04:30.619311",
    "activityCount": 0,
    "activities": []
  },
  {
    "userPrincipalName": "s.nodarse@lcwmail.com",
    "fileName": "FG Notes 8.1.24.docx",
    "itemId": "01Y6SAZ6ZS6IC5PDSLD5BI7GHWAP7D57Q7",
    "isFolder": false,
    "fileType": "application/vnd.openxmlformats-officedocument.wordprocessingml.document",
    "fileSizeBytes": 1550328,
    "lastModified": "2024-08-01T13:56:48Z",
    "lastModifiedBy": "Sarah Nodarse",
    "extractedAt": "2025-04-08T22:04:31.498472",
    "activityCount": 0,
    "activities": []
  },
  {
    "userPrincipalName": "s.nodarse@lcwmail.com",
    "fileName": "For Stacey.docx",
    "itemId": "01Y6SAZ6ZDHREMLP2ZGVEZDJBEL7MNIVNJ",
    "isFolder": false,
    "fileType": "application/vnd.openxmlformats-officedocument.wordprocessingml.document",
    "fileSizeBytes": 17550,
    "lastModified": "2021-09-08T18:53:14Z",
    "lastModifiedBy": "Sarah Nodarse",
    "extractedAt": "2025-04-08T22:04:32.362569",
    "activityCount": 0,
    "activities": []
  },
  {
    "userPrincipalName": "s.nodarse@lcwmail.com",
    "fileName": "GroupM 2024 Timeline v2.xlsx",
    "itemId": "01Y6SAZ66OBWBCYGRENNAKNPSRLB2SOSKA",
    "isFolder": false,
    "fileType": "application/vnd.openxmlformats-officedocument.spreadsheetml.sheet",
    "fileSizeBytes": 55694,
    "lastModified": "2024-07-24T18:36:59Z",
    "lastModifiedBy": "Sarah Nodarse",
    "extractedAt": "2025-04-08T22:04:33.136313",
    "activityCount": 0,
    "activities": []
  },
  {
    "userPrincipalName": "s.nodarse@lcwmail.com",
    "fileName": "GroupM 2024 Timeline v3.xlsx",
    "itemId": "01Y6SAZ62ZTFQRUWB7CFFYQ3Z2P4R5WF2P",
    "isFolder": false,
    "fileType": "application/vnd.openxmlformats-officedocument.spreadsheetml.sheet",
    "fileSizeBytes": 54841,
    "lastModified": "2024-08-06T16:48:58Z",
    "lastModifiedBy": "Sarah Nodarse",
    "extractedAt": "2025-04-08T22:04:33.936033",
    "activityCount": 0,
    "activities": []
  },
  {
    "userPrincipalName": "s.nodarse@lcwmail.com",
    "fileName": "GroupM Budget and Billing 2024_Revised.xlsx",
    "itemId": "01Y6SAZ66XRB44UXHSXRFIZU5QFN6D4EYV",
    "isFolder": false,
    "fileType": "application/vnd.openxmlformats-officedocument.spreadsheetml.sheet",
    "fileSizeBytes": 18261,
    "lastModified": "2024-01-29T17:06:35Z",
    "lastModifiedBy": "Sarah Nodarse",
    "extractedAt": "2025-04-08T22:04:34.747791",
    "activityCount": 0,
    "activities": []
  },
  {
    "userPrincipalName": "s.nodarse@lcwmail.com",
    "fileName": "GroupM Budget and Billing 2024_Revised_for client.xlsx",
    "itemId": "01Y6SAZ6YNTVZV3BLNI5AK5FE5Q6RQBAYI",
    "isFolder": false,
    "fileType": "application/vnd.openxmlformats-officedocument.spreadsheetml.sheet",
    "fileSizeBytes": 18355,
    "lastModified": "2024-02-15T19:05:04Z",
    "lastModifiedBy": "Sarah Nodarse",
    "extractedAt": "2025-04-08T22:04:35.529526",
    "activityCount": 0,
    "activities": []
  },
  {
    "userPrincipalName": "s.nodarse@lcwmail.com",
    "fileName": "GroupM Leading With Inclusion_Through the Lens of Culture_v4.pptx",
    "itemId": "01Y6SAZ657EU3VUSXWKVF3EU7NFZDMWEFD",
    "isFolder": false,
    "fileType": "application/vnd.openxmlformats-officedocument.presentationml.presentation",
    "fileSizeBytes": 28448412,
    "lastModified": "2024-06-06T18:27:30Z",
    "lastModifiedBy": "Sarah Nodarse",
    "extractedAt": "2025-04-08T22:04:36.332038",
    "activityCount": 0,
    "activities": []
  },
  {
    "userPrincipalName": "s.nodarse@lcwmail.com",
    "fileName": "GroupM Leading With Inclusion_Through the Lens of Culture_v5.pptx",
    "itemId": "01Y6SAZ65VW6OPF6UYGNHZ54HAR33PBVLJ",
    "isFolder": false,
    "fileType": "application/vnd.openxmlformats-officedocument.presentationml.presentation",
    "fileSizeBytes": 28437610,
    "lastModified": "2024-06-11T20:53:08Z",
    "lastModifiedBy": "Sarah Nodarse",
    "extractedAt": "2025-04-08T22:04:37.818205",
    "activityCount": 0,
    "activities": []
  },
  {
    "userPrincipalName": "s.nodarse@lcwmail.com",
    "fileName": "GroupM Leading With Inclusion_Through the Lens of Culture_v9.pptx",
    "itemId": "01Y6SAZ63BDRCICAELEZEJ5URBZAYE2CJX",
    "isFolder": false,
    "fileType": "application/vnd.openxmlformats-officedocument.presentationml.presentation",
    "fileSizeBytes": 66611752,
    "lastModified": "2024-07-17T04:24:50Z",
    "lastModifiedBy": "Sarah Nodarse",
    "extractedAt": "2025-04-08T22:04:38.606640",
    "activityCount": 0,
    "activities": []
  },
  {
    "userPrincipalName": "s.nodarse@lcwmail.com",
    "fileName": "GroupM SCI Preliminary Diagnostic Results_July 2023.pptx",
    "itemId": "01Y6SAZ62LQGATYYYKDZEKRVYKWNTBEGAA",
    "isFolder": false,
    "fileType": "application/vnd.openxmlformats-officedocument.presentationml.presentation",
    "fileSizeBytes": 9165862,
    "lastModified": "2023-07-27T14:29:05Z",
    "lastModifiedBy": "Sarah Nodarse",
    "extractedAt": "2025-04-08T22:04:39.384693",
    "activityCount": 0,
    "activities": []
  },
  {
    "userPrincipalName": "s.nodarse@lcwmail.com",
    "fileName": "GroupM SCI Preliminary Diagnostic Results_June 2023_updated.pptx",
    "itemId": "01Y6SAZ65V6V3254737VGZ76ZQCXXV7BGV",
    "isFolder": false,
    "fileType": "application/vnd.openxmlformats-officedocument.presentationml.presentation",
    "fileSizeBytes": 9174259,
    "lastModified": "2023-07-27T14:28:48Z",
    "lastModifiedBy": "Sarah Nodarse",
    "extractedAt": "2025-04-08T22:04:40.156219",
    "activityCount": 0,
    "activities": []
  },
  {
    "userPrincipalName": "s.nodarse@lcwmail.com",
    "fileName": "GroupM_2024_Inclusion For All.pptx",
    "itemId": "01Y6SAZ64AE7ABC57XEBH3MHUYLMB3XLU4",
    "isFolder": false,
    "fileType": "application/vnd.openxmlformats-officedocument.presentationml.presentation",
    "fileSizeBytes": 10561228,
    "lastModified": "2024-02-07T14:51:03Z",
    "lastModifiedBy": "Sarah Nodarse",
    "extractedAt": "2025-04-08T22:04:40.982908",
    "activityCount": 0,
    "activities": []
  },
  {
    "userPrincipalName": "s.nodarse@lcwmail.com",
    "fileName": "Handout_VB_SN.pptx",
    "itemId": "01Y6SAZ66GXSI6C4CQT5B3CLSOTPU6J3FR",
    "isFolder": false,
    "fileType": "application/vnd.openxmlformats-officedocument.presentationml.presentation",
    "fileSizeBytes": 18379260,
    "lastModified": "2024-04-30T17:31:52Z",
    "lastModifiedBy": "Sarah Nodarse",
    "extractedAt": "2025-04-08T22:04:41.742982",
    "activityCount": 0,
    "activities": []
  },
  {
    "userPrincipalName": "s.nodarse@lcwmail.com",
    "fileName": "Hello all.docx",
    "itemId": "01Y6SAZ65RWCFFGMHG3JDJIE5JEGM2LBI7",
    "isFolder": false,
    "fileType": "application/vnd.openxmlformats-officedocument.wordprocessingml.document",
    "fileSizeBytes": 202403,
    "lastModified": "2020-08-11T20:44:24Z",
    "lastModifiedBy": "Sarah Nodarse",
    "extractedAt": "2025-04-08T22:04:42.482064",
    "activityCount": 0,
    "activities": []
  },
  {
    "userPrincipalName": "s.nodarse@lcwmail.com",
    "fileName": "Hi.docx",
    "itemId": "01Y6SAZ6Z2KVNYC7Y3RZFIUDFLKOSXXP5O",
    "isFolder": false,
    "fileType": "application/vnd.openxmlformats-officedocument.wordprocessingml.document",
    "fileSizeBytes": 14064,
    "lastModified": "2021-08-27T15:16:10Z",
    "lastModifiedBy": "Sarah Nodarse",
    "extractedAt": "2025-04-08T22:04:43.244982",
    "activityCount": 0,
    "activities": []
  },
  {
    "userPrincipalName": "s.nodarse@lcwmail.com",
    "fileName": "How to Be An Ally To Black Community_Carta_2024_1hr.pptx",
    "itemId": "01Y6SAZ6665H4UMJNVJRG3BOHG2JD4D53D",
    "isFolder": false,
    "fileType": "application/vnd.openxmlformats-officedocument.presentationml.presentation",
    "fileSizeBytes": 147272897,
    "lastModified": "2024-01-31T19:47:39Z",
    "lastModifiedBy": "Sarah Nodarse",
    "extractedAt": "2025-04-08T22:04:44.042368",
    "activityCount": 0,
    "activities": []
  },
  {
    "userPrincipalName": "s.nodarse@lcwmail.com",
    "fileName": "IDI results dashboard.xlsx",
    "itemId": "01Y6SAZ65T36TQHYG2JNG2IJOW2O5DCP3N",
    "isFolder": false,
    "fileType": "application/vnd.openxmlformats-officedocument.spreadsheetml.sheet",
    "fileSizeBytes": 26152,
    "lastModified": "2024-03-14T19:07:19Z",
    "lastModifiedBy": "Sarah Nodarse",
    "extractedAt": "2025-04-08T22:04:44.838767",
    "activityCount": 0,
    "activities": []
  },
  {
    "userPrincipalName": "s.nodarse@lcwmail.com",
    "fileName": "Improving CrossCultural Comm in Global Contexts_LCW_2024_AMERICAS_NR.pptx",
    "itemId": "01Y6SAZ662AKCUKH6VGJAIEKNYOVTOCDCV",
    "isFolder": false,
    "fileType": "application/vnd.openxmlformats-officedocument.presentationml.presentation",
    "fileSizeBytes": 47613002,
    "lastModified": "2024-09-30T19:17:39Z",
    "lastModifiedBy": "Sarah Nodarse",
    "extractedAt": "2025-04-08T22:04:45.633187",
    "activityCount": 0,
    "activities": []
  },
  {
    "userPrincipalName": "s.nodarse@lcwmail.com",
    "fileName": "Inclusion for Everyone_Understanding Culture and Identity_v3.pptx",
    "itemId": "01Y6SAZ62ZRMGETUHEWFFIDQ4C3AMZTXX3",
    "isFolder": false,
    "fileType": "application/vnd.openxmlformats-officedocument.presentationml.presentation",
    "fileSizeBytes": 29401640,
    "lastModified": "2024-02-29T18:11:50Z",
    "lastModifiedBy": "Sarah Nodarse",
    "extractedAt": "2025-04-08T22:04:46.372577",
    "activityCount": 0,
    "activities": []
  },
  {
    "userPrincipalName": "s.nodarse@lcwmail.com",
    "fileName": "Interview Data_Sarah.xlsx",
    "itemId": "01Y6SAZ67RE5N7G72BBNFJAI4IQ7ZNW7XD",
    "isFolder": false,
    "fileType": "application/vnd.openxmlformats-officedocument.spreadsheetml.sheet",
    "fileSizeBytes": 29555,
    "lastModified": "2024-05-16T12:04:43Z",
    "lastModifiedBy": "Sarah Nodarse",
    "extractedAt": "2025-04-08T22:04:47.194204",
    "activityCount": 0,
    "activities": []
  },
  {
    "userPrincipalName": "s.nodarse@lcwmail.com",
    "fileName": "June 2023 UPDATED GRAPHIC_USE THIS ONE.pptx",
    "itemId": "01Y6SAZ66WU7YAEIB6JRAJ3UB5UNWJ2AB3",
    "isFolder": false,
    "fileType": "application/vnd.openxmlformats-officedocument.presentationml.presentation",
    "fileSizeBytes": 2635622,
    "lastModified": "2023-06-05T15:21:04Z",
    "lastModifiedBy": "Sarah Nodarse",
    "extractedAt": "2025-04-08T22:04:48.011449",
    "activityCount": 0,
    "activities": []
  },
  {
    "userPrincipalName": "s.nodarse@lcwmail.com",
    "fileName": "LCW FACILITATOR DEVELOPMENT GUIDE_2024 UPDATED.docx",
    "itemId": "01Y6SAZ652IRPP5XVY2FFKKKMRSUDS3V7O",
    "isFolder": false,
    "fileType": "application/vnd.openxmlformats-officedocument.wordprocessingml.document",
    "fileSizeBytes": 1061945,
    "lastModified": "2024-03-04T18:58:44Z",
    "lastModifiedBy": "Sarah Nodarse",
    "extractedAt": "2025-04-08T22:04:48.829884",
    "activityCount": 0,
    "activities": []
  },
  {
    "userPrincipalName": "s.nodarse@lcwmail.com",
    "fileName": "LCW ObservationForm23_Sarah_11.17.2023.docx",
    "itemId": "01Y6SAZ63GDDK6GIMDG5E3QBXCVUGKFZKC",
    "isFolder": false,
    "fileType": "application/vnd.openxmlformats-officedocument.wordprocessingml.document",
    "fileSizeBytes": 39007,
    "lastModified": "2023-11-18T02:30:40Z",
    "lastModifiedBy": "Sarah Nodarse",
    "extractedAt": "2025-04-08T22:04:49.621302",
    "activityCount": 0,
    "activities": []
  },
  {
    "userPrincipalName": "s.nodarse@lcwmail.com",
    "fileName": "Leading Incluslively-Solo facilitator_2024_APAC_v1.pptx",
    "itemId": "01Y6SAZ67C6A3P3KAQSRAKL2Q4H6OIWTRO",
    "isFolder": false,
    "fileType": "application/vnd.openxmlformats-officedocument.presentationml.presentation",
    "fileSizeBytes": 105750008,
    "lastModified": "2024-07-01T19:03:24Z",
    "lastModifiedBy": "Sarah Nodarse",
    "extractedAt": "2025-04-08T22:04:50.394671",
    "activityCount": 0,
    "activities": []
  },
  {
    "userPrincipalName": "s.nodarse@lcwmail.com",
    "fileName": "Leading Incluslively-Solo facilitator_2024_APAC_v2.pptx",
    "itemId": "01Y6SAZ6YYAPET44JIXZFY5RBNZTBHLBRA",
    "isFolder": false,
    "fileType": "application/vnd.openxmlformats-officedocument.presentationml.presentation",
    "fileSizeBytes": 105445148,
    "lastModified": "2024-07-10T11:08:41Z",
    "lastModifiedBy": "Sarah Nodarse",
    "extractedAt": "2025-04-08T22:04:51.188483",
    "activityCount": 0,
    "activities": []
  },
  {
    "userPrincipalName": "s.nodarse@lcwmail.com",
    "fileName": "Leading Incluslively-Solo facilitator_2024_CANADA v2.pptx",
    "itemId": "01Y6SAZ673XNMFDMXS45DIFF7AJRGKEEZI",
    "isFolder": false,
    "fileType": "application/vnd.openxmlformats-officedocument.presentationml.presentation",
    "fileSizeBytes": 126153673,
    "lastModified": "2024-07-10T10:01:48Z",
    "lastModifiedBy": "Sarah Nodarse",
    "extractedAt": "2025-04-08T22:04:51.919045",
    "activityCount": 0,
    "activities": []
  },
  {
    "userPrincipalName": "s.nodarse@lcwmail.com",
    "fileName": "Leading Incluslively-Solo facilitator_2024_LATAM_v2.pptx",
    "itemId": "01Y6SAZ67QDICXE5BBJZBJGIUGNQWSIOO2",
    "isFolder": false,
    "fileType": "application/vnd.openxmlformats-officedocument.presentationml.presentation",
    "fileSizeBytes": 680394658,
    "lastModified": "2024-07-10T08:08:07Z",
    "lastModifiedBy": "Sarah Nodarse",
    "extractedAt": "2025-04-08T22:04:52.654672",
    "activityCount": 0,
    "activities": []
  },
  {
    "userPrincipalName": "s.nodarse@lcwmail.com",
    "fileName": "Leading-with-Inclusion_GroupM_AGENDAv3.xlsx",
    "itemId": "01Y6SAZ6YRU27VUHPR7RFYCU3JRRLFJGMN",
    "isFolder": false,
    "fileType": "application/vnd.openxmlformats-officedocument.spreadsheetml.sheet",
    "fileSizeBytes": 22962,
    "lastModified": "2024-07-10T05:15:36Z",
    "lastModifiedBy": "Sarah Nodarse",
    "extractedAt": "2025-04-08T22:04:53.376803",
    "activityCount": 0,
    "activities": []
  },
  {
    "userPrincipalName": "s.nodarse@lcwmail.com",
    "fileName": "Maple Grove SCI Workshop v3.pptx",
    "itemId": "01Y6SAZ66ANLDMSKWKQNGLNE73NZI6CVM3",
    "isFolder": false,
    "fileType": "application/vnd.openxmlformats-officedocument.presentationml.presentation",
    "fileSizeBytes": 6963612,
    "lastModified": "2024-05-31T17:17:51Z",
    "lastModifiedBy": "Sarah Nodarse",
    "extractedAt": "2025-04-08T22:04:54.089179",
    "activityCount": 0,
    "activities": []
  },
  {
    "userPrincipalName": "s.nodarse@lcwmail.com",
    "fileName": "Maple Grove SCI Workshop_2024_v2_7.15.24.pptx",
    "itemId": "01Y6SAZ62POZ6URQV3YNG2VL72DA7BZWI7",
    "isFolder": false,
    "fileType": "application/vnd.openxmlformats-officedocument.presentationml.presentation",
    "fileSizeBytes": 6568297,
    "lastModified": "2024-07-15T17:24:36Z",
    "lastModifiedBy": "Sarah Nodarse",
    "extractedAt": "2025-04-08T22:04:54.809703",
    "activityCount": 0,
    "activities": []
  },
  {
    "userPrincipalName": "s.nodarse@lcwmail.com",
    "fileName": "Maple Grove SCI Workshop_2024_v3_7.18.24.pptx",
    "itemId": "01Y6SAZ64UXUBXTK3WANBIB2O7RWYA2C4V",
    "isFolder": false,
    "fileType": "application/vnd.openxmlformats-officedocument.presentationml.presentation",
    "fileSizeBytes": 8578333,
    "lastModified": "2024-07-18T14:25:49Z",
    "lastModifiedBy": "Sarah Nodarse",
    "extractedAt": "2025-04-08T22:04:55.536078",
    "activityCount": 0,
    "activities": []
  },
  {
    "userPrincipalName": "s.nodarse@lcwmail.com",
    "fileName": "Maple Grove SCI Workshop_7.1.24.pptx",
    "itemId": "01Y6SAZ66UCLAMSACLNJGKNE6ESBV5XZVJ",
    "isFolder": false,
    "fileType": "application/vnd.openxmlformats-officedocument.presentationml.presentation",
    "fileSizeBytes": 5233332,
    "lastModified": "2024-07-01T14:31:13Z",
    "lastModifiedBy": "Sarah Nodarse",
    "extractedAt": "2025-04-08T22:04:56.295678",
    "activityCount": 0,
    "activities": []
  },
  {
    "userPrincipalName": "s.nodarse@lcwmail.com",
    "fileName": "MSLicensesList_June2023_SN2.xlsx",
    "itemId": "01Y6SAZ67FELNBBXKD3RHLLWNAQMPRSUE5",
    "isFolder": false,
    "fileType": "application/vnd.openxmlformats-officedocument.spreadsheetml.sheet",
    "fileSizeBytes": 26855,
    "lastModified": "2023-06-15T19:29:35Z",
    "lastModifiedBy": "Sarah Nodarse",
    "extractedAt": "2025-04-08T22:04:57.053874",
    "activityCount": 0,
    "activities": []
  },
  {
    "userPrincipalName": "s.nodarse@lcwmail.com",
    "fileName": "Preliminary Diagnostic_Fillable_EDITABLE_Updated June 2023.pptx",
    "itemId": "01Y6SAZ67CJNN5NQBLDZG33CPYE4GAX3OV",
    "isFolder": false,
    "fileType": "application/vnd.openxmlformats-officedocument.presentationml.presentation",
    "fileSizeBytes": 8617913,
    "lastModified": "2023-06-06T16:12:43Z",
    "lastModifiedBy": "Sarah Nodarse",
    "extractedAt": "2025-04-08T22:04:57.858336",
    "activityCount": 0,
    "activities": []
  },
  {
    "userPrincipalName": "s.nodarse@lcwmail.com",
    "fileName": "Presentation1.pptx",
    "itemId": "01Y6SAZ63TINYMPHWPMVEY6CIWJY632TXA",
    "isFolder": false,
    "fileType": "application/vnd.openxmlformats-officedocument.presentationml.presentation",
    "fileSizeBytes": 212022,
    "lastModified": "2024-07-17T18:05:36Z",
    "lastModifiedBy": "Sarah Nodarse",
    "extractedAt": "2025-04-08T22:04:58.622941",
    "activityCount": 0,
    "activities": []
  },
  {
    "userPrincipalName": "s.nodarse@lcwmail.com",
    "fileName": "Project Assignment.docx",
    "itemId": "01Y6SAZ65A3GHIBYIRCNDYJFPURLMCHVQ6",
    "isFolder": false,
    "fileType": "application/vnd.openxmlformats-officedocument.wordprocessingml.document",
    "fileSizeBytes": 511734,
    "lastModified": "2020-11-23T16:35:55Z",
    "lastModifiedBy": "Sarah Nodarse",
    "extractedAt": "2025-04-08T22:04:59.392382",
    "activityCount": 0,
    "activities": []
  },
  {
    "userPrincipalName": "s.nodarse@lcwmail.com",
    "fileName": "Prudential Digital Assets.docx",
    "itemId": "01Y6SAZ65AGCKNTR7TURDJA2IQR4CMLTUA",
    "isFolder": false,
    "fileType": "application/vnd.openxmlformats-officedocument.wordprocessingml.document",
    "fileSizeBytes": 22308,
    "lastModified": "2020-12-08T17:23:29Z",
    "lastModifiedBy": "Sarah Nodarse",
    "extractedAt": "2025-04-08T22:05:00.223172",
    "activityCount": 0,
    "activities": []
  },
  {
    "userPrincipalName": "s.nodarse@lcwmail.com",
    "fileName": "Sarah @ LCW",
    "itemId": "01Y6SAZ64RIQQBDH7JZ5CIVJUPMIYA6WHQ",
    "isFolder": true,
    "fileType": "folder",
    "fileSizeBytes": "N/A",
    "lastModified": "2024-08-19T17:56:32Z",
    "lastModifiedBy": "Sarah Nodarse",
    "extractedAt": "2025-04-08T22:05:00.998642",
    "activityCount": 0,
    "activities": []
  },
  {
    "userPrincipalName": "s.nodarse@lcwmail.com",
    "fileName": "Sarah_BOB_2024.xlsx",
    "itemId": "01Y6SAZ63AOPXHMC6GS5BIV3PKXR2YKVIC",
    "isFolder": false,
    "fileType": "application/vnd.openxmlformats-officedocument.spreadsheetml.sheet",
    "fileSizeBytes": 167177,
    "lastModified": "2024-08-22T16:08:52Z",
    "lastModifiedBy": "Sarah Nodarse",
    "extractedAt": "2025-04-08T22:05:01.793907",
    "activityCount": 0,
    "activities": []
  },
  {
    "userPrincipalName": "s.nodarse@lcwmail.com",
    "fileName": "SCI Model Graphic_Edited for Sarah.pptx",
    "itemId": "01Y6SAZ674SD4QB5GNRVFKR7MPJSMO6J24",
    "isFolder": false,
    "fileType": "application/vnd.openxmlformats-officedocument.presentationml.presentation",
    "fileSizeBytes": 2619216,
    "lastModified": "2023-05-25T17:05:02Z",
    "lastModifiedBy": "Sarah Nodarse",
    "extractedAt": "2025-04-08T22:05:02.573590",
    "activityCount": 0,
    "activities": []
  },
  {
    "userPrincipalName": "s.nodarse@lcwmail.com",
    "fileName": "SN Projected Billings.xlsx",
    "itemId": "01Y6SAZ6ZHT5N2SBFIXJCZSSGHJ7SLDAQU",
    "isFolder": false,
    "fileType": "application/vnd.openxmlformats-officedocument.spreadsheetml.sheet",
    "fileSizeBytes": 10229,
    "lastModified": "2022-08-29T23:36:24Z",
    "lastModifiedBy": "Sarah Nodarse",
    "extractedAt": "2025-04-08T22:05:03.327107",
    "activityCount": 0,
    "activities": []
  },
  {
    "userPrincipalName": "s.nodarse@lcwmail.com",
    "fileName": "SOW 2023-100_Scheduling_TTT_Feb 2024.docx",
    "itemId": "01Y6SAZ6Z6FW6PPJVYD5H2S632UFRVNG3A",
    "isFolder": false,
    "fileType": "application/vnd.openxmlformats-officedocument.wordprocessingml.document",
    "fileSizeBytes": 22162,
    "lastModified": "2023-11-29T22:24:48Z",
    "lastModifiedBy": "Sarah Nodarse",
    "extractedAt": "2025-04-08T22:05:04.191554",
    "activityCount": 0,
    "activities": []
  },
  {
    "userPrincipalName": "s.nodarse@lcwmail.com",
    "fileName": "SOW 2023-171 Cue Health ELearning Subscription.docx",
    "itemId": "01Y6SAZ67H7LGLUZA7P5AL3RFEO3QBCQPG",
    "isFolder": false,
    "fileType": "application/vnd.openxmlformats-officedocument.wordprocessingml.document",
    "fileSizeBytes": 204573,
    "lastModified": "2023-06-13T18:36:51Z",
    "lastModifiedBy": "Sarah Nodarse",
    "extractedAt": "2025-04-08T22:05:04.998543",
    "activityCount": 0,
    "activities": []
  },
  {
    "userPrincipalName": "s.nodarse@lcwmail.com",
    "fileName": "SPEAKER NOTES FOR BUSINESS CASE SLIDE.docx",
    "itemId": "01Y6SAZ6ZL56QOIHLHCZEZVJ5JTJOLYQTX",
    "isFolder": false,
    "fileType": "application/vnd.openxmlformats-officedocument.wordprocessingml.document",
    "fileSizeBytes": 43061,
    "lastModified": "2021-03-09T14:40:01Z",
    "lastModifiedBy": "Sarah Nodarse",
    "extractedAt": "2025-04-08T22:05:05.938960",
    "activityCount": 0,
    "activities": []
  },
  {
    "userPrincipalName": "s.nodarse@lcwmail.com",
    "fileName": "SPOTLIGHT on Hispanic-Latino_Alpharetta_3.27.pptx",
    "itemId": "01Y6SAZ6YHM3VWJKKCTVH2CONLOLBTZCMD",
    "isFolder": false,
    "fileType": "application/vnd.openxmlformats-officedocument.presentationml.presentation",
    "fileSizeBytes": 43475293,
    "lastModified": "2024-03-27T14:44:31Z",
    "lastModifiedBy": "Sarah Nodarse",
    "extractedAt": "2025-04-08T22:05:06.843028",
    "activityCount": 0,
    "activities": []
  },
  {
    "userPrincipalName": "s.nodarse@lcwmail.com",
    "fileName": "SPOTLIGHT on Hispanic-Latinx_Generic_Alpharetta 2024.pptx",
    "itemId": "01Y6SAZ6YYAUANFQQA3FDIGT6IRGB7CNDR",
    "isFolder": false,
    "fileType": "application/vnd.openxmlformats-officedocument.presentationml.presentation",
    "fileSizeBytes": 144211454,
    "lastModified": "2024-03-06T21:07:09Z",
    "lastModifiedBy": "Sarah Nodarse",
    "extractedAt": "2025-04-08T22:05:07.684226",
    "activityCount": 0,
    "activities": []
  },
  {
    "userPrincipalName": "s.nodarse@lcwmail.com",
    "fileName": "SPOTLIGHT PwD LAS24 (Sarah's SPEAKER NOTES).pptx",
    "itemId": "01Y6SAZ63AULCWNVIAOREYOWYR6ROMYFK5",
    "isFolder": false,
    "fileType": "application/vnd.openxmlformats-officedocument.presentationml.presentation",
    "fileSizeBytes": 111496075,
    "lastModified": "2024-06-11T15:57:28Z",
    "lastModifiedBy": "Sarah Nodarse",
    "extractedAt": "2025-04-08T22:05:08.584913",
    "activityCount": 0,
    "activities": []
  },
  {
    "userPrincipalName": "s.nodarse@lcwmail.com",
    "fileName": "Themes - MG Leadership DEI Interview Questions June 2024.docx",
    "itemId": "01Y6SAZ66ELFHR6FJNWNBLBBEXQVCP6F3M",
    "isFolder": false,
    "fileType": "application/vnd.openxmlformats-officedocument.wordprocessingml.document",
    "fileSizeBytes": 86941,
    "lastModified": "2024-07-01T14:49:16Z",
    "lastModifiedBy": "Sarah Nodarse",
    "extractedAt": "2025-04-08T22:05:09.463514",
    "activityCount": 0,
    "activities": []
  },
  {
    "userPrincipalName": "s.nodarse@lcwmail.com",
    "fileName": "This model shows us why we need cultural competence as we navigate basic human interactions.docx",
    "itemId": "01Y6SAZ6Y3GMPH66MPW5AJSS7FT43WUFKN",
    "isFolder": false,
    "fileType": "application/vnd.openxmlformats-officedocument.wordprocessingml.document",
    "fileSizeBytes": 15809,
    "lastModified": "2024-06-25T14:09:02Z",
    "lastModifiedBy": "Sarah Nodarse",
    "extractedAt": "2025-04-08T22:05:10.327625",
    "activityCount": 0,
    "activities": []
  },
  {
    "userPrincipalName": "s.nodarse@lcwmail.com",
    "fileName": "Thompson Hine 2024-153 Spotlight PA_Hanadi.docx",
    "itemId": "01Y6SAZ67LGBMDAKLMEBAJWLBLWTZOCJX6",
    "isFolder": false,
    "fileType": "application/vnd.openxmlformats-officedocument.wordprocessingml.document",
    "fileSizeBytes": 64381,
    "lastModified": "2024-05-30T20:36:25Z",
    "lastModifiedBy": "Sarah Nodarse",
    "extractedAt": "2025-04-08T22:05:11.241408",
    "activityCount": 0,
    "activities": []
  },
  {
    "userPrincipalName": "s.nodarse@lcwmail.com",
    "fileName": "TTT_Prework_Alpharetta Site_Feb 2024_Final.pptx",
    "itemId": "01Y6SAZ62LJ5TR7W7H45GYE4KEPSZLBG6T",
    "isFolder": false,
    "fileType": "application/vnd.openxmlformats-officedocument.presentationml.presentation",
    "fileSizeBytes": 5713490,
    "lastModified": "2024-02-12T17:34:16Z",
    "lastModifiedBy": "Sarah Nodarse",
    "extractedAt": "2025-04-08T22:05:12.110789",
    "activityCount": 0,
    "activities": []
  },
  {
    "userPrincipalName": "s.nodarse@lcwmail.com",
    "fileName": "Uchicago_Bill Itemization_Jan 2023.docx",
    "itemId": "01Y6SAZ6ZILQWCIGQL4VGIR45WBSZJ4D2N",
    "isFolder": false,
    "fileType": "application/vnd.openxmlformats-officedocument.wordprocessingml.document",
    "fileSizeBytes": 21979,
    "lastModified": "2023-01-12T12:31:50Z",
    "lastModifiedBy": "Sarah Nodarse",
    "extractedAt": "2025-04-08T22:05:12.838802",
    "activityCount": 0,
    "activities": []
  },
  {
    "userPrincipalName": "s.nodarse@lcwmail.com",
    "fileName": "UL Solutions_Global Inclusion Forum_Session Descriptions_Objectives.pptx",
    "itemId": "01Y6SAZ65PBESSPQG3NVD32T4EQK7GEE6U",
    "isFolder": false,
    "fileType": "application/vnd.openxmlformats-officedocument.presentationml.presentation",
    "fileSizeBytes": 1895300,
    "lastModified": "2024-08-09T18:02:42Z",
    "lastModifiedBy": "Sarah Nodarse",
    "extractedAt": "2025-04-08T22:05:13.580062",
    "activityCount": 0,
    "activities": []
  },
  {
    "userPrincipalName": "s.nodarse@lcwmail.com",
    "fileName": "UL Solutions_Neurodiversity Spotlight_2024_APAC.pptx",
    "itemId": "01Y6SAZ636AVYVOORADZG2R64AKDO7EEQZ",
    "isFolder": false,
    "fileType": "application/vnd.openxmlformats-officedocument.presentationml.presentation",
    "fileSizeBytes": 70690987,
    "lastModified": "2024-09-27T21:28:56Z",
    "lastModifiedBy": "Sarah Nodarse",
    "extractedAt": "2025-04-08T22:05:14.349204",
    "activityCount": 0,
    "activities": []
  },
  {
    "userPrincipalName": "s.nodarse@lcwmail.com",
    "fileName": "UL Solutions_Neurodiversity Spotlight_2024_Master.pptx",
    "itemId": "01Y6SAZ62IXE4WF3AAJJE2DHQJUI4RQJ3H",
    "isFolder": false,
    "fileType": "application/vnd.openxmlformats-officedocument.presentationml.presentation",
    "fileSizeBytes": 97257206,
    "lastModified": "2024-08-21T21:36:38Z",
    "lastModifiedBy": "Sarah Nodarse",
    "extractedAt": "2025-04-08T22:05:15.143131",
    "activityCount": 0,
    "activities": []
  },
  {
    "userPrincipalName": "s.nodarse@lcwmail.com",
    "fileName": "Understanding The Black Experience_4hours_Huron_Jan 30 2024_sarah.pptx",
    "itemId": "01Y6SAZ67VBEWNVFBN7ZAYWJM4QV4W63MI",
    "isFolder": false,
    "fileType": "application/vnd.openxmlformats-officedocument.presentationml.presentation",
    "fileSizeBytes": 318877100,
    "lastModified": "2024-01-30T17:40:49Z",
    "lastModifiedBy": "Sarah Nodarse",
    "extractedAt": "2025-04-08T22:05:15.998636",
    "activityCount": 0,
    "activities": []
  },
  {
    "userPrincipalName": "s.nodarse@lcwmail.com",
    "fileName": "Voya 2023-221 Sessions Scheduler v1.xlsx",
    "itemId": "01Y6SAZ65LD3IWURFRRBA3QORFCQTQ27FL",
    "isFolder": false,
    "fileType": "application/vnd.openxmlformats-officedocument.spreadsheetml.sheet",
    "fileSizeBytes": 52952,
    "lastModified": "2024-07-30T15:22:23Z",
    "lastModifiedBy": "Sarah Nodarse",
    "extractedAt": "2025-04-08T22:05:16.799211",
    "activityCount": 0,
    "activities": []
  },
  {
    "userPrincipalName": "s.nodarse@lcwmail.com",
    "fileName": "VOYA_MBTA_LCW_January 19 2024.pptx",
    "itemId": "01Y6SAZ64UVDJI26SS3NAY3BZD77PPVFUM",
    "isFolder": false,
    "fileType": "application/vnd.openxmlformats-officedocument.presentationml.presentation",
    "fileSizeBytes": 40450969,
    "lastModified": "2024-01-18T16:38:30Z",
    "lastModifiedBy": "Sarah Nodarse",
    "extractedAt": "2025-04-08T22:05:17.607758",
    "activityCount": 0,
    "activities": []
  },
  {
    "userPrincipalName": "s.nodarse@lcwmail.com",
    "fileName": "VOYA_MBTA_LCW_January 19 2024_FINAL_Review Copy.pptx",
    "itemId": "01Y6SAZ67MIF43QML7WNAZLSK3YQFLVCYG",
    "isFolder": false,
    "fileType": "application/vnd.openxmlformats-officedocument.presentationml.presentation",
    "fileSizeBytes": 35970698,
    "lastModified": "2024-04-15T14:44:23Z",
    "lastModifiedBy": "Sarah Nodarse",
    "extractedAt": "2025-04-08T22:05:18.423110",
    "activityCount": 0,
    "activities": []
  },
  {
    "userPrincipalName": "s.nodarse@lcwmail.com",
    "fileName": "Weekly Status Report SARAH.xlsx",
    "itemId": "01Y6SAZ667Q6N5DJ7NDJHLUBL45DOJH6TT",
    "isFolder": false,
    "fileType": "application/vnd.openxmlformats-officedocument.spreadsheetml.sheet",
    "fileSizeBytes": 62823,
    "lastModified": "2019-09-05T16:32:09Z",
    "lastModifiedBy": "Sarah Nodarse",
    "extractedAt": "2025-04-08T22:05:19.216898",
    "activityCount": 0,
    "activities": []
  },
  {
    "userPrincipalName": "s.nodarse@lcwmail.com",
    "fileName": "WLH-LCW Workshop2_NA_Strategies.pptx",
    "itemId": "01Y6SAZ63VKECEZOCBGZA3G2YLH42Z2SHO",
    "isFolder": false,
    "fileType": "application/vnd.openxmlformats-officedocument.presentationml.presentation",
    "fileSizeBytes": 11217095,
    "lastModified": "2024-07-23T17:44:58Z",
    "lastModifiedBy": "Sarah Nodarse",
    "extractedAt": "2025-04-08T22:05:20.081836",
    "activityCount": 0,
    "activities": []
  },
  {
    "userPrincipalName": "s.nodarse@lcwmail.com",
    "fileName": "WomenLift Health and LCW_Sustainable Inclusion in Global Health_Project Plan v4.xlsx",
    "itemId": "01Y6SAZ6ZWU3BLSXETAFBKDIV32CGRK63B",
    "isFolder": false,
    "fileType": "application/vnd.openxmlformats-officedocument.spreadsheetml.sheet",
    "fileSizeBytes": 60154,
    "lastModified": "2023-11-28T20:49:39Z",
    "lastModifiedBy": "Sarah Nodarse",
    "extractedAt": "2025-04-08T22:05:20.929118",
    "activityCount": 0,
    "activities": []
  },
  {
    "userPrincipalName": "s.nodarse@lcwmail.com",
    "fileName": "WomenLift Health Workshop 1_Outline_v1.pptx",
    "itemId": "01Y6SAZ65MQCOF54MQBBEYXVEVCARAVSQL",
    "isFolder": false,
    "fileType": "application/vnd.openxmlformats-officedocument.presentationml.presentation",
    "fileSizeBytes": 795104,
    "lastModified": "2023-12-12T16:19:28Z",
    "lastModifiedBy": "Sarah Nodarse",
    "extractedAt": "2025-04-08T22:05:21.777113",
    "activityCount": 0,
    "activities": []
  }
]