[
  {
    "userPrincipalName": "P.seminario@lcwmail.com",
    "fileName": "Apps",
    "itemId": "01FDUOHUGLX2VED5TLWFC246HLDDIPLSIU",
    "isFolder": true,
    "fileType": "folder",
    "fileSizeBytes": "N/A",
    "lastModified": "2023-08-17T17:57:04Z",
    "lastModifiedBy": "Pedro Seminario",
    "extractedAt": "2025-04-08T22:03:29.897372",
    "activityCount": 0,
    "activities": []
  },
  {
    "userPrincipalName": "P.seminario@lcwmail.com",
    "fileName": "Attachments",
    "itemId": "01FDUOHUAU6DGUL55FNBEZ4UE5TBTUGRPJ",
    "isFolder": true,
    "fileType": "folder",
    "fileSizeBytes": "N/A",
    "lastModified": "2023-03-28T15:02:55Z",
    "lastModifiedBy": "Pedro Seminario",
    "extractedAt": "2025-04-08T22:03:30.812590",
    "activityCount": 0,
    "activities": []
  },
  {
    "userPrincipalName": "P.seminario@lcwmail.com",
    "fileName": "Desktop",
    "itemId": "01FDUOHUHKWJVF7VZSQNAYHHJVLMB2A3SI",
    "isFolder": true,
    "fileType": "folder",
    "fileSizeBytes": "N/A",
    "lastModified": "2022-12-27T20:12:21Z",
    "lastModifiedBy": "Pedro Seminario",
    "extractedAt": "2025-04-08T22:03:31.766413",
    "activityCount": 0,
    "activities": []
  },
  {
    "userPrincipalName": "P.seminario@lcwmail.com",
    "fileName": "Documents",
    "itemId": "01FDUOHUHYRMITRRIOEVCIRK43KFSS54JL",
    "isFolder": true,
    "fileType": "folder",
    "fileSizeBytes": "N/A",
    "lastModified": "2022-12-27T20:12:21Z",
    "lastModifiedBy": "Pedro Seminario",
    "extractedAt": "2025-04-08T22:03:32.708346",
    "activityCount": 0,
    "activities": []
  },
  {
    "userPrincipalName": "P.seminario@lcwmail.com",
    "fileName": "Meetings",
    "itemId": "01FDUOHUDF3M4XWFP6C5HLG53OR5CB5OGF",
    "isFolder": true,
    "fileType": "folder",
    "fileSizeBytes": "N/A",
    "lastModified": "2024-10-03T17:17:36Z",
    "lastModifiedBy": "Pedro Seminario",
    "extractedAt": "2025-04-08T22:03:33.720063",
    "activityCount": 0,
    "activities": []
  },
  {
    "userPrincipalName": "P.seminario@lcwmail.com",
    "fileName": "Microsoft Teams Chat Files",
    "itemId": "01FDUOHUDMTGTNWLDJEJGYCOMX33IMXV22",
    "isFolder": true,
    "fileType": "folder",
    "fileSizeBytes": "N/A",
    "lastModified": "2023-01-27T17:38:41Z",
    "lastModifiedBy": "Pedro Seminario",
    "extractedAt": "2025-04-08T22:03:34.679067",
    "activityCount": 0,
    "activities": []
  },
  {
    "userPrincipalName": "P.seminario@lcwmail.com",
    "fileName": "Pictures",
    "itemId": "01FDUOHUAO6NDNIOJQPJALCRJWTGIFYGXA",
    "isFolder": true,
    "fileType": "folder",
    "fileSizeBytes": "N/A",
    "lastModified": "2022-12-27T20:12:22Z",
    "lastModifiedBy": "Pedro Seminario",
    "extractedAt": "2025-04-08T22:03:35.618531",
    "activityCount": 0,
    "activities": []
  },
  {
    "userPrincipalName": "P.seminario@lcwmail.com",
    "fileName": "Recordings",
    "itemId": "01FDUOHUFRU4RWJEG2MBHKRDTLXZEUZQYK",
    "isFolder": true,
    "fileType": "folder",
    "fileSizeBytes": "N/A",
    "lastModified": "2024-09-27T18:21:20Z",
    "lastModifiedBy": "SharePoint App",
    "extractedAt": "2025-04-08T22:03:36.626186",
    "activityCount": 0,
    "activities": []
  },
  {
    "userPrincipalName": "P.seminario@lcwmail.com",
    "fileName": "Pedro @ LCW",
    "itemId": "01FDUOHUETP6DCKQEOJNGYH5SFMSJSSLFO",
    "isFolder": true,
    "fileType": "folder",
    "fileSizeBytes": "N/A",
    "lastModified": "2023-03-30T14:22:03Z",
    "lastModifiedBy": "Pedro Seminario",
    "extractedAt": "2025-04-08T22:03:37.605696",
    "activityCount": 0,
    "activities": []
  }
]