[
  {
    "userPrincipalName": "d.puehler@lcwmail.com",
    "fileName": "Apps",
    "itemId": "01ZXUKQM2CMEEYM3FL2FELUGSN2SDBLFRZ",
    "isFolder": true,
    "fileType": "folder",
    "fileSizeBytes": "N/A",
    "lastModified": "2023-08-10T04:06:13Z",
    "lastModifiedBy": "Dustin Puehler",
    "extractedAt": "2025-04-08T22:04:46.021723",
    "activityCount": 0,
    "activities": []
  },
  {
    "userPrincipalName": "d.puehler@lcwmail.com",
    "fileName": "Attachments",
    "itemId": "01ZXUKQM6F6KZHO3RCZJDJW35OYO4TDJR4",
    "isFolder": true,
    "fileType": "folder",
    "fileSizeBytes": "N/A",
    "lastModified": "2017-08-31T14:47:04Z",
    "lastModifiedBy": "Dustin Puehler",
    "extractedAt": "2025-04-08T22:04:46.873374",
    "activityCount": 0,
    "activities": []
  },
  {
    "userPrincipalName": "d.puehler@lcwmail.com",
    "fileName": "Introduction to Managing Unconscious Bias - English",
    "itemId": "01ZXUKQM6A5Y3GFMNTRRFYHMKLGW6JAUYV",
    "isFolder": true,
    "fileType": "folder",
    "fileSizeBytes": "N/A",
    "lastModified": "2019-10-17T18:06:27Z",
    "lastModifiedBy": "Dustin Puehler",
    "extractedAt": "2025-04-08T22:04:47.726398",
    "activityCount": 0,
    "activities": []
  },
  {
    "userPrincipalName": "d.puehler@lcwmail.com",
    "fileName": "Microsoft Teams Chat Files",
    "itemId": "01ZXUKQM6RWZRAH52NYBA2O5WOH2KIZV3O",
    "isFolder": true,
    "fileType": "folder",
    "fileSizeBytes": "N/A",
    "lastModified": "2020-10-14T18:08:42Z",
    "lastModifiedBy": "Dustin Puehler",
    "extractedAt": "2025-04-08T22:04:48.515763",
    "activityCount": 0,
    "activities": []
  },
  {
    "userPrincipalName": "d.puehler@lcwmail.com",
    "fileName": "Recordings",
    "itemId": "01ZXUKQM5YRHDE66METFD3VJ6JA3J355QQ",
    "isFolder": true,
    "fileType": "folder",
    "fileSizeBytes": "N/A",
    "lastModified": "2023-09-26T20:58:36Z",
    "lastModifiedBy": "Dustin Puehler",
    "extractedAt": "2025-04-08T22:04:49.341022",
    "activityCount": 0,
    "activities": []
  },
  {
    "userPrincipalName": "d.puehler@lcwmail.com",
    "fileName": "analytics-frame.html",
    "itemId": "01ZXUKQM62T7KI6F6OKNHITUSQHXNSHVIJ",
    "isFolder": false,
    "fileType": "text/html",
    "fileSizeBytes": 4072,
    "lastModified": "2019-10-17T18:10:53Z",
    "lastModifiedBy": "Dustin Puehler",
    "extractedAt": "2025-04-08T22:04:50.139486",
    "activityCount": 0,
    "activities": []
  },
  {
    "userPrincipalName": "d.puehler@lcwmail.com",
    "fileName": "Beats.docx",
    "itemId": "01ZXUKQMZ4WFGDSETB4VFK4YHXZBL33IDO",
    "isFolder": false,
    "fileType": "application/vnd.openxmlformats-officedocument.wordprocessingml.document",
    "fileSizeBytes": 20404,
    "lastModified": "2022-03-11T22:09:59Z",
    "lastModifiedBy": "Dustin Puehler",
    "extractedAt": "2025-04-08T22:04:50.870550",
    "activityCount": 0,
    "activities": []
  },
  {
    "userPrincipalName": "d.puehler@lcwmail.com",
    "fileName": "Dustin @ LCW",
    "itemId": "01ZXUKQM2VJV2IBTMFJJALPEEO2M65KZET",
    "isFolder": true,
    "fileType": "folder",
    "fileSizeBytes": "N/A",
    "lastModified": "2019-12-06T19:32:54Z",
    "lastModifiedBy": "Dustin Puehler",
    "extractedAt": "2025-04-08T22:04:51.609201",
    "activityCount": 0,
    "activities": []
  },
  {
    "userPrincipalName": "d.puehler@lcwmail.com",
    "fileName": "Old Gold.docx",
    "itemId": "01ZXUKQMYSG3AQFC2ZYRB3CCBOLYZGOGPE",
    "isFolder": false,
    "fileType": "application/vnd.openxmlformats-officedocument.wordprocessingml.document",
    "fileSizeBytes": 18878,
    "lastModified": "2021-01-18T01:21:47Z",
    "lastModifiedBy": "Dustin Puehler",
    "extractedAt": "2025-04-08T22:04:52.378886",
    "activityCount": 0,
    "activities": []
  },
  {
    "userPrincipalName": "d.puehler@lcwmail.com",
    "fileName": "Presentation1.pptx",
    "itemId": "01ZXUKQM4DAQYHGVDOUFCLLWTO4PRX523I",
    "isFolder": false,
    "fileType": "application/vnd.openxmlformats-officedocument.presentationml.presentation",
    "fileSizeBytes": 77528,
    "lastModified": "2023-08-17T20:42:49Z",
    "lastModifiedBy": "Dustin Puehler",
    "extractedAt": "2025-04-08T22:04:53.153580",
    "activityCount": 0,
    "activities": []
  },
  {
    "userPrincipalName": "d.puehler@lcwmail.com",
    "fileName": "Quote for Hain Celestial GER, SPA LA.docx",
    "itemId": "01ZXUKQM6YMGVKVFQQP5EKFGZIDXZVWMVB",
    "isFolder": false,
    "fileType": "application/vnd.openxmlformats-officedocument.wordprocessingml.document",
    "fileSizeBytes": 25073,
    "lastModified": "2023-10-19T18:37:30Z",
    "lastModifiedBy": "Dustin Puehler",
    "extractedAt": "2025-04-08T22:04:53.937401",
    "activityCount": 0,
    "activities": []
  }
]