[
  {
    "userPrincipalName": "n.geleta@lcwmail.com",
    "fileName": "Attachments",
    "itemId": "01OTLZPECNPGAUB3S7A5GJ5OYGQ3H3P5MQ",
    "isFolder": true,
    "fileType": "folder",
    "fileSizeBytes": "N/A",
    "lastModified": "2023-05-23T14:06:43Z",
    "lastModifiedBy": "Nassise Geleta",
    "extractedAt": "2025-04-08T22:03:20.381517",
    "activityCount": 0,
    "activities": []
  },
  {
    "userPrincipalName": "n.geleta@lcwmail.com",
    "fileName": "Desktop",
    "itemId": "01OTLZPEEQYCK7WVYMSNE2EUUKVF7NYZUC",
    "isFolder": true,
    "fileType": "folder",
    "fileSizeBytes": "N/A",
    "lastModified": "2022-06-28T22:59:26Z",
    "lastModifiedBy": "Nassise Geleta",
    "extractedAt": "2025-04-08T22:03:21.276076",
    "activityCount": 0,
    "activities": []
  },
  {
    "userPrincipalName": "n.geleta@lcwmail.com",
    "fileName": "Documents",
    "itemId": "01OTLZPEHW4A3RTAEZYJHIL2OUOWEK5WUT",
    "isFolder": true,
    "fileType": "folder",
    "fileSizeBytes": "N/A",
    "lastModified": "2022-06-28T22:59:27Z",
    "lastModifiedBy": "Nassise Geleta",
    "extractedAt": "2025-04-08T22:03:22.165591",
    "activityCount": 0,
    "activities": []
  },
  {
    "userPrincipalName": "n.geleta@lcwmail.com",
    "fileName": "Microsoft Teams Chat Files",
    "itemId": "01OTLZPEAPWVCYYCWHBFCY6YGDO25RMGK5",
    "isFolder": true,
    "fileType": "folder",
    "fileSizeBytes": "N/A",
    "lastModified": "2022-11-15T16:30:51Z",
    "lastModifiedBy": "Nassise Geleta",
    "extractedAt": "2025-04-08T22:03:23.052866",
    "activityCount": 0,
    "activities": []
  },
  {
    "userPrincipalName": "n.geleta@lcwmail.com",
    "fileName": "Pictures",
    "itemId": "01OTLZPEDET65OWY46PJH3E5OANNNIQPF4",
    "isFolder": true,
    "fileType": "folder",
    "fileSizeBytes": "N/A",
    "lastModified": "2022-06-28T22:59:27Z",
    "lastModifiedBy": "Nassise Geleta",
    "extractedAt": "2025-04-08T22:03:23.986448",
    "activityCount": 0,
    "activities": []
  },
  {
    "userPrincipalName": "n.geleta@lcwmail.com",
    "fileName": "Recordings",
    "itemId": "01OTLZPEAEGQ47NOQR2ZFZUD444BTP246C",
    "isFolder": true,
    "fileType": "folder",
    "fileSizeBytes": "N/A",
    "lastModified": "2023-05-01T14:56:37Z",
    "lastModifiedBy": "Nassise Geleta",
    "extractedAt": "2025-04-08T22:03:24.939068",
    "activityCount": 1,
    "activities": [
      {
        "activityId": "MKwQkc5520gtissLAAAAAA==",
        "actionType": "delete",
        "performedBy": "Nassise Geleta",
        "userPrincipalName": "n.geleta@lcwmail.com",
        "email": "n.geleta@lcwmail.com",
        "timestamp": "2023-07-01T01:00:30Z"
      }
    ]
  },
  {
    "userPrincipalName": "n.geleta@lcwmail.com",
    "fileName": "030823_ VoiceoverScripts-carasmatic_NGedits.xlsx",
    "itemId": "01OTLZPEB54RXCSHA3E5EYDVA7E6LUBSZN",
    "isFolder": false,
    "fileType": "application/vnd.openxmlformats-officedocument.spreadsheetml.sheet",
    "fileSizeBytes": 18891,
    "lastModified": "2023-03-08T21:41:49Z",
    "lastModifiedBy": "Nassise Geleta",
    "extractedAt": "2025-04-08T22:03:26.076603",
    "activityCount": 0,
    "activities": []
  },
  {
    "userPrincipalName": "n.geleta@lcwmail.com",
    "fileName": "0901LIchat.docx",
    "itemId": "01OTLZPEAKSPRABPEWDNCLVFBIUHVGEKIO",
    "isFolder": false,
    "fileType": "application/vnd.openxmlformats-officedocument.wordprocessingml.document",
    "fileSizeBytes": 12759,
    "lastModified": "2022-09-07T19:04:42Z",
    "lastModifiedBy": "Nassise Geleta",
    "extractedAt": "2025-04-08T22:03:26.929775",
    "activityCount": 0,
    "activities": []
  },
  {
    "userPrincipalName": "n.geleta@lcwmail.com",
    "fileName": "A 4.docx",
    "itemId": "01OTLZPEEFOWK44KZ5YVD26JAH5M6SHTJ4",
    "isFolder": false,
    "fileType": "application/vnd.openxmlformats-officedocument.wordprocessingml.document",
    "fileSizeBytes": 14034,
    "lastModified": "2022-08-25T19:19:25Z",
    "lastModifiedBy": "Nassise Geleta",
    "extractedAt": "2025-04-08T22:03:27.771906",
    "activityCount": 0,
    "activities": []
  },
  {
    "userPrincipalName": "n.geleta@lcwmail.com",
    "fileName": "AAPI_Allyship.pdf",
    "itemId": "01OTLZPEAW6G2WFTYEDRAZXNHRFWDK5HFM",
    "isFolder": false,
    "fileType": "application/pdf",
    "fileSizeBytes": 75191,
    "lastModified": "2023-05-12T17:16:33Z",
    "lastModifiedBy": "Nassise Geleta",
    "extractedAt": "2025-04-08T22:03:28.613570",
    "activityCount": 0,
    "activities": []
  },
  {
    "userPrincipalName": "n.geleta@lcwmail.com",
    "fileName": "Alpharetta notes.docx",
    "itemId": "01OTLZPEEWQUBGD2YMHJB3CG3ZRK4K3ZHJ",
    "isFolder": false,
    "fileType": "application/vnd.openxmlformats-officedocument.wordprocessingml.document",
    "fileSizeBytes": 16764,
    "lastModified": "2023-03-07T21:58:10Z",
    "lastModifiedBy": "Nassise Geleta",
    "extractedAt": "2025-04-08T22:03:29.379495",
    "activityCount": 0,
    "activities": []
  },
  {
    "userPrincipalName": "n.geleta@lcwmail.com",
    "fileName": "APPI_Timeline_Voya.docx",
    "itemId": "01OTLZPEAYKTD5526ROJEJLTUQZI7GWCFH",
    "isFolder": false,
    "fileType": "application/vnd.openxmlformats-officedocument.wordprocessingml.document",
    "fileSizeBytes": 18804,
    "lastModified": "2023-04-24T17:51:57Z",
    "lastModifiedBy": "Nassise Geleta",
    "extractedAt": "2025-04-08T22:03:30.269385",
    "activityCount": 0,
    "activities": []
  },
  {
    "userPrincipalName": "n.geleta@lcwmail.com",
    "fileName": "bio_CW.pdf",
    "itemId": "01OTLZPEHSKUSYNJCTSFDJYX4L2XOHHR7F",
    "isFolder": false,
    "fileType": "application/pdf",
    "fileSizeBytes": 99391,
    "lastModified": "2023-05-17T20:09:06Z",
    "lastModifiedBy": "Nassise Geleta",
    "extractedAt": "2025-04-08T22:03:31.085872",
    "activityCount": 0,
    "activities": []
  },
  {
    "userPrincipalName": "n.geleta@lcwmail.com",
    "fileName": "BSC CHECK IN.docx",
    "itemId": "01OTLZPEG6FIQWRBM325BJ7PJMWH736QFF",
    "isFolder": false,
    "fileType": "application/vnd.openxmlformats-officedocument.wordprocessingml.document",
    "fileSizeBytes": 14584,
    "lastModified": "2022-07-21T19:11:17Z",
    "lastModifiedBy": "Nassise Geleta",
    "extractedAt": "2025-04-08T22:03:31.943471",
    "activityCount": 0,
    "activities": []
  },
  {
    "userPrincipalName": "n.geleta@lcwmail.com",
    "fileName": "BSCtracker2023.xlsx",
    "itemId": "01OTLZPEFNDMFVYDKEDFAIYNFY3JODW6T6",
    "isFolder": false,
    "fileType": "application/vnd.openxmlformats-officedocument.spreadsheetml.sheet",
    "fileSizeBytes": 650954,
    "lastModified": "2023-02-14T18:28:31Z",
    "lastModifiedBy": "Nassise Geleta",
    "extractedAt": "2025-04-08T22:03:32.856667",
    "activityCount": 0,
    "activities": []
  },
  {
    "userPrincipalName": "n.geleta@lcwmail.com",
    "fileName": "Chemtrade Feedback.docx",
    "itemId": "01OTLZPEEVTDQL6HWJHNF2I3UNXIE63Y4A",
    "isFolder": false,
    "fileType": "application/vnd.openxmlformats-officedocument.wordprocessingml.document",
    "fileSizeBytes": 109001,
    "lastModified": "2022-09-29T23:29:41Z",
    "lastModifiedBy": "Nassise Geleta",
    "extractedAt": "2025-04-08T22:03:33.852805",
    "activityCount": 0,
    "activities": []
  },
  {
    "userPrincipalName": "n.geleta@lcwmail.com",
    "fileName": "CI80Session.xlsx",
    "itemId": "01OTLZPEB25IGQQIP2KZBIR7OGGZJUZGJT",
    "isFolder": false,
    "fileType": "application/vnd.openxmlformats-officedocument.spreadsheetml.sheet",
    "fileSizeBytes": 12205,
    "lastModified": "2023-02-23T18:19:35Z",
    "lastModifiedBy": "Nassise Geleta",
    "extractedAt": "2025-04-08T22:03:34.804424",
    "activityCount": 0,
    "activities": []
  },
  {
    "userPrincipalName": "n.geleta@lcwmail.com",
    "fileName": "Codeswitching, research.docx",
    "itemId": "01OTLZPEFFX6V3QFPFQNCZNO6UCEDM2WOM",
    "isFolder": false,
    "fileType": "application/vnd.openxmlformats-officedocument.wordprocessingml.document",
    "fileSizeBytes": 20141,
    "lastModified": "2022-07-28T16:01:40Z",
    "lastModifiedBy": "Nassise Geleta",
    "extractedAt": "2025-04-08T22:03:35.740988",
    "activityCount": 0,
    "activities": []
  },
  {
    "userPrincipalName": "n.geleta@lcwmail.com",
    "fileName": "data.xlsx",
    "itemId": "01OTLZPEFLB7C7SF6TFNC2UIEPAE37ZI7C",
    "isFolder": false,
    "fileType": "application/vnd.openxmlformats-officedocument.spreadsheetml.sheet",
    "fileSizeBytes": 24163608,
    "lastModified": "2022-08-29T20:59:54Z",
    "lastModifiedBy": "Nassise Geleta",
    "extractedAt": "2025-04-08T22:03:36.801397",
    "activityCount": 0,
    "activities": []
  },
  {
    "userPrincipalName": "n.geleta@lcwmail.com",
    "fileName": "DEI notes and trends prepared for Chemtrade.docx",
    "itemId": "01OTLZPEDZDIOIH45F3VEYFBNXVUWS3ZQF",
    "isFolder": false,
    "fileType": "application/vnd.openxmlformats-officedocument.wordprocessingml.document",
    "fileSizeBytes": 29254,
    "lastModified": "2023-02-16T23:03:04Z",
    "lastModifiedBy": "Nassise Geleta",
    "extractedAt": "2025-04-08T22:03:37.727084",
    "activityCount": 0,
    "activities": []
  },
  {
    "userPrincipalName": "n.geleta@lcwmail.com",
    "fileName": "Germany Resources.docx",
    "itemId": "01OTLZPEB7BNP27CLNB5G2J65O6MNIQT7H",
    "isFolder": false,
    "fileType": "application/vnd.openxmlformats-officedocument.wordprocessingml.document",
    "fileSizeBytes": 98632,
    "lastModified": "2022-11-18T18:56:20Z",
    "lastModifiedBy": "Nassise Geleta",
    "extractedAt": "2025-04-08T22:03:38.695960",
    "activityCount": 0,
    "activities": []
  },
  {
    "userPrincipalName": "n.geleta@lcwmail.com",
    "fileName": "GroupMAnalysisNGv1.docx",
    "itemId": "01OTLZPEA5P7ZFM6LRSJBIR5CX7AWJ2M6P",
    "isFolder": false,
    "fileType": "application/vnd.openxmlformats-officedocument.wordprocessingml.document",
    "fileSizeBytes": 25844,
    "lastModified": "2022-09-08T17:58:25Z",
    "lastModifiedBy": "Nassise Geleta",
    "extractedAt": "2025-04-08T22:03:39.630187",
    "activityCount": 0,
    "activities": []
  },
  {
    "userPrincipalName": "n.geleta@lcwmail.com",
    "fileName": "Headlines.brazil.canada.AAPI.docx",
    "itemId": "01OTLZPEGIJGN3ZUBFHRELCJCWKAD2QGCB",
    "isFolder": false,
    "fileType": "application/vnd.openxmlformats-officedocument.wordprocessingml.document",
    "fileSizeBytes": 149053,
    "lastModified": "2023-04-18T19:07:17Z",
    "lastModifiedBy": "Nassise Geleta",
    "extractedAt": "2025-04-08T22:03:40.609257",
    "activityCount": 0,
    "activities": []
  },
  {
    "userPrincipalName": "n.geleta@lcwmail.com",
    "fileName": "JTI POlls.docx",
    "itemId": "01OTLZPEFEGHTSSJAYPVFLWKVDX77R4VLL",
    "isFolder": false,
    "fileType": "application/vnd.openxmlformats-officedocument.wordprocessingml.document",
    "fileSizeBytes": 18483,
    "lastModified": "2022-11-29T19:03:15Z",
    "lastModifiedBy": "Nassise Geleta",
    "extractedAt": "2025-04-08T22:03:41.488110",
    "activityCount": 0,
    "activities": []
  },
  {
    "userPrincipalName": "n.geleta@lcwmail.com",
    "fileName": "LGBTQ+_tittleslide.pdf",
    "itemId": "01OTLZPEBK5JALKBWSCJCZWNERM7AGMFNI",
    "isFolder": false,
    "fileType": "application/pdf",
    "fileSizeBytes": 271632,
    "lastModified": "2023-05-23T14:10:31Z",
    "lastModifiedBy": "Nassise Geleta",
    "extractedAt": "2025-04-08T22:03:42.440605",
    "activityCount": 0,
    "activities": []
  },
  {
    "userPrincipalName": "n.geleta@lcwmail.com",
    "fileName": "LGBTQ+_tittleslide.pptx",
    "itemId": "01OTLZPEBUUXKPTRXW7NEZWKRAFPCDQV4V",
    "isFolder": false,
    "fileType": "application/vnd.openxmlformats-officedocument.presentationml.presentation",
    "fileSizeBytes": 19079050,
    "lastModified": "2023-05-23T14:09:42Z",
    "lastModifiedBy": "Nassise Geleta",
    "extractedAt": "2025-04-08T22:03:43.326441",
    "activityCount": 0,
    "activities": []
  },
  {
    "userPrincipalName": "n.geleta@lcwmail.com",
    "fileName": "LGBTQSpotlight.pdf",
    "itemId": "01OTLZPEGIULFRUYM6NNAYH4XJJEILUCF4",
    "isFolder": false,
    "fileType": "application/pdf",
    "fileSizeBytes": 313123,
    "lastModified": "2023-04-26T14:49:39Z",
    "lastModifiedBy": "Nassise Geleta",
    "extractedAt": "2025-04-08T22:03:44.262951",
    "activityCount": 0,
    "activities": []
  },
  {
    "userPrincipalName": "n.geleta@lcwmail.com",
    "fileName": "MidYearCoaching Tracker_20230606.xlsx",
    "itemId": "01OTLZPECV2LGF2JKLUJC2NJFYYXADSEVB",
    "isFolder": false,
    "fileType": "application/vnd.openxmlformats-officedocument.spreadsheetml.sheet",
    "fileSizeBytes": 5637674,
    "lastModified": "2023-06-06T20:01:53Z",
    "lastModifiedBy": "Nassise Geleta",
    "extractedAt": "2025-04-08T22:03:45.106574",
    "activityCount": 0,
    "activities": []
  },
  {
    "userPrincipalName": "n.geleta@lcwmail.com",
    "fileName": "Nassise @ LCW",
    "itemId": "01OTLZPEGK7DC6DHUEWBDJC2BPLFYYKHYC",
    "isFolder": true,
    "fileType": "folder",
    "fileSizeBytes": "N/A",
    "lastModified": "2022-07-13T16:21:48Z",
    "lastModifiedBy": "Nassise Geleta",
    "extractedAt": "2025-04-08T22:03:45.948593",
    "activityCount": 0,
    "activities": []
  },
  {
    "userPrincipalName": "n.geleta@lcwmail.com",
    "fileName": "PA - Brian Schroeder.docx",
    "itemId": "01OTLZPEB7VRHC7L655VCKBNGMSHETXVJP",
    "isFolder": false,
    "fileType": "application/vnd.openxmlformats-officedocument.wordprocessingml.document",
    "fileSizeBytes": 389502,
    "lastModified": "2022-08-12T13:42:03Z",
    "lastModifiedBy": "Nassise Geleta",
    "extractedAt": "2025-04-08T22:03:47.143151",
    "activityCount": 0,
    "activities": []
  },
  {
    "userPrincipalName": "n.geleta@lcwmail.com",
    "fileName": "PA - Brian Schroeder.pdf",
    "itemId": "01OTLZPECZKPKQIE7O35BIJTH3HZSWS7X7",
    "isFolder": false,
    "fileType": "application/pdf",
    "fileSizeBytes": 117800,
    "lastModified": "2022-08-12T13:46:06Z",
    "lastModifiedBy": "Nassise Geleta",
    "extractedAt": "2025-04-08T22:03:48.013548",
    "activityCount": 0,
    "activities": []
  },
  {
    "userPrincipalName": "n.geleta@lcwmail.com",
    "fileName": "PA_A.Vargas_NBCU_TT.pdf",
    "itemId": "01OTLZPEAKLP2SEJJTHJFLS2DS3S5V4WXS",
    "isFolder": false,
    "fileType": "application/pdf",
    "fileSizeBytes": 121193,
    "lastModified": "2023-02-21T18:57:18Z",
    "lastModifiedBy": "Nassise Geleta",
    "extractedAt": "2025-04-08T22:03:48.916726",
    "activityCount": 0,
    "activities": []
  },
  {
    "userPrincipalName": "n.geleta@lcwmail.com",
    "fileName": "PING_Execsession .pptx",
    "itemId": "01OTLZPECH5O5L4JQ52JC3TMPGXB2DHJJL",
    "isFolder": false,
    "fileType": "application/vnd.openxmlformats-officedocument.presentationml.presentation",
    "fileSizeBytes": 6661775,
    "lastModified": "2023-02-24T17:05:33Z",
    "lastModifiedBy": "Nassise Geleta",
    "extractedAt": "2025-04-08T22:03:49.877377",
    "activityCount": 0,
    "activities": []
  },
  {
    "userPrincipalName": "n.geleta@lcwmail.com",
    "fileName": "Prudential BCI and Spotlight Attendance 10.11 - 19.xlsx",
    "itemId": "01OTLZPEBT5SDIW7K4SFBIOBCULN2EHTDQ",
    "isFolder": false,
    "fileType": "application/vnd.openxmlformats-officedocument.spreadsheetml.sheet",
    "fileSizeBytes": 14719,
    "lastModified": "2022-10-20T17:49:22Z",
    "lastModifiedBy": "Nassise Geleta",
    "extractedAt": "2025-04-08T22:03:50.821163",
    "activityCount": 0,
    "activities": []
  },
  {
    "userPrincipalName": "n.geleta@lcwmail.com",
    "fileName": "Prudential Detailed Schedule.xlsx",
    "itemId": "01OTLZPEHHIJ7GRZTUHFDZLTHJGVRV23AC",
    "isFolder": false,
    "fileType": "application/vnd.openxmlformats-officedocument.spreadsheetml.sheet",
    "fileSizeBytes": 58068,
    "lastModified": "2022-07-27T22:48:01Z",
    "lastModifiedBy": "Nassise Geleta",
    "extractedAt": "2025-04-08T22:03:51.800372",
    "activityCount": 0,
    "activities": []
  },
  {
    "userPrincipalName": "n.geleta@lcwmail.com",
    "fileName": "PrudentialBCI&SpotlightSchedule.v2.xlsx",
    "itemId": "01OTLZPECIKBRARW7VTBHJUTUV4LXYOG4F",
    "isFolder": false,
    "fileType": "application/vnd.openxmlformats-officedocument.spreadsheetml.sheet",
    "fileSizeBytes": 15960,
    "lastModified": "2022-08-16T21:11:37Z",
    "lastModifiedBy": "Nassise Geleta",
    "extractedAt": "2025-04-08T22:03:52.797422",
    "activityCount": 0,
    "activities": []
  },
  {
    "userPrincipalName": "n.geleta@lcwmail.com",
    "fileName": "PrudentialBCI&SpotlightSchedule.v8.xlsx",
    "itemId": "01OTLZPEB4PXM4BUFQOBDZKVV75QBMMEF6",
    "isFolder": false,
    "fileType": "application/vnd.openxmlformats-officedocument.spreadsheetml.sheet",
    "fileSizeBytes": 17078,
    "lastModified": "2022-12-07T15:26:00Z",
    "lastModifiedBy": "Nassise Geleta",
    "extractedAt": "2025-04-08T22:03:53.727364",
    "activityCount": 0,
    "activities": []
  },
  {
    "userPrincipalName": "n.geleta@lcwmail.com",
    "fileName": "research.docx",
    "itemId": "01OTLZPEDO4QGTIPBXTZALNVLYJADGRYN6",
    "isFolder": false,
    "fileType": "application/vnd.openxmlformats-officedocument.wordprocessingml.document",
    "fileSizeBytes": 18203,
    "lastModified": "2022-09-29T16:26:39Z",
    "lastModifiedBy": "Nassise Geleta",
    "extractedAt": "2025-04-08T22:03:54.555218",
    "activityCount": 0,
    "activities": []
  },
  {
    "userPrincipalName": "n.geleta@lcwmail.com",
    "fileName": "Richemont Global IDI Project Gantt.xlsx",
    "itemId": "01OTLZPEBUIHGBX7VF4ZAJTY3JSKKU6KFP",
    "isFolder": false,
    "fileType": "application/vnd.openxmlformats-officedocument.spreadsheetml.sheet",
    "fileSizeBytes": 34070,
    "lastModified": "2023-06-13T17:13:49Z",
    "lastModifiedBy": "Nassise Geleta",
    "extractedAt": "2025-04-08T22:03:55.311609",
    "activityCount": 0,
    "activities": []
  },
  {
    "userPrincipalName": "n.geleta@lcwmail.com",
    "fileName": "Richemont IDI Project Overview.pdf",
    "itemId": "01OTLZPECOCADW7SONPVEZAKYOZZTLT3YV",
    "isFolder": false,
    "fileType": "application/pdf",
    "fileSizeBytes": 461416,
    "lastModified": "2023-06-02T19:05:20Z",
    "lastModifiedBy": "Nassise Geleta",
    "extractedAt": "2025-04-08T22:03:56.145341",
    "activityCount": 0,
    "activities": []
  },
  {
    "userPrincipalName": "n.geleta@lcwmail.com",
    "fileName": "Richemont IDI Project.pptx",
    "itemId": "01OTLZPEFC7EW2RL54QFAI27QKGPZFYT6O",
    "isFolder": false,
    "fileType": "application/vnd.openxmlformats-officedocument.presentationml.presentation",
    "fileSizeBytes": 14788425,
    "lastModified": "2023-06-02T17:29:08Z",
    "lastModifiedBy": "Nassise Geleta",
    "extractedAt": "2025-04-08T22:03:57.021613",
    "activityCount": 0,
    "activities": []
  },
  {
    "userPrincipalName": "n.geleta@lcwmail.com",
    "fileName": "timeline.pptx",
    "itemId": "01OTLZPEFSFE5WJYTPUVHYU2DY3DJCJARJ",
    "isFolder": false,
    "fileType": "application/vnd.openxmlformats-officedocument.presentationml.presentation",
    "fileSizeBytes": 49615,
    "lastModified": "2023-03-24T15:03:44Z",
    "lastModifiedBy": "Nassise Geleta",
    "extractedAt": "2025-04-08T22:03:57.799766",
    "activityCount": 0,
    "activities": []
  },
  {
    "userPrincipalName": "n.geleta@lcwmail.com",
    "fileName": "UPDATED. Roster-Conscious-Inclusion-64-2PM-CET-8AM-ET-US-FinalU.xlsx",
    "itemId": "01OTLZPEGB33EMBF75IZGYQBF5MK6YYY3T",
    "isFolder": false,
    "fileType": "application/vnd.openxmlformats-officedocument.spreadsheetml.sheet",
    "fileSizeBytes": 22915,
    "lastModified": "2023-02-10T23:02:19Z",
    "lastModifiedBy": "Nassise Geleta",
    "extractedAt": "2025-04-08T22:03:58.585323",
    "activityCount": 0,
    "activities": []
  },
  {
    "userPrincipalName": "n.geleta@lcwmail.com",
    "fileName": "UTLE poll questions .docx",
    "itemId": "01OTLZPECTMKOMYMHTTZFJAYE55RELZ7NQ",
    "isFolder": false,
    "fileType": "application/vnd.openxmlformats-officedocument.wordprocessingml.document",
    "fileSizeBytes": 19772,
    "lastModified": "2022-08-30T16:53:41Z",
    "lastModifiedBy": "Nassise Geleta",
    "extractedAt": "2025-04-08T22:03:59.399003",
    "activityCount": 0,
    "activities": []
  }
]