[
  {
    "userPrincipalName": "m.schingen@lcwmail.com",
    "fileName": "Microsoft Teams Chat Files",
    "itemId": "01HX3QI2YCPJ3OULNC6FG3FMGKD5CINSY2",
    "isFolder": true,
    "fileType": "folder",
    "fileSizeBytes": "N/A",
    "lastModified": "2021-06-16T18:03:23Z",
    "lastModifiedBy": "Maxel Schingen",
    "extractedAt": "2025-04-08T22:03:17.398066",
    "activityCount": 0,
    "activities": []
  },
  {
    "userPrincipalName": "m.schingen@lcwmail.com",
    "fileName": "(6.21)UpdatedMaxel Schingen Timesheet.xlsx",
    "itemId": "01HX3QI24HHXUNULSHF5BIL3AYDZTNXY6U",
    "isFolder": false,
    "fileType": "application/vnd.openxmlformats-officedocument.spreadsheetml.sheet",
    "fileSizeBytes": 101176,
    "lastModified": "2021-07-07T15:09:30Z",
    "lastModifiedBy": "Maxel Schingen",
    "extractedAt": "2025-04-08T22:03:18.292917",
    "activityCount": 0,
    "activities": []
  },
  {
    "userPrincipalName": "m.schingen@lcwmail.com",
    "fileName": "(6.7) UpdatedMaxel Schingen Timesheet.xlsx",
    "itemId": "01HX3QI27IGM3GZJV3VRF2B7H7BNWLTWUE",
    "isFolder": false,
    "fileType": "application/vnd.openxmlformats-officedocument.spreadsheetml.sheet",
    "fileSizeBytes": 83568,
    "lastModified": "2021-06-14T14:04:32Z",
    "lastModifiedBy": "Maxel Schingen",
    "extractedAt": "2025-04-08T22:03:19.239952",
    "activityCount": 0,
    "activities": []
  },
  {
    "userPrincipalName": "m.schingen@lcwmail.com",
    "fileName": "(7.12) Updated Maxel Schingen Timesheet'.xlsx",
    "itemId": "01HX3QI25FA3EOP47W75F3ZJ46LKT7NTFJ",
    "isFolder": false,
    "fileType": "application/vnd.openxmlformats-officedocument.spreadsheetml.sheet",
    "fileSizeBytes": 118864,
    "lastModified": "2021-07-27T15:59:32Z",
    "lastModifiedBy": "Maxel Schingen",
    "extractedAt": "2025-04-08T22:03:20.172780",
    "activityCount": 0,
    "activities": []
  },
  {
    "userPrincipalName": "m.schingen@lcwmail.com",
    "fileName": "(8.9) Updated Maxel Schingen Timesheet.xlsx",
    "itemId": "01HX3QI25C75SCIDHGCNB2LN6QCAYNCE6I",
    "isFolder": false,
    "fileType": "application/vnd.openxmlformats-officedocument.spreadsheetml.sheet",
    "fileSizeBytes": 136442,
    "lastModified": "2021-08-13T17:21:47Z",
    "lastModifiedBy": "Maxel Schingen",
    "extractedAt": "2025-04-08T22:03:21.045753",
    "activityCount": 1,
    "activities": [
      {
        "activityId": "kPwb1H5e2UhqD8oGAAAAAA==",
        "actionType": "rename",
        "performedBy": "Maxel Schingen",
        "userPrincipalName": "m.schingen@lcwmail.com",
        "email": "m.schingen@lcwmail.com",
        "timestamp": "2021-08-13T17:21:46Z"
      }
    ]
  },
  {
    "userPrincipalName": "m.schingen@lcwmail.com",
    "fileName": "5.20 Kiska Higgs Interview.docx",
    "itemId": "01HX3QI26WYBY3HTFW45ALIJ7G6PHXQMUQ",
    "isFolder": false,
    "fileType": "application/vnd.openxmlformats-officedocument.wordprocessingml.document",
    "fileSizeBytes": 32504,
    "lastModified": "2021-05-27T15:14:08Z",
    "lastModifiedBy": "Maxel Schingen",
    "extractedAt": "2025-04-08T22:03:21.903527",
    "activityCount": 0,
    "activities": []
  },
  {
    "userPrincipalName": "m.schingen@lcwmail.com",
    "fileName": "6.14UpdatedMaxel Schingen Timesheet.xlsx",
    "itemId": "01HX3QI22C2DOADPBN2JELGWVZFMJXZHQ4",
    "isFolder": false,
    "fileType": "application/vnd.openxmlformats-officedocument.spreadsheetml.sheet",
    "fileSizeBytes": 89409,
    "lastModified": "2021-06-22T14:47:52Z",
    "lastModifiedBy": "Maxel Schingen",
    "extractedAt": "2025-04-08T22:03:22.788993",
    "activityCount": 0,
    "activities": []
  },
  {
    "userPrincipalName": "m.schingen@lcwmail.com",
    "fileName": "Associate Consultant Assignments.xlsx",
    "itemId": "01HX3QI2ZIP3WCOVAC4FFLY7E6CKQPTGGS",
    "isFolder": false,
    "fileType": "application/vnd.openxmlformats-officedocument.spreadsheetml.sheet",
    "fileSizeBytes": 28573,
    "lastModified": "2021-05-13T20:23:35Z",
    "lastModifiedBy": "Maxel Schingen",
    "extractedAt": "2025-04-08T22:03:23.760665",
    "activityCount": 0,
    "activities": []
  },
  {
    "userPrincipalName": "m.schingen@lcwmail.com",
    "fileName": "Bio.docx",
    "itemId": "01HX3QI222KQ5R4MS2ZZBLWOPFEMSKYI6M",
    "isFolder": false,
    "fileType": "application/vnd.openxmlformats-officedocument.wordprocessingml.document",
    "fileSizeBytes": 21666,
    "lastModified": "2021-05-18T17:41:11Z",
    "lastModifiedBy": "Maxel Schingen",
    "extractedAt": "2025-04-08T22:03:24.612300",
    "activityCount": 0,
    "activities": []
  },
  {
    "userPrincipalName": "m.schingen@lcwmail.com",
    "fileName": "Chicago People Presentation.pptx",
    "itemId": "01HX3QI26HQFWMPDQRKRCKW3APTJS3TXPG",
    "isFolder": false,
    "fileType": "application/vnd.openxmlformats-officedocument.presentationml.presentation",
    "fileSizeBytes": 10169286,
    "lastModified": "2021-06-09T12:59:07Z",
    "lastModifiedBy": "Maxel Schingen",
    "extractedAt": "2025-04-08T22:03:25.524244",
    "activityCount": 0,
    "activities": []
  },
  {
    "userPrincipalName": "m.schingen@lcwmail.com",
    "fileName": "Hall of Highlights Template.pdf",
    "itemId": "01HX3QI25QITV24JK5XVELEG6GZTBOBGAJ",
    "isFolder": false,
    "fileType": "application/pdf",
    "fileSizeBytes": 55672,
    "lastModified": "2021-07-07T14:59:49Z",
    "lastModifiedBy": "Maxel Schingen",
    "extractedAt": "2025-04-08T22:03:26.409025",
    "activityCount": 0,
    "activities": []
  },
  {
    "userPrincipalName": "m.schingen@lcwmail.com",
    "fileName": "Hall of Highlights Template.pub",
    "itemId": "01HX3QI2YOFT6AKJGW7ZBKCXK6PJAWIQE5",
    "isFolder": false,
    "fileType": "application/x-mspublisher",
    "fileSizeBytes": 113152,
    "lastModified": "2021-07-07T14:59:28Z",
    "lastModifiedBy": "Maxel Schingen",
    "extractedAt": "2025-04-08T22:03:27.304548",
    "activityCount": 0,
    "activities": []
  },
  {
    "userPrincipalName": "m.schingen@lcwmail.com",
    "fileName": "IMUB Accent Transitions.docx",
    "itemId": "01HX3QI24HY24CKODYHBA3VKH2QTOX75RB",
    "isFolder": false,
    "fileType": "application/vnd.openxmlformats-officedocument.wordprocessingml.document",
    "fileSizeBytes": 1334964,
    "lastModified": "2021-07-15T16:45:55Z",
    "lastModifiedBy": "Maxel Schingen",
    "extractedAt": "2025-04-08T22:03:28.131201",
    "activityCount": 0,
    "activities": []
  },
  {
    "userPrincipalName": "m.schingen@lcwmail.com",
    "fileName": "Internship Self-Assessment 2021.docx",
    "itemId": "01HX3QI25R2MX625J2FRCI3HZXVLCZO4RN",
    "isFolder": false,
    "fileType": "application/vnd.openxmlformats-officedocument.wordprocessingml.document",
    "fileSizeBytes": 39919,
    "lastModified": "2021-07-13T18:11:39Z",
    "lastModifiedBy": "Maxel Schingen",
    "extractedAt": "2025-04-08T22:03:28.951617",
    "activityCount": 0,
    "activities": []
  },
  {
    "userPrincipalName": "m.schingen@lcwmail.com",
    "fileName": "Jose 60 Day Project Interview.xlsx",
    "itemId": "01HX3QI25K3V6TTSF55RG3LTODOOYWJVTT",
    "isFolder": false,
    "fileType": "application/vnd.openxmlformats-officedocument.spreadsheetml.sheet",
    "fileSizeBytes": 12073,
    "lastModified": "2021-07-09T15:44:01Z",
    "lastModifiedBy": "Maxel Schingen",
    "extractedAt": "2025-04-08T22:03:29.755082",
    "activityCount": 0,
    "activities": []
  },
  {
    "userPrincipalName": "m.schingen@lcwmail.com",
    "fileName": "July Meet up notes.docx",
    "itemId": "01HX3QI2YP4ZLNOHNSZJH2VUNAFPJUDIQM",
    "isFolder": false,
    "fileType": "application/vnd.openxmlformats-officedocument.wordprocessingml.document",
    "fileSizeBytes": 21922,
    "lastModified": "2021-06-10T18:17:13Z",
    "lastModifiedBy": "Maxel Schingen",
    "extractedAt": "2025-04-08T22:03:30.774150",
    "activityCount": 0,
    "activities": []
  },
  {
    "userPrincipalName": "m.schingen@lcwmail.com",
    "fileName": "July Meetup FAQs.docx",
    "itemId": "01HX3QI234Z66P3CS7IBALKTZZUDZ65OUC",
    "isFolder": false,
    "fileType": "application/vnd.openxmlformats-officedocument.wordprocessingml.document",
    "fileSizeBytes": 14934,
    "lastModified": "2021-06-14T22:06:25Z",
    "lastModifiedBy": "Maxel Schingen",
    "extractedAt": "2025-04-08T22:03:31.800481",
    "activityCount": 0,
    "activities": []
  },
  {
    "userPrincipalName": "m.schingen@lcwmail.com",
    "fileName": "LCW websites and resources.docx",
    "itemId": "01HX3QI223FN3ZD4NSKFDIGQCD35PKULRO",
    "isFolder": false,
    "fileType": "application/vnd.openxmlformats-officedocument.wordprocessingml.document",
    "fileSizeBytes": 22890,
    "lastModified": "2021-06-07T21:59:18Z",
    "lastModifiedBy": "Maxel Schingen",
    "extractedAt": "2025-04-08T22:03:32.763435",
    "activityCount": 0,
    "activities": []
  },
  {
    "userPrincipalName": "m.schingen@lcwmail.com",
    "fileName": "Margie Cohn Interview Notes.docx",
    "itemId": "01HX3QI26Y7HYCVGGWLVDLTLIZCZKJAUNQ",
    "isFolder": false,
    "fileType": "application/vnd.openxmlformats-officedocument.wordprocessingml.document",
    "fileSizeBytes": 33431,
    "lastModified": "2021-05-25T15:59:34Z",
    "lastModifiedBy": "Maxel Schingen",
    "extractedAt": "2025-04-08T22:03:33.702465",
    "activityCount": 0,
    "activities": []
  },
  {
    "userPrincipalName": "m.schingen@lcwmail.com",
    "fileName": "Maxel @ LCW",
    "itemId": "01HX3QI23P2MS2YLY6JZH2HVEWMJ67LXRZ",
    "isFolder": true,
    "fileType": "folder",
    "fileSizeBytes": "N/A",
    "lastModified": "2021-05-12T13:59:16Z",
    "lastModifiedBy": "Maxel Schingen",
    "extractedAt": "2025-04-08T22:03:34.681359",
    "activityCount": 0,
    "activities": []
  },
  {
    "userPrincipalName": "m.schingen@lcwmail.com",
    "fileName": "Podcast SOP.pptx",
    "itemId": "01HX3QI2ZATEVXWCG2XVFIVZ46J32AVAJK",
    "isFolder": false,
    "fileType": "application/vnd.openxmlformats-officedocument.presentationml.presentation",
    "fileSizeBytes": 9016745,
    "lastModified": "2021-08-12T16:21:46Z",
    "lastModifiedBy": "Maxel Schingen",
    "extractedAt": "2025-04-08T22:03:35.742363",
    "activityCount": 0,
    "activities": []
  },
  {
    "userPrincipalName": "m.schingen@lcwmail.com",
    "fileName": "Questions from ALL STAFF Meeting Ada and max.docx",
    "itemId": "01HX3QI22GKN5TIB7WXRF2XD4TVR4EXHAU",
    "isFolder": false,
    "fileType": "application/vnd.openxmlformats-officedocument.wordprocessingml.document",
    "fileSizeBytes": 14826,
    "lastModified": "2021-06-24T15:41:53Z",
    "lastModifiedBy": "Maxel Schingen",
    "extractedAt": "2025-04-08T22:03:36.734797",
    "activityCount": 0,
    "activities": []
  },
  {
    "userPrincipalName": "m.schingen@lcwmail.com",
    "fileName": "Rough notes on July Meetup - Max.pdf",
    "itemId": "01HX3QI27EMOSSUE3PERF3RD2XZVJCXWTY",
    "isFolder": false,
    "fileType": "application/pdf",
    "fileSizeBytes": 111120,
    "lastModified": "2021-06-10T18:16:25Z",
    "lastModifiedBy": "Maxel Schingen",
    "extractedAt": "2025-04-08T22:03:37.579033",
    "activityCount": 0,
    "activities": []
  },
  {
    "userPrincipalName": "m.schingen@lcwmail.com",
    "fileName": "UpdatedMaxel Schingen Timesheet.xlsx",
    "itemId": "01HX3QI2Z6CGM5IWXQLJE223CRJNJYUHXK",
    "isFolder": false,
    "fileType": "application/vnd.openxmlformats-officedocument.spreadsheetml.sheet",
    "fileSizeBytes": 95299,
    "lastModified": "2021-06-28T14:54:37Z",
    "lastModifiedBy": "Maxel Schingen",
    "extractedAt": "2025-04-08T22:03:38.575111",
    "activityCount": 0,
    "activities": []
  },
  {
    "userPrincipalName": "m.schingen@lcwmail.com",
    "fileName": "WEEKLY STATUS REPORT_MAX (5.18).xlsx",
    "itemId": "01HX3QI2ZQCCOAZYHEOFFZODXRUKVC24VD",
    "isFolder": false,
    "fileType": "application/vnd.openxmlformats-officedocument.spreadsheetml.sheet",
    "fileSizeBytes": 43311,
    "lastModified": "2021-06-01T16:44:53Z",
    "lastModifiedBy": "Maxel Schingen",
    "extractedAt": "2025-04-08T22:03:39.515850",
    "activityCount": 0,
    "activities": []
  },
  {
    "userPrincipalName": "m.schingen@lcwmail.com",
    "fileName": "WEEKLY STATUS REPORT_MAX (6.1).xlsx",
    "itemId": "01HX3QI26GLUAR7ULT6BDJBINKYCSWEG4U",
    "isFolder": false,
    "fileType": "application/vnd.openxmlformats-officedocument.spreadsheetml.sheet",
    "fileSizeBytes": 31565,
    "lastModified": "2021-06-07T13:51:29Z",
    "lastModifiedBy": "Maxel Schingen",
    "extractedAt": "2025-04-08T22:03:40.521947",
    "activityCount": 0,
    "activities": []
  }
]