[
  {
    "userPrincipalName": "m.murcia@lcwmail.com",
    "fileName": "Attachments",
    "itemId": "01UPN5UH7GGYAP5PDPDRA2GPNKWDEQOGCC",
    "isFolder": true,
    "fileType": "folder",
    "fileSizeBytes": "N/A",
    "lastModified": "2023-07-01T17:03:55Z",
    "lastModifiedBy": "Michelle Murcia",
    "extractedAt": "2025-04-08T22:03:12.293594",
    "activityCount": 0,
    "activities": []
  },
  {
    "userPrincipalName": "m.murcia@lcwmail.com",
    "fileName": "Microsoft Teams Chat Files",
    "itemId": "01UPN5UH7QCXYY6V53AFEZSUXMNDD74GMF",
    "isFolder": true,
    "fileType": "folder",
    "fileSizeBytes": "N/A",
    "lastModified": "2023-04-10T22:00:29Z",
    "lastModifiedBy": "Michelle Murcia",
    "extractedAt": "2025-04-08T22:03:13.110335",
    "activityCount": 1,
    "activities": [
      {
        "activityId": "QNtilsmS20jhOPkLAAAAAA==",
        "actionType": "share",
        "performedBy": "Michelle Murcia",
        "userPrincipalName": "m.murcia@lcwmail.com",
        "email": "m.murcia@lcwmail.com",
        "timestamp": "2023-08-01T19:57:51Z"
      }
    ]
  },
  {
    "userPrincipalName": "m.murcia@lcwmail.com",
    "fileName": "Copy of Controller Scorecard 2023-Final Round.xlsx",
    "itemId": "01UPN5UH5HBOYN4KG7YZE2B6EHHWCG7DFR",
    "isFolder": false,
    "fileType": "application/vnd.openxmlformats-officedocument.spreadsheetml.sheet",
    "fileSizeBytes": 25110,
    "lastModified": "2023-06-16T19:43:08Z",
    "lastModifiedBy": "Michelle Murcia",
    "extractedAt": "2025-04-08T22:03:14.000606",
    "activityCount": 0,
    "activities": []
  }
]