[
  {
    "userPrincipalName": "j.pieczynski@lcwmail.com",
    "fileName": "Apps",
    "itemId": "013OWQ6X57HXXWROJMWFDLRAF3A5HOHXFS",
    "isFolder": true,
    "fileType": "folder",
    "fileSizeBytes": "N/A",
    "lastModified": "2023-07-11T18:39:02Z",
    "lastModifiedBy": "Jake Pieczynski",
    "extractedAt": "2025-04-08T22:02:47.578970",
    "activityCount": 0,
    "activities": []
  },
  {
    "userPrincipalName": "j.pieczynski@lcwmail.com",
    "fileName": "Attachments",
    "itemId": "013OWQ6X4A2G56JR3QXNCYKLKAODYXVSPV",
    "isFolder": true,
    "fileType": "folder",
    "fileSizeBytes": "N/A",
    "lastModified": "2023-04-10T13:46:08Z",
    "lastModifiedBy": "Jake Pieczynski",
    "extractedAt": "2025-04-08T22:02:48.605157",
    "activityCount": 0,
    "activities": []
  },
  {
    "userPrincipalName": "j.pieczynski@lcwmail.com",
    "fileName": "Desktop",
    "itemId": "013OWQ6X4R4DDZAXLCINDZRVTHEFUEJHBZ",
    "isFolder": true,
    "fileType": "folder",
    "fileSizeBytes": "N/A",
    "lastModified": "2021-08-18T17:59:10Z",
    "lastModifiedBy": "Jake Pieczynski",
    "extractedAt": "2025-04-08T22:02:49.615489",
    "activityCount": 0,
    "activities": []
  },
  {
    "userPrincipalName": "j.pieczynski@lcwmail.com",
    "fileName": "Documents",
    "itemId": "013OWQ6XZPGC2SLCJL6FCLJAQLPXNTUUIF",
    "isFolder": true,
    "fileType": "folder",
    "fileSizeBytes": "N/A",
    "lastModified": "2021-08-18T17:59:10Z",
    "lastModifiedBy": "Jake Pieczynski",
    "extractedAt": "2025-04-08T22:02:50.572127",
    "activityCount": 0,
    "activities": []
  },
  {
    "userPrincipalName": "j.pieczynski@lcwmail.com",
    "fileName": "For GSK Review",
    "itemId": "013OWQ6XYPEEUTOO5OBFGY7Y6LUCDGEVWP",
    "isFolder": true,
    "fileType": "folder",
    "fileSizeBytes": "N/A",
    "lastModified": "2022-05-11T13:30:15Z",
    "lastModifiedBy": "Jake Pieczynski",
    "extractedAt": "2025-04-08T22:02:51.511828",
    "activityCount": 0,
    "activities": []
  },
  {
    "userPrincipalName": "j.pieczynski@lcwmail.com",
    "fileName": "Microsoft Teams Chat Files",
    "itemId": "013OWQ6X6ASEUWRRGMHFFK6D4NVXDJ56PX",
    "isFolder": true,
    "fileType": "folder",
    "fileSizeBytes": "N/A",
    "lastModified": "2021-09-27T18:38:44Z",
    "lastModifiedBy": "Jake Pieczynski",
    "extractedAt": "2025-04-08T22:02:52.393407",
    "activityCount": 0,
    "activities": []
  },
  {
    "userPrincipalName": "j.pieczynski@lcwmail.com",
    "fileName": "Microsoft Teams Data",
    "itemId": "013OWQ6X7WU6LWYNVADNAK6JJWPZCSHNMP",
    "isFolder": true,
    "fileType": "folder",
    "fileSizeBytes": "N/A",
    "lastModified": "2022-09-21T15:18:06Z",
    "lastModifiedBy": "Jake Pieczynski",
    "extractedAt": "2025-04-08T22:02:53.153454",
    "activityCount": 0,
    "activities": []
  },
  {
    "userPrincipalName": "j.pieczynski@lcwmail.com",
    "fileName": "Pictures",
    "itemId": "013OWQ6X6WU4APHQJJCBDZLH42ZPND3NOA",
    "isFolder": true,
    "fileType": "folder",
    "fileSizeBytes": "N/A",
    "lastModified": "2021-08-18T17:59:11Z",
    "lastModifiedBy": "Jake Pieczynski",
    "extractedAt": "2025-04-08T22:02:54.087321",
    "activityCount": 0,
    "activities": []
  },
  {
    "userPrincipalName": "j.pieczynski@lcwmail.com",
    "fileName": "Recordings",
    "itemId": "013OWQ6X6KPVVGU6ISYVF2FGRQA3LJ7RC5",
    "isFolder": true,
    "fileType": "folder",
    "fileSizeBytes": "N/A",
    "lastModified": "2021-09-02T15:22:44Z",
    "lastModifiedBy": "Jake Pieczynski",
    "extractedAt": "2025-04-08T22:02:55.002574",
    "activityCount": 1,
    "activities": [
      {
        "activityId": "kKC1jCOy20geHksMAAAAAA==",
        "actionType": "delete",
        "performedBy": "Jake Pieczynski",
        "userPrincipalName": "j.pieczynski@lcwmail.com",
        "email": "j.pieczynski@lcwmail.com",
        "timestamp": "2023-09-10T17:29:55Z"
      }
    ]
  },
  {
    "userPrincipalName": "j.pieczynski@lcwmail.com",
    "fileName": "Stock Images for Shannon",
    "itemId": "013OWQ6X6V5RJM2SLRGRE3MRIR6PO7FZ3A",
    "isFolder": true,
    "fileType": "folder",
    "fileSizeBytes": "N/A",
    "lastModified": "2022-08-16T21:01:00Z",
    "lastModifiedBy": "Jake Pieczynski",
    "extractedAt": "2025-04-08T22:02:55.860241",
    "activityCount": 0,
    "activities": []
  },
  {
    "userPrincipalName": "j.pieczynski@lcwmail.com",
    "fileName": "Aflac Article_Edits_V2.docx",
    "itemId": "013OWQ6XZYDOS4AEBQAJBKHA5WPEZ2NIUU",
    "isFolder": false,
    "fileType": "application/vnd.openxmlformats-officedocument.wordprocessingml.document",
    "fileSizeBytes": 127836,
    "lastModified": "2023-03-02T20:59:32Z",
    "lastModifiedBy": "Jake Pieczynski",
    "extractedAt": "2025-04-08T22:02:56.738121",
    "activityCount": 0,
    "activities": []
  },
  {
    "userPrincipalName": "j.pieczynski@lcwmail.com",
    "fileName": "Book.xlsx",
    "itemId": "013OWQ6XZEHZHYM74KP5E3PEWVO5LYFVAG",
    "isFolder": false,
    "fileType": "application/vnd.openxmlformats-officedocument.spreadsheetml.sheet",
    "fileSizeBytes": 0,
    "lastModified": "2022-05-05T16:42:28Z",
    "lastModifiedBy": "Jake Pieczynski",
    "extractedAt": "2025-04-08T22:02:57.613915",
    "activityCount": 0,
    "activities": []
  },
  {
    "userPrincipalName": "j.pieczynski@lcwmail.com",
    "fileName": "Book1.xlsx",
    "itemId": "013OWQ6X55MSJZCBOPCJB3LWLBXBIPGK2A",
    "isFolder": false,
    "fileType": "application/vnd.openxmlformats-officedocument.spreadsheetml.sheet",
    "fileSizeBytes": 8017,
    "lastModified": "2022-10-31T17:47:42Z",
    "lastModifiedBy": "Jake Pieczynski",
    "extractedAt": "2025-04-08T22:02:58.470725",
    "activityCount": 0,
    "activities": []
  },
  {
    "userPrincipalName": "j.pieczynski@lcwmail.com",
    "fileName": "CMS Launch Communications Plan.docx",
    "itemId": "013OWQ6XZWPR46GO2IDJE2W7NEIIYOLT77",
    "isFolder": false,
    "fileType": "application/vnd.openxmlformats-officedocument.wordprocessingml.document",
    "fileSizeBytes": 17606,
    "lastModified": "2023-05-10T21:39:16Z",
    "lastModifiedBy": "Jake Pieczynski",
    "extractedAt": "2025-04-08T22:02:59.348950",
    "activityCount": 0,
    "activities": []
  },
  {
    "userPrincipalName": "j.pieczynski@lcwmail.com",
    "fileName": "Communications Associate Job Documents_Auto Save_V2.docx",
    "itemId": "013OWQ6X6MYBQRI4VDCVFY3ROSUQZXRDKQ",
    "isFolder": false,
    "fileType": "application/vnd.openxmlformats-officedocument.wordprocessingml.document",
    "fileSizeBytes": 55069,
    "lastModified": "2022-05-10T12:57:38Z",
    "lastModifiedBy": "Jake Pieczynski",
    "extractedAt": "2025-04-08T22:03:00.194271",
    "activityCount": 0,
    "activities": []
  },
  {
    "userPrincipalName": "j.pieczynski@lcwmail.com",
    "fileName": "Feb 17 22_Monica Jake Agenda..docx",
    "itemId": "013OWQ6XYB4YUCP53A75DIJ4BLRK76XRFY",
    "isFolder": false,
    "fileType": "application/vnd.openxmlformats-officedocument.wordprocessingml.document",
    "fileSizeBytes": 25159,
    "lastModified": "2022-02-17T20:07:21Z",
    "lastModifiedBy": "Jake Pieczynski",
    "extractedAt": "2025-04-08T22:03:00.993676",
    "activityCount": 0,
    "activities": []
  },
  {
    "userPrincipalName": "j.pieczynski@lcwmail.com",
    "fileName": "Jacob @ LCW",
    "itemId": "013OWQ6XZVRJ7PK6GC6ZGYGMX5UGQU6JWI",
    "isFolder": true,
    "fileType": "folder",
    "fileSizeBytes": "N/A",
    "lastModified": "2022-07-26T14:35:37Z",
    "lastModifiedBy": "Jake Pieczynski",
    "extractedAt": "2025-04-08T22:03:01.876698",
    "activityCount": 0,
    "activities": []
  },
  {
    "userPrincipalName": "j.pieczynski@lcwmail.com",
    "fileName": "My Notebook @ LCW",
    "itemId": "013OWQ6X3VUIK5SA2YZ5G2ZQYKKHYVC7BA",
    "isFolder": true,
    "fileType": "folder",
    "fileSizeBytes": "N/A",
    "lastModified": "2022-07-26T14:31:27Z",
    "lastModifiedBy": "Jake Pieczynski",
    "extractedAt": "2025-04-08T22:03:02.708465",
    "activityCount": 0,
    "activities": []
  },
  {
    "userPrincipalName": "j.pieczynski@lcwmail.com",
    "fileName": "November Social Planning Copy 2.docx",
    "itemId": "013OWQ6X6MX35XZVGWWVDLNDN6EGSV4N6G",
    "isFolder": false,
    "fileType": "application/vnd.openxmlformats-officedocument.wordprocessingml.document",
    "fileSizeBytes": 34602,
    "lastModified": "2021-12-09T14:37:33Z",
    "lastModifiedBy": "Jake Pieczynski",
    "extractedAt": "2025-04-08T22:03:03.494854",
    "activityCount": 0,
    "activities": []
  },
  {
    "userPrincipalName": "j.pieczynski@lcwmail.com",
    "fileName": "Q1_22 Episode Planning_V2 Update.docx",
    "itemId": "013OWQ6XY6A5ZY557R7RE36REN6RKQVF7I",
    "isFolder": false,
    "fileType": "application/vnd.openxmlformats-officedocument.wordprocessingml.document",
    "fileSizeBytes": 28174,
    "lastModified": "2021-12-13T19:36:33Z",
    "lastModifiedBy": "Jake Pieczynski",
    "extractedAt": "2025-04-08T22:03:04.534661",
    "activityCount": 0,
    "activities": []
  },
  {
    "userPrincipalName": "j.pieczynski@lcwmail.com",
    "fileName": "SCI Model One Pager Copy_V3_3.18.docx",
    "itemId": "013OWQ6X7XRDHQUMQN6ZDJRPTVUTDSHW5N",
    "isFolder": false,
    "fileType": "application/vnd.openxmlformats-officedocument.wordprocessingml.document",
    "fileSizeBytes": 21622,
    "lastModified": "2022-03-25T19:37:11Z",
    "lastModifiedBy": "Jake Pieczynski",
    "extractedAt": "2025-04-08T22:03:05.353729",
    "activityCount": 0,
    "activities": []
  },
  {
    "userPrincipalName": "j.pieczynski@lcwmail.com",
    "fileName": "SEO Improvement Plan Outline.docx",
    "itemId": "013OWQ6X3X4ESPM4BCPNHKMULK7PSKAX24",
    "isFolder": false,
    "fileType": "application/vnd.openxmlformats-officedocument.wordprocessingml.document",
    "fileSizeBytes": 36723,
    "lastModified": "2022-03-04T21:54:50Z",
    "lastModifiedBy": "Jake Pieczynski",
    "extractedAt": "2025-04-08T22:03:06.235578",
    "activityCount": 0,
    "activities": []
  },
  {
    "userPrincipalName": "j.pieczynski@lcwmail.com",
    "fileName": "US History of Anti-Asian Racism (002).png",
    "itemId": "013OWQ6XYGOT2DEDJ675AIMCILNVHF4N3T",
    "isFolder": false,
    "fileType": "image/png",
    "fileSizeBytes": 59883,
    "lastModified": "2023-05-10T21:39:17Z",
    "lastModifiedBy": "Jake Pieczynski",
    "extractedAt": "2025-04-08T22:03:07.041381",
    "activityCount": 0,
    "activities": []
  }
]