[
  {
    "userPrincipalName": "z.allerding@lcwmail.com",
    "fileName": "Microsoft Teams Chat Files",
    "itemId": "01SYVKPYBRQV2MI66Z2BEY7CTWRJVPXWAR",
    "isFolder": true,
    "fileType": "folder",
    "fileSizeBytes": "N/A",
    "lastModified": "2020-11-19T14:46:19Z",
    "lastModifiedBy": "Zoe A",
    "extractedAt": "2025-04-08T22:04:04.108303",
    "activityCount": 0,
    "activities": []
  },
  {
    "userPrincipalName": "z.allerding@lcwmail.com",
    "fileName": "Microsoft Teams Data",
    "itemId": "01SYVKPYHCJVRJGAFTIBDIAE44QWTGFMPR",
    "isFolder": true,
    "fileType": "folder",
    "fileSizeBytes": "N/A",
    "lastModified": "2021-01-19T18:47:48Z",
    "lastModifiedBy": "Zoe A",
    "extractedAt": "2025-04-08T22:04:04.963641",
    "activityCount": 0,
    "activities": []
  },
  {
    "userPrincipalName": "z.allerding@lcwmail.com",
    "fileName": "Recordings",
    "itemId": "01SYVKPYHHYKZQZP4X7ZFLG7QQHJY2AF7N",
    "isFolder": true,
    "fileType": "folder",
    "fileSizeBytes": "N/A",
    "lastModified": "2021-12-14T19:28:44Z",
    "lastModifiedBy": "Zoe A",
    "extractedAt": "2025-04-08T22:04:05.818472",
    "activityCount": 0,
    "activities": []
  },
  {
    "userPrincipalName": "z.allerding@lcwmail.com",
    "fileName": "LCW Training Catalog Overview_ 2021 for L'Oreal.pdf",
    "itemId": "01SYVKPYCDM37YAOTMJREIGFAODGS5FTV6",
    "isFolder": false,
    "fileType": "application/pdf",
    "fileSizeBytes": 3404970,
    "lastModified": "2021-08-24T19:02:46Z",
    "lastModifiedBy": "Zoe A",
    "extractedAt": "2025-04-08T22:04:06.643511",
    "activityCount": 0,
    "activities": []
  },
  {
    "userPrincipalName": "z.allerding@lcwmail.com",
    "fileName": "Zoe @ LCW",
    "itemId": "01SYVKPYCNR3P2XL5JR5FJ6J57CVSYT4EH",
    "isFolder": true,
    "fileType": "folder",
    "fileSizeBytes": "N/A",
    "lastModified": "2021-04-21T14:09:57Z",
    "lastModifiedBy": "Zoe A",
    "extractedAt": "2025-04-08T22:04:07.475561",
    "activityCount": 0,
    "activities": []
  }
]