[
  {
    "userPrincipalName": "m.johnson@lcwmail.com",
    "fileName": "Desktop",
    "itemId": "01ODU3PS67EPYO7BTZENAK6MQ2CQB7GIRO",
    "isFolder": true,
    "fileType": "folder",
    "fileSizeBytes": "N/A",
    "lastModified": "2022-03-30T20:42:06Z",
    "lastModifiedBy": "Melonya Johnson",
    "extractedAt": "2025-04-08T22:03:11.077700",
    "activityCount": 0,
    "activities": []
  },
  {
    "userPrincipalName": "m.johnson@lcwmail.com",
    "fileName": "Documents",
    "itemId": "01ODU3PS3M2552THRXERF2O73PW62AMJKR",
    "isFolder": true,
    "fileType": "folder",
    "fileSizeBytes": "N/A",
    "lastModified": "2022-03-30T20:42:06Z",
    "lastModifiedBy": "Melonya Johnson",
    "extractedAt": "2025-04-08T22:03:11.931092",
    "activityCount": 0,
    "activities": []
  },
  {
    "userPrincipalName": "m.johnson@lcwmail.com",
    "fileName": "Microsoft Teams Chat Files",
    "itemId": "01ODU3PSZ2TNOKGWUZAZFZIEGLDW7FO4DO",
    "isFolder": true,
    "fileType": "folder",
    "fileSizeBytes": "N/A",
    "lastModified": "2022-06-29T21:16:35Z",
    "lastModifiedBy": "Melonya Johnson",
    "extractedAt": "2025-04-08T22:03:12.807696",
    "activityCount": 0,
    "activities": []
  },
  {
    "userPrincipalName": "m.johnson@lcwmail.com",
    "fileName": "Microsoft Teams Data",
    "itemId": "01ODU3PS4ERXTUE6ZXZNAKI4NGKQDXPZCD",
    "isFolder": true,
    "fileType": "folder",
    "fileSizeBytes": "N/A",
    "lastModified": "2022-05-11T17:59:56Z",
    "lastModifiedBy": "Melonya Johnson",
    "extractedAt": "2025-04-08T22:03:13.708822",
    "activityCount": 0,
    "activities": []
  },
  {
    "userPrincipalName": "m.johnson@lcwmail.com",
    "fileName": "Pictures",
    "itemId": "01ODU3PS32Z3V26OAF6RAI4QEV4EGOXSZO",
    "isFolder": true,
    "fileType": "folder",
    "fileSizeBytes": "N/A",
    "lastModified": "2022-03-30T20:42:06Z",
    "lastModifiedBy": "Melonya Johnson",
    "extractedAt": "2025-04-08T22:03:14.513243",
    "activityCount": 0,
    "activities": []
  },
  {
    "userPrincipalName": "m.johnson@lcwmail.com",
    "fileName": "Recordings",
    "itemId": "01ODU3PSZDONDJVFCXRRD2T2WV3EPKUXAH",
    "isFolder": true,
    "fileType": "folder",
    "fileSizeBytes": "N/A",
    "lastModified": "2022-05-06T15:42:16Z",
    "lastModifiedBy": "Melonya Johnson",
    "extractedAt": "2025-04-08T22:03:15.539347",
    "activityCount": 1,
    "activities": [
      {
        "activityId": "cIuCf/fq2kiKVpUKAAAAAA==",
        "actionType": "delete",
        "performedBy": "Jeffrey Cookson",
        "userPrincipalName": "j.cookson@lcwmail.com",
        "email": "j.cookson@lcwmail.com",
        "timestamp": "2022-12-31T06:23:14Z"
      }
    ]
  },
  {
    "userPrincipalName": "m.johnson@lcwmail.com",
    "fileName": "Book1.xlsx",
    "itemId": "01ODU3PSYMRB4GTEMODVFZA75I3UW7F3W6",
    "isFolder": false,
    "fileType": "application/vnd.openxmlformats-officedocument.spreadsheetml.sheet",
    "fileSizeBytes": 10829,
    "lastModified": "2022-05-02T17:14:03Z",
    "lastModifiedBy": "Melonya Johnson",
    "extractedAt": "2025-04-08T22:03:16.402903",
    "activityCount": 0,
    "activities": []
  }
]