[
  {
    "userPrincipalName": "alisa.kolodizner@lcwmail.com",
    "fileName": "Apps",
    "itemId": "013WFXSPORAJ5GGWM3TZCJ7AAERHRRUOAX",
    "isFolder": true,
    "fileType": "folder",
    "fileSizeBytes": "N/A",
    "lastModified": "2024-08-01T19:05:21Z",
    "lastModifiedBy": "Alisa Kolodizner",
    "extractedAt": "2025-04-08T22:04:31.314100",
    "activityCount": 0,
    "activities": []
  },
  {
    "userPrincipalName": "alisa.kolodizner@lcwmail.com",
    "fileName": "Attachments",
    "itemId": "013WFXSPLVNNVBWINBDFELUZPRFDQ3TQKO",
    "isFolder": true,
    "fileType": "folder",
    "fileSizeBytes": "N/A",
    "lastModified": "2024-08-03T02:59:07Z",
    "lastModifiedBy": "Alisa Kolodizner",
    "extractedAt": "2025-04-08T22:04:32.231795",
    "activityCount": 0,
    "activities": []
  },
  {
    "userPrincipalName": "alisa.kolodizner@lcwmail.com",
    "fileName": "Microsoft Copilot Chat Files",
    "itemId": "013WFXSPJTOQDTRKGKXND2GVNH2FG3D5IC",
    "isFolder": true,
    "fileType": "folder",
    "fileSizeBytes": "N/A",
    "lastModified": "2024-12-06T15:18:21Z",
    "lastModifiedBy": "Alisa Kolodizner",
    "extractedAt": "2025-04-08T22:04:33.028354",
    "activityCount": 0,
    "activities": []
  },
  {
    "userPrincipalName": "alisa.kolodizner@lcwmail.com",
    "fileName": "Book.xlsx",
    "itemId": "013WFXSPOUR7R2PEMKXNCZJC4FWHDREEFR",
    "isFolder": false,
    "fileType": "application/vnd.openxmlformats-officedocument.spreadsheetml.sheet",
    "fileSizeBytes": 6344,
    "lastModified": "2025-01-06T10:43:34Z",
    "lastModifiedBy": "Alisa Kolodizner",
    "extractedAt": "2025-04-08T22:04:33.816609",
    "activityCount": 0,
    "activities": []
  },
  {
    "userPrincipalName": "alisa.kolodizner@lcwmail.com",
    "fileName": "CFF 1.xlsx",
    "itemId": "013WFXSPL66FLVKZYKUVHZWQQYSBG4ZWDD",
    "isFolder": false,
    "fileType": "application/vnd.openxmlformats-officedocument.spreadsheetml.sheet",
    "fileSizeBytes": 20674,
    "lastModified": "2025-01-10T16:24:15Z",
    "lastModifiedBy": "Alisa Kolodizner",
    "extractedAt": "2025-04-08T22:04:34.596981",
    "activityCount": 0,
    "activities": []
  },
  {
    "userPrincipalName": "alisa.kolodizner@lcwmail.com",
    "fileName": "CFF 2.xlsx",
    "itemId": "013WFXSPKZMAEATNO3C5FL4GPU4TINOUDL",
    "isFolder": false,
    "fileType": "application/vnd.openxmlformats-officedocument.spreadsheetml.sheet",
    "fileSizeBytes": 20674,
    "lastModified": "2025-01-10T16:24:35Z",
    "lastModifiedBy": "Alisa Kolodizner",
    "extractedAt": "2025-04-08T22:04:35.390839",
    "activityCount": 0,
    "activities": []
  },
  {
    "userPrincipalName": "alisa.kolodizner@lcwmail.com",
    "fileName": "CFF.xlsx",
    "itemId": "013WFXSPJVHI3H4ZSIWRCZGDTZ263YO5I5",
    "isFolder": false,
    "fileType": "application/vnd.openxmlformats-officedocument.spreadsheetml.sheet",
    "fileSizeBytes": 20674,
    "lastModified": "2025-01-10T16:23:52Z",
    "lastModifiedBy": "Alisa Kolodizner",
    "extractedAt": "2025-04-08T22:04:36.240841",
    "activityCount": 0,
    "activities": []
  },
  {
    "userPrincipalName": "alisa.kolodizner@lcwmail.com",
    "fileName": "CommVal list link flows etc.xlsx",
    "itemId": "013WFXSPLEBY5ILG75WVB2O4CNOM3UNN5D",
    "isFolder": false,
    "fileType": "application/vnd.openxmlformats-officedocument.spreadsheetml.sheet",
    "fileSizeBytes": 7991,
    "lastModified": "2025-01-22T20:32:47Z",
    "lastModifiedBy": "Alisa Kolodizner",
    "extractedAt": "2025-04-08T22:04:37.306402",
    "activityCount": 0,
    "activities": []
  },
  {
    "userPrincipalName": "alisa.kolodizner@lcwmail.com",
    "fileName": "Debugging Notes.docx",
    "itemId": "013WFXSPMNF3ELYZWI3FFLWTL3RHMXR5XM",
    "isFolder": false,
    "fileType": "application/vnd.openxmlformats-officedocument.wordprocessingml.document",
    "fileSizeBytes": 218000,
    "lastModified": "2024-12-26T16:12:16Z",
    "lastModifiedBy": "Alisa Kolodizner",
    "extractedAt": "2025-04-08T22:04:38.105679",
    "activityCount": 0,
    "activities": []
  },
  {
    "userPrincipalName": "alisa.kolodizner@lcwmail.com",
    "fileName": "New Conection list to powerbi.pbix",
    "itemId": "013WFXSPJJXDIER6L2PND2M3XVRCJ674BS",
    "isFolder": false,
    "fileType": "application/octet-stream",
    "fileSizeBytes": 142539,
    "lastModified": "2024-12-20T12:52:36Z",
    "lastModifiedBy": "Alisa Kolodizner",
    "extractedAt": "2025-04-08T22:04:38.910392",
    "activityCount": 0,
    "activities": []
  },
  {
    "userPrincipalName": "alisa.kolodizner@lcwmail.com",
    "fileName": "Proposed Meeting Rythm.xlsx",
    "itemId": "013WFXSPMV5LMANV4ETJH3RRO2PPZURQC5",
    "isFolder": false,
    "fileType": "application/vnd.openxmlformats-officedocument.spreadsheetml.sheet",
    "fileSizeBytes": 15752,
    "lastModified": "2024-10-17T12:06:25Z",
    "lastModifiedBy": "Alisa Kolodizner",
    "extractedAt": "2025-04-08T22:04:39.738247",
    "activityCount": 0,
    "activities": []
  },
  {
    "userPrincipalName": "alisa.kolodizner@lcwmail.com",
    "fileName": "Quickbook & Scoro OLD.xlsx",
    "itemId": "013WFXSPK6IU7MBFFZQBFJA3S2E66CU227",
    "isFolder": false,
    "fileType": "application/vnd.openxmlformats-officedocument.spreadsheetml.sheet",
    "fileSizeBytes": 101090,
    "lastModified": "2024-12-08T12:46:00Z",
    "lastModifiedBy": "Alisa Kolodizner",
    "extractedAt": "2025-04-08T22:04:40.524832",
    "activityCount": 0,
    "activities": []
  },
  {
    "userPrincipalName": "alisa.kolodizner@lcwmail.com",
    "fileName": "SC_invoices.xlsx",
    "itemId": "013WFXSPMUX6K2CQLPBRGZCPLJEVZKUUL5",
    "isFolder": false,
    "fileType": "application/vnd.openxmlformats-officedocument.spreadsheetml.sheet",
    "fileSizeBytes": 13960,
    "lastModified": "2025-01-02T19:00:23Z",
    "lastModifiedBy": "Alisa Kolodizner",
    "extractedAt": "2025-04-08T22:04:41.351868",
    "activityCount": 0,
    "activities": []
  },
  {
    "userPrincipalName": "alisa.kolodizner@lcwmail.com",
    "fileName": "SC_receipts(2).xlsx",
    "itemId": "013WFXSPKKWVHAMVVLHZAYLFTYK5UDJTNW",
    "isFolder": false,
    "fileType": "application/vnd.openxmlformats-officedocument.spreadsheetml.sheet",
    "fileSizeBytes": 12369,
    "lastModified": "2025-01-07T16:36:39Z",
    "lastModifiedBy": "Alisa Kolodizner",
    "extractedAt": "2025-04-08T22:04:42.140887",
    "activityCount": 0,
    "activities": []
  }
]